Date,SPY,IEF,TLT
1993-01-29,24.053524017333984,,
1993-02-01,24.224611282348633,,
1993-02-02,24.275922775268555,,
1993-02-03,24.532554626464844,,
1993-02-04,24.63517951965332,,
1993-02-05,24.618083953857422,,
1993-02-08,24.618083953857422,,
1993-02-09,24.446996688842773,,
1993-02-10,24.481224060058594,,
1993-02-11,24.60097885131836,,
1993-02-12,24.41280174255371,,
1993-02-16,23.796911239624023,,
1993-02-17,23.779809951782227,,
1993-02-18,23.762706756591797,,
1993-02-19,23.848234176635742,,
1993-02-22,23.93378257751465,,
1993-02-23,23.916671752929688,,
1993-02-24,24.224611282348633,,
1993-02-25,24.275922775268555,,
1993-02-26,24.31015396118164,,
1993-03-01,24.241718292236328,,
1993-03-02,24.60097885131836,,
1993-03-03,24.703643798828125,,
1993-03-04,24.566762924194336,,
1993-03-05,24.498321533203125,,
1993-03-08,25.04579734802246,,
1993-03-09,24.960248947143555,,
1993-03-10,25.011566162109375,,
1993-03-11,24.943134307861328,,
1993-03-12,24.6865177154541,,
1993-03-15,24.8062801361084,,
1993-03-16,24.8062801361084,,
1993-03-17,24.652305603027344,,
1993-03-18,24.8062801361084,,
1993-03-19,24.768741607666016,,
1993-03-22,24.6312255859375,,
1993-03-23,24.68279457092285,,
1993-03-24,24.68279457092285,,
1993-03-25,24.83748435974121,,
1993-03-26,24.699981689453125,,
1993-03-29,24.803115844726562,,
1993-03-30,24.871856689453125,,
1993-03-31,24.854671478271484,,
1993-04-01,24.768741607666016,,
1993-04-02,24.25306510925293,,
1993-04-05,24.37339210510254,,
1993-04-06,24.304636001586914,,
1993-04-07,24.39057731628418,,
1993-04-08,24.3562068939209,,
1993-04-12,24.699981689453125,,
1993-04-13,24.75153160095215,,
1993-04-14,24.717164993286133,,
1993-04-15,24.717164993286133,,
1993-04-16,24.717164993286133,,
1993-04-19,24.614028930664062,,
1993-04-20,24.49370574951172,,
1993-04-21,24.476531982421875,,
1993-04-22,24.167125701904297,,
1993-04-23,24.064001083374023,,
1993-04-26,23.874940872192383,,
1993-04-27,24.132762908935547,,
1993-04-28,24.081192016601562,,
1993-04-29,24.18431282043457,,
1993-04-30,24.21869468688965,,
1993-05-03,24.37339210510254,,
1993-05-04,24.4593505859375,,
1993-05-05,24.528095245361328,,
1993-05-06,24.44215202331543,,
1993-05-07,24.39057731628418,,
1993-05-10,24.44215202331543,,
1993-05-11,24.54527473449707,,
1993-05-12,24.510906219482422,,
1993-05-13,24.21869468688965,,
1993-05-14,24.201509475708008,,
1993-05-17,24.287458419799805,,
1993-05-18,24.270265579223633,,
1993-05-19,24.768741607666016,,
1993-05-20,24.83748435974121,,
1993-05-21,24.614028930664062,,
1993-05-24,24.717164993286133,,
1993-05-25,24.768741607666016,,
1993-05-26,25.0781307220459,,
1993-05-27,24.992185592651367,,
1993-05-28,24.871856689453125,,
1993-06-01,25.11248779296875,,
1993-06-02,25.0781307220459,,
1993-06-03,24.992185592651367,,
1993-06-04,24.906238555908203,,
1993-06-07,24.820310592651367,,
1993-06-08,24.596847534179688,,
1993-06-09,24.68279457092285,,
1993-06-10,24.699981689453125,,
1993-06-11,24.803115844726562,,
1993-06-14,24.768741607666016,,
1993-06-15,24.717164993286133,,
1993-06-16,24.768741607666016,,
1993-06-17,24.854671478271484,,
1993-06-18,24.649999618530273,,
1993-06-21,24.701932907104492,,
1993-06-22,24.71923065185547,,
1993-06-23,24.49420928955078,,
1993-06-24,24.823110580444336,,
1993-06-25,24.8057918548584,,
1993-06-28,25.08275604248047,,
1993-06-29,24.96156883239746,,
1993-06-30,24.96156883239746,,
1993-07-01,24.892335891723633,,
1993-07-02,24.753873825073242,,
1993-07-06,24.49420928955078,,
1993-07-07,24.563438415527344,,
1993-07-08,24.840396881103516,,
1993-07-09,24.909645080566406,,
1993-07-12,24.892335891723633,,
1993-07-13,24.875032424926758,,
1993-07-14,24.96156883239746,,
1993-07-15,24.857730865478516,,
1993-07-16,24.788471221923828,,
1993-07-19,24.77116584777832,,
1993-07-20,24.840396881103516,,
1993-07-21,24.823110580444336,,
1993-07-22,24.649999618530273,,
1993-07-23,24.77116584777832,,
1993-07-26,24.909645080566406,,
1993-07-27,24.892335891723633,,
1993-07-28,24.840396881103516,,
1993-07-29,24.97890281677246,,
1993-07-30,24.840396881103516,,
1993-08-02,24.909645080566406,,
1993-08-03,24.92694664001465,,
1993-08-04,24.92694664001465,,
1993-08-05,24.875032424926758,,
1993-08-06,24.909645080566406,,
1993-08-09,25.048126220703125,,
1993-08-10,25.030826568603516,,
1993-08-11,25.030826568603516,,
1993-08-12,24.96156883239746,,
1993-08-13,24.99622344970703,,
1993-08-16,25.13467788696289,,
1993-08-17,25.221242904663086,,
1993-08-18,25.359729766845703,,
1993-08-19,25.359729766845703,,
1993-08-20,25.377023696899414,,
1993-08-23,25.325098037719727,,
1993-08-24,25.602075576782227,,
1993-08-25,25.61937141418457,,
1993-08-26,25.63667869567871,,
1993-08-27,25.61937141418457,,
1993-08-30,25.72325325012207,,
1993-08-31,25.79250717163086,,
1993-09-01,25.757869720458984,,
1993-09-02,25.67131805419922,,
1993-09-03,25.688613891601562,,
1993-09-07,25.515522003173828,,
1993-09-08,25.428956985473633,,
1993-09-09,25.480899810791016,,
1993-09-10,25.705928802490234,,
1993-09-13,25.72325325012207,,
1993-09-14,25.61937141418457,,
1993-09-15,25.688613891601562,,
1993-09-16,25.584762573242188,,
1993-09-17,25.535146713256836,,
1993-09-20,25.32613182067871,,
1993-09-21,25.23904800415039,,
1993-09-22,25.448043823242188,,
1993-09-23,25.587400436401367,,
1993-09-24,25.51774024963379,,
1993-09-27,25.79640769958496,,
1993-09-28,25.744176864624023,,
1993-09-29,25.65707015991211,,
1993-09-30,25.604827880859375,,
1993-10-01,25.72675323486328,,
1993-10-04,25.76158905029297,,
1993-10-05,25.72675323486328,,
1993-10-06,25.709331512451172,,
1993-10-07,25.639671325683594,,
1993-10-08,25.67450714111328,,
1993-10-11,25.72675323486328,,
1993-10-12,25.76158905029297,,
1993-10-13,25.76158905029297,,
1993-10-14,26.092548370361328,,
1993-10-15,26.23188018798828,,
1993-10-18,26.162200927734375,,
1993-10-19,25.970605850219727,,
1993-10-20,26.005447387695312,,
1993-10-21,25.970605850219727,,
1993-10-22,25.84867286682129,,
1993-10-25,25.918359756469727,,
1993-10-26,25.900936126708984,,
1993-10-27,25.918359756469727,,
1993-10-28,26.109939575195312,,
1993-10-29,26.109939575195312,,
1993-11-01,26.17963218688965,,
1993-11-02,26.162200927734375,,
1993-11-03,25.831270217895508,,
1993-11-04,25.552574157714844,,
1993-11-05,25.67450714111328,,
1993-11-08,25.709331512451172,,
1993-11-09,25.72675323486328,,
1993-11-10,25.918359756469727,,
1993-11-11,25.84867286682129,,
1993-11-12,25.970605850219727,,
1993-11-15,25.95321273803711,,
1993-11-16,26.075124740600586,,
1993-11-17,25.93577003479004,,
1993-11-18,25.8660888671875,,
1993-11-19,25.813838958740234,,
1993-11-22,25.65707015991211,,
1993-11-23,25.79640769958496,,
1993-11-24,25.900936126708984,,
1993-11-26,25.918359756469727,,
1993-11-29,25.813838958740234,,
1993-11-30,25.831270217895508,,
1993-12-01,25.8660888671875,,
1993-12-02,25.93577003479004,,
1993-12-03,26.040287017822266,,
1993-12-06,26.127370834350586,,
1993-12-07,26.109939575195312,,
1993-12-08,26.109939575195312,,
1993-12-09,26.022869110107422,,
1993-12-10,25.970605850219727,,
1993-12-13,26.127370834350586,,
1993-12-14,25.93577003479004,,
1993-12-15,25.900936126708984,,
1993-12-16,25.988040924072266,,
1993-12-17,26.130863189697266,,
1993-12-20,26.165925979614258,,
1993-12-21,26.078237533569336,,
1993-12-22,26.253623962402344,,
1993-12-23,26.236080169677734,,
1993-12-27,26.376371383666992,,
1993-12-28,26.428979873657227,,
1993-12-29,26.3939151763916,,
1993-12-30,26.288684844970703,,
1993-12-31,26.148395538330078,,
1994-01-03,26.078237533569336,,
1994-01-04,26.183475494384766,,
1994-01-05,26.236080169677734,,
1994-01-06,26.236080169677734,,
1994-01-07,26.3939151763916,,
1994-01-10,26.709577560424805,,
1994-01-11,26.6569881439209,,
1994-01-12,26.569293975830078,,
1994-01-13,26.499134063720703,,
1994-01-14,26.6043701171875,,
1994-01-17,26.6043701171875,,
1994-01-18,26.639448165893555,,
1994-01-19,26.569293975830078,,
1994-01-20,26.639448165893555,,
1994-01-21,26.58681869506836,,
1994-01-24,26.481595993041992,,
1994-01-25,26.481595993041992,,
1994-01-26,26.551742553710938,,
1994-01-27,26.797277450561523,,
1994-01-28,26.867427825927734,,
1994-01-31,27.06033706665039,,
1994-02-01,26.920047760009766,,
1994-02-02,27.095413208007812,,
1994-02-03,26.97265625,,
1994-02-04,26.358835220336914,,
1994-02-07,26.481595993041992,,
1994-02-08,26.499134063720703,,
1994-02-09,26.6043701171875,,
1994-02-10,26.376371383666992,,
1994-02-11,26.464067459106445,,
1994-02-14,26.499134063720703,,
1994-02-15,26.639448165893555,,
1994-02-16,26.621896743774414,,
1994-02-17,26.464067459106445,,
1994-02-18,26.306232452392578,,
1994-02-22,26.569293975830078,,
1994-02-23,26.499134063720703,,
1994-02-24,26.148395538330078,,
1994-02-25,26.27115249633789,,
1994-02-28,26.27115249633789,,
1994-03-01,26.165925979614258,,
1994-03-02,26.201000213623047,,
1994-03-03,26.130863189697266,,
1994-03-04,26.201000213623047,,
1994-03-07,26.3413028717041,,
1994-03-08,26.236080169677734,,
1994-03-09,26.358835220336914,,
1994-03-10,26.148395538330078,,
1994-03-11,26.288684844970703,,
1994-03-14,26.32375144958496,,
1994-03-15,26.306232452392578,,
1994-03-16,26.51667594909668,,
1994-03-17,26.51667594909668,,
1994-03-18,26.51088523864746,,
1994-03-21,26.440343856811523,,
1994-03-22,26.51088523864746,,
1994-03-23,26.493257522583008,,
1994-03-24,26.17575454711914,,
1994-03-25,25.928817749023438,,
1994-03-28,25.964094161987305,,
1994-03-29,25.452564239501953,,
1994-03-30,25.099790573120117,,
1994-03-31,25.170345306396484,,
1994-04-04,24.782306671142578,,
1994-04-05,25.2938175201416,,
1994-04-06,25.2938175201416,,
1994-04-07,25.41729164123535,,
1994-04-08,25.223270416259766,,
1994-04-11,25.3291072845459,,
1994-04-12,25.2938175201416,,
1994-04-13,25.161523818969727,,
1994-04-14,25.170345306396484,,
1994-04-15,25.170345306396484,,
1994-04-18,25.002782821655273,,
1994-04-19,25.038074493408203,,
1994-04-20,25.0115966796875,,
1994-04-21,25.346736907958984,,
1994-04-22,25.320287704467773,,
1994-04-25,25.58486557006836,,
1994-04-26,25.55839729309082,,
1994-04-28,25.373201370239258,,
1994-04-29,25.452564239501953,,
1994-05-02,25.611310958862305,,
1994-05-03,25.58486557006836,,
1994-05-04,25.540761947631836,,
1994-05-05,25.50548553466797,,
1994-05-06,25.258543014526367,,
1994-05-09,25.038074493408203,,
1994-05-10,25.23208999633789,,
1994-05-11,25.002782821655273,,
1994-05-12,25.126251220703125,,
1994-05-13,25.126251220703125,,
1994-05-16,25.13508415222168,,
1994-05-17,25.50548553466797,,
1994-05-18,25.6906681060791,,
1994-05-19,25.814163208007812,,
1994-05-20,25.7171573638916,,
1994-05-23,25.673063278198242,,
1994-05-24,25.778886795043945,,
1994-05-25,25.84942626953125,,
1994-05-26,25.86708641052246,,
1994-05-27,25.89352798461914,,
1994-05-31,25.85826301574707,,
1994-06-01,25.972900390625,,
1994-06-02,25.946447372436523,,
1994-06-03,26.096384048461914,,
1994-06-06,26.087574005126953,,
1994-06-07,26.052282333374023,,
1994-06-08,25.840612411499023,,
1994-06-09,25.981721878051758,,
1994-06-10,26.02583122253418,,
1994-06-13,26.06109619140625,,
1994-06-14,26.263952255249023,,
1994-06-15,26.15811538696289,,
1994-06-16,26.21102523803711,,
1994-06-17,26.064725875854492,,
1994-06-20,25.84278678894043,,
1994-06-21,25.620832443237305,,
1994-06-22,25.718503952026367,,
1994-06-23,25.567584991455078,,
1994-06-24,25.03491973876953,,
1994-06-27,25.46993637084961,,
1994-06-28,25.34562873840332,,
1994-06-29,25.425539016723633,,
1994-06-30,25.2657470703125,,
1994-07-01,25.31900978088379,,
1994-07-05,25.452167510986328,,
1994-07-06,25.41666603088379,,
1994-07-07,25.5231876373291,,
1994-07-08,25.514324188232422,,
1994-07-11,25.425539016723633,,
1994-07-12,25.461044311523438,,
1994-07-13,25.505428314208984,,
1994-07-14,25.780651092529297,,
1994-07-15,25.789518356323242,,
1994-07-18,25.83390998840332,,
1994-07-19,25.780651092529297,,
1994-07-20,25.66524314880371,,
1994-07-21,25.718503952026367,,
1994-07-22,25.76289176940918,,
1994-07-25,25.798398971557617,,
1994-07-26,25.77176856994629,,
1994-07-27,25.77176856994629,,
1994-07-28,25.82503318786621,,
1994-07-29,26.08247947692871,,
1994-08-01,26.20676612854004,,
1994-08-02,26.242284774780273,,
1994-08-03,26.251163482666016,,
1994-08-04,26.100242614746094,,
1994-08-05,26.011457443237305,,
1994-08-08,26.073585510253906,,
1994-08-09,26.11800193786621,,
1994-08-10,26.21564483642578,,
1994-08-11,26.11800193786621,,
1994-08-12,26.32219696044922,,
1994-08-15,26.313308715820312,,
1994-08-16,26.49972915649414,,
1994-08-17,26.481977462768555,,
1994-08-18,26.393199920654297,,
1994-08-19,26.375442504882812,,
1994-08-22,26.34881019592285,,
1994-08-23,26.49972915649414,,
1994-08-24,26.78380584716797,,
1994-08-25,26.712810516357422,,
1994-08-26,27.094547271728516,,
1994-08-29,27.07677459716797,,
1994-08-30,27.147798538208008,,
1994-08-31,27.07677459716797,,
1994-09-01,26.988021850585938,,
1994-09-02,26.872591018676758,,
1994-09-06,26.8814697265625,,
1994-09-07,26.854841232299805,,
1994-09-08,26.988021850585938,,
1994-09-09,26.70392417907715,,
1994-09-12,26.62401580810547,,
1994-09-13,26.70392417907715,,
1994-09-14,26.730554580688477,,
1994-09-15,27.067882537841797,,
1994-09-16,26.87527847290039,,
1994-09-19,26.90206527709961,,
1994-09-20,26.3929500579834,,
1994-09-21,26.3929500579834,,
1994-09-22,26.330440521240234,,
1994-09-23,26.241117477416992,,
1994-09-26,26.37508773803711,,
1994-09-27,26.35723114013672,,
1994-09-28,26.562652587890625,,
1994-09-29,26.428682327270508,,
1994-09-30,26.3929500579834,,
1994-10-03,26.330440521240234,,
1994-10-04,25.93743324279785,,
1994-10-05,25.94637107849121,,
1994-10-06,25.865989685058594,,
1994-10-07,25.982105255126953,,
1994-10-10,26.258983612060547,,
1994-10-11,26.651988983154297,,
1994-10-12,26.687702178955078,,
1994-10-13,26.77701187133789,,
1994-10-14,26.893125534057617,,
1994-10-17,26.839534759521484,,
1994-10-18,26.77701187133789,,
1994-10-19,26.90206527709961,,
1994-10-20,26.723440170288086,,
1994-10-21,26.616241455078125,,
1994-10-24,26.3929500579834,,
1994-10-25,26.419761657714844,,
1994-10-26,26.51801109313965,,
1994-10-27,26.67876434326172,,
1994-10-28,27.241466522216797,,
1994-10-31,27.143217086791992,,
1994-11-01,26.839534759521484,,
1994-11-02,26.687702178955078,,
1994-11-03,26.830598831176758,,
1994-11-04,26.48227882385254,,
1994-11-07,26.562652587890625,,
1994-11-08,26.768081665039062,,
1994-11-09,26.812746047973633,,
1994-11-10,26.62518882751465,,
1994-11-11,26.526927947998047,,
1994-11-14,26.77701187133789,,
1994-11-15,26.687702178955078,,
1994-11-16,26.77701187133789,,
1994-11-17,26.59837532043457,,
1994-11-18,26.562652587890625,,
1994-11-21,26.29471778869629,,
1994-11-22,25.72308349609375,,
1994-11-23,25.865989685058594,,
1994-11-25,25.991044998168945,,
1994-11-28,26.107158660888672,,
1994-11-29,26.09820556640625,,
1994-11-30,26.062490463256836,,
1994-12-01,25.803462982177734,,
1994-12-02,26.044628143310547,,
1994-12-05,26.0714168548584,,
1994-12-06,26.089275360107422,,
1994-12-07,25.901721954345703,,
1994-12-08,25.651630401611328,,
1994-12-09,25.7498779296875,,
1994-12-12,25.919584274291992,,
1994-12-13,26.017833709716797,,
1994-12-14,26.15179443359375,,
1994-12-15,26.232177734375,,
1994-12-16,26.360322952270508,,
1994-12-19,26.39632225036621,,
1994-12-20,26.315311431884766,,
1994-12-21,26.594388961791992,,
1994-12-22,26.51335906982422,,
1994-12-23,26.540374755859375,,
1994-12-27,26.684425354003906,,
1994-12-28,26.54936981201172,,
1994-12-29,26.567380905151367,,
1994-12-30,26.252290725708008,,
1995-01-03,26.378326416015625,,
1995-01-04,26.504365921020508,,
1995-01-05,26.504365921020508,,
1995-01-06,26.53136444091797,,
1995-01-09,26.558366775512695,,
1995-01-10,26.585376739501953,,
1995-01-11,26.6033935546875,,
1995-01-12,26.61240577697754,,
1995-01-13,26.927499771118164,,
1995-01-16,27.089542388916016,,
1995-01-17,27.09854507446289,,
1995-01-18,27.07155418395996,,
1995-01-19,26.918498992919922,,
1995-01-20,26.81946563720703,,
1995-01-23,26.900493621826172,,
1995-01-24,26.93650245666504,,
1995-01-25,27.00851821899414,,
1995-01-26,27.035524368286133,,
1995-01-27,27.143569946289062,,
1995-01-30,27.026531219482422,,
1995-01-31,27.134565353393555,,
1995-02-01,27.12555694580078,,
1995-02-02,27.287612915039062,,
1995-02-03,27.67473030090332,,
1995-02-06,27.791763305664062,,
1995-02-07,27.827768325805664,,
1995-02-08,27.827768325805664,,
1995-02-09,27.827768325805664,,
1995-02-10,27.863786697387695,,
1995-02-13,27.872806549072266,,
1995-02-14,27.908803939819336,,
1995-02-15,28.061851501464844,,
1995-02-16,28.02585220336914,,
1995-02-17,27.917802810668945,,
1995-02-21,27.908803939819336,,
1995-02-22,28.115882873535156,,
1995-02-23,28.160877227783203,,
1995-02-24,28.232919692993164,,
1995-02-27,28.00783920288086,,
1995-02-28,28.241893768310547,,
1995-03-01,28.061851501464844,,
1995-03-02,28.097864151000977,,
1995-03-03,28.10686683654785,,
1995-03-06,28.1248779296875,,
1995-03-07,27.908803939819336,,
1995-03-08,27.980833053588867,,
1995-03-09,27.971837997436523,,
1995-03-10,28.385953903198242,,
1995-03-13,28.358959197998047,,
1995-03-14,28.566009521484375,,
1995-03-15,28.512004852294922,,
1995-03-16,28.683059692382812,,
1995-03-17,28.71158218383789,,
1995-03-20,28.71158218383789,,
1995-03-21,28.63917350769043,,
1995-03-22,28.66634178161621,,
1995-03-23,28.684429168701172,,
1995-03-24,29.09174919128418,,
1995-03-27,29.20940399169922,,
1995-03-28,29.20940399169922,,
1995-03-29,29.200355529785156,,
1995-03-30,29.146053314208984,,
1995-03-31,29.028383255004883,,
1995-04-03,29.100793838500977,,
1995-04-04,29.290863037109375,,
1995-04-05,29.290863037109375,,
1995-04-06,29.399503707885742,,
1995-04-07,29.372333526611328,,
1995-04-10,29.42664909362793,,
1995-04-11,29.32708740234375,,
1995-04-12,29.42664909362793,,
1995-04-13,29.589595794677734,,
1995-04-17,29.417606353759766,,
1995-04-18,29.31803321838379,,
1995-04-19,29.290863037109375,,
1995-04-20,29.33614730834961,,
1995-04-21,29.480974197387695,,
1995-04-24,29.824922561645508,,
1995-04-25,29.74345588684082,,
1995-04-26,29.770618438720703,,
1995-04-27,29.84303092956543,,
1995-04-28,29.888288497924805,,
1995-05-01,29.80683135986328,,
1995-05-02,29.870168685913086,,
1995-05-03,30.28654670715332,,
1995-05-04,30.268449783325195,,
1995-05-05,30.23224639892578,,
1995-05-08,30.449487686157227,,
1995-05-09,30.42230796813965,,
1995-05-10,30.458532333374023,,
1995-05-11,30.53998374938965,,
1995-05-12,30.558095932006836,,
1995-05-15,30.702932357788086,,
1995-05-16,30.72101402282715,,
1995-05-17,30.603349685668945,,
1995-05-18,30.159841537475586,,
1995-05-19,30.17792320251465,,
1995-05-22,30.512849807739258,,
1995-05-23,30.793441772460938,,
1995-05-24,30.77534294128418,,
1995-05-25,30.802494049072266,,
1995-05-26,30.449487686157227,,
1995-05-30,30.440427780151367,,
1995-05-31,31.074047088623047,,
1995-06-01,30.992570877075195,,
1995-06-02,31.019731521606445,,
1995-06-05,31.20981216430664,,
1995-06-06,31.15550422668457,,
1995-06-07,30.992570877075195,,
1995-06-08,30.920177459716797,,
1995-06-09,30.739118576049805,,
1995-06-12,30.911109924316406,,
1995-06-13,31.246042251586914,,
1995-06-14,31.2188777923584,,
1995-06-15,31.354629516601562,,
1995-06-16,31.447711944580078,,
1995-06-19,31.80280303955078,,
1995-06-20,31.720874786376953,,
1995-06-21,31.70266342163086,,
1995-06-22,32.12144088745117,,
1995-06-23,32.05773162841797,,
1995-06-26,31.675357818603516,,
1995-06-27,31.611610412597656,,
1995-06-28,31.775487899780273,,
1995-06-29,31.720874786376953,,
1995-06-30,31.70266342163086,,
1995-07-03,31.82101058959961,,
1995-07-05,31.939390182495117,,
1995-07-06,32.3491096496582,,
1995-07-07,32.494773864746094,,
1995-07-10,32.51300048828125,,
1995-07-11,32.35819625854492,,
1995-07-12,32.75879669189453,,
1995-07-13,32.685970306396484,,
1995-07-14,32.65866470336914,,
1995-07-17,32.840736389160156,,
1995-07-18,32.55850601196289,,
1995-07-19,32.203433990478516,,
1995-07-20,32.321781158447266,,
1995-07-21,32.28535079956055,,
1995-07-24,32.5220947265625,,
1995-07-25,32.76791763305664,,
1995-07-26,32.74058151245117,,
1995-07-27,33.01373291015625,,
1995-07-28,32.80431365966797,,
1995-07-31,32.72239303588867,,
1995-08-01,32.66775131225586,,
1995-08-02,32.59492874145508,,
1995-08-03,32.5858154296875,,
1995-08-04,32.622215270996094,,
1995-08-07,32.695064544677734,,
1995-08-08,32.695064544677734,,
1995-08-09,32.685970306396484,,
1995-08-10,32.613128662109375,,
1995-08-11,32.4310417175293,,
1995-08-14,32.72239303588867,,
1995-08-15,32.65866470336914,,
1995-08-16,32.749698638916016,,
1995-08-17,32.695064544677734,,
1995-08-18,32.73147964477539,,
1995-08-21,32.64044189453125,,
1995-08-22,32.70417785644531,,
1995-08-23,32.5858154296875,,
1995-08-24,32.622215270996094,,
1995-08-25,32.80431365966797,,
1995-08-28,32.685970306396484,,
1995-08-29,32.76791763305664,,
1995-08-30,32.840736389160156,,
1995-08-31,32.868045806884766,,
1995-09-01,33.01373291015625,,
1995-09-05,33.32328796386719,,
1995-09-06,33.38704299926758,,
1995-09-07,33.405250549316406,,
1995-09-08,33.532711029052734,,
1995-09-11,33.623756408691406,,
1995-09-12,33.77853775024414,,
1995-09-13,33.93333053588867,,
1995-09-14,34.24286651611328,,
1995-09-15,34.23341751098633,,
1995-09-18,34.10529327392578,,
1995-09-19,34.270042419433594,,
1995-09-20,34.434791564941406,,
1995-09-21,34.15105438232422,,
1995-09-22,34.16020584106445,,
1995-09-25,34.10529327392578,,
1995-09-26,34.09611892700195,,
1995-09-27,34.06866455078125,,
1995-09-28,34.32497024536133,,
1995-09-29,34.26089859008789,,
1995-10-02,34.08699035644531,,
1995-10-03,34.12358474731445,,
1995-10-04,34.08699035644531,,
1995-10-05,34.18765640258789,,
1995-10-06,34.21511459350586,,
1995-10-09,33.93137741088867,,
1995-10-10,33.91305923461914,,
1995-10-11,34.022891998291016,,
1995-10-12,34.23341751098633,,
1995-10-13,34.34326171875,,
1995-10-16,34.17851638793945,,
1995-10-17,34.40734100341797,,
1995-10-18,34.5080451965332,,
1995-10-19,34.67280578613281,,
1995-10-20,34.46226119995117,,
1995-10-23,34.389034271240234,,
1995-10-24,34.42564392089844,,
1995-10-25,34.14189529418945,,
1995-10-26,33.830665588378906,,
1995-10-27,34.08699035644531,,
1995-10-30,34.30665588378906,,
1995-10-31,34.16020584106445,,
1995-11-01,34.434791564941406,,
1995-11-02,34.654476165771484,,
1995-11-03,34.70024871826172,,
1995-11-06,34.58126449584961,,
1995-11-07,34.453121185302734,,
1995-11-08,34.76433181762695,,
1995-11-09,34.8924674987793,,
1995-11-10,34.874149322509766,,
1995-11-13,34.83754348754883,,
1995-11-14,34.60871887207031,,
1995-11-15,34.956546783447266,,
1995-11-16,35.14877700805664,,
1995-11-17,35.25859451293945,,
1995-11-20,35.07553482055664,,
1995-11-21,35.359291076660156,,
1995-11-22,35.24943542480469,,
1995-11-24,35.34098815917969,,
1995-11-27,35.35013198852539,,
1995-11-28,35.72541046142578,,
1995-11-29,35.76202392578125,,
1995-11-30,35.67965316772461,,
1995-12-01,35.72541046142578,,
1995-12-04,36.1647834777832,,
1995-12-05,36.402767181396484,,
1995-12-06,36.485145568847656,,
1995-12-07,36.292930603027344,,
1995-12-08,36.41193389892578,,
1995-12-11,36.56754684448242,,
1995-12-12,36.45769500732422,,
1995-12-13,36.6865234375,,
1995-12-14,36.42107391357422,,
1995-12-15,36.434410095214844,,
1995-12-18,35.734466552734375,,
1995-12-19,36.11205291748047,,
1995-12-20,35.76210403442383,,
1995-12-21,35.946285247802734,,
1995-12-22,36.07522964477539,,
1995-12-26,36.25019073486328,,
1995-12-27,36.231781005859375,,
1995-12-28,36.1949577331543,,
1995-12-29,36.240989685058594,,
1996-01-02,36.6278190612793,,
1996-01-03,36.7291259765625,,
1996-01-04,36.37913131713867,,
1996-01-05,36.30545425415039,,
1996-01-08,36.44361114501953,,
1996-01-09,35.81734848022461,,
1996-01-10,35.34764099121094,,
1996-01-11,35.55947494506836,,
1996-01-12,35.50421142578125,,
1996-01-15,35.4305305480957,,
1996-01-16,35.86339569091797,,
1996-01-17,35.75288009643555,,
1996-01-18,35.87259292602539,,
1996-01-19,36.11205291748047,,
1996-01-22,36.12128829956055,,
1996-01-23,36.204166412353516,,
1996-01-24,36.4988899230957,,
1996-01-25,36.36994552612305,,
1996-01-26,36.683074951171875,,
1996-01-29,36.830421447753906,,
1996-01-30,37.14356994628906,,
1996-01-31,37.53038024902344,,
1996-02-01,37.668540954589844,,
1996-02-02,37.511985778808594,,
1996-02-05,37.81590270996094,,
1996-02-06,38.17507553100586,,
1996-02-07,38.39612579345703,,
1996-02-08,38.810569763183594,,
1996-02-09,38.801353454589844,,
1996-02-12,39.09608840942383,,
1996-02-13,39.013160705566406,,
1996-02-14,38.67243194580078,,
1996-02-15,38.43299102783203,,
1996-02-16,38.276405334472656,,
1996-02-20,37.89878463745117,,
1996-02-21,38.368507385253906,,
1996-02-22,38.976341247558594,,
1996-02-23,38.865821838378906,,
1996-02-26,38.313232421875,,
1996-02-27,38.19352340698242,,
1996-02-28,38.018524169921875,,
1996-02-29,37.650115966796875,,
1996-03-01,38.248775482177734,,
1996-03-04,38.46980285644531,,
1996-03-05,38.82899856567383,,
1996-03-06,38.488216400146484,,
1996-03-07,38.68162155151367,,
1996-03-08,37.42909240722656,,
1996-03-11,37.861934661865234,,
1996-03-12,37.56721878051758,,
1996-03-13,37.825111389160156,,
1996-03-14,37.99088668823242,,
1996-03-15,37.96535873413086,,
1996-03-18,38.6961669921875,,
1996-03-19,38.61290740966797,,
1996-03-20,38.566654205322266,,
1996-03-21,38.47413635253906,,
1996-03-22,38.57591247558594,,
1996-03-25,38.50189971923828,,
1996-03-26,38.686920166015625,,
1996-03-27,38.33537673950195,,
1996-03-28,38.483402252197266,,
1996-03-29,38.29838180541992,,
1996-04-01,38.74241256713867,,
1996-04-02,38.816436767578125,,
1996-04-03,38.816436767578125,,
1996-04-04,38.78866958618164,,
1996-04-08,38.12260437011719,,
1996-04-09,37.97460174560547,,
1996-04-10,37.299293518066406,,
1996-04-11,37.25304412841797,,
1996-04-12,37.72481918334961,,
1996-04-15,38.03935241699219,,
1996-04-16,38.150367736816406,,
1996-04-17,38.0578727722168,,
1996-04-18,38.113372802734375,,
1996-04-19,38.20589065551758,,
1996-04-22,38.50189971923828,,
1996-04-23,38.62216567993164,,
1996-04-24,38.483402252197266,,
1996-04-25,38.6591682434082,,
1996-04-26,38.74241256713867,,
1996-04-29,38.74241256713867,,
1996-04-30,38.71466064453125,,
1996-05-01,38.79792022705078,,
1996-05-02,38.131858825683594,,
1996-05-03,38.07637405395508,,
1996-05-06,38.03935241699219,,
1996-05-07,37.88209915161133,,
1996-05-08,38.35388946533203,,
1996-05-09,38.326133728027344,,
1996-05-10,38.705440521240234,,
1996-05-13,39.2882194519043,,
1996-05-14,39.52873992919922,,
1996-05-15,39.48249435424805,,
1996-05-16,39.56574630737305,,
1996-05-17,39.77852249145508,,
1996-05-20,40.04679870605469,,
1996-05-21,39.991294860839844,,
1996-05-22,40.37057113647461,,
1996-05-23,40.20405578613281,,
1996-05-24,40.361324310302734,,
1996-05-28,39.95426940917969,,
1996-05-29,39.685997009277344,,
1996-05-30,39.88953399658203,,
1996-05-31,39.593482971191406,,
1996-06-03,39.704505920410156,,
1996-06-04,39.982032775878906,,
1996-06-05,40.333553314208984,,
1996-06-06,40.03753662109375,,
1996-06-07,40.03753662109375,,
1996-06-10,39.90801239013672,,
1996-06-11,39.87099838256836,,
1996-06-12,39.79701232910156,,
1996-06-13,39.79701232910156,,
1996-06-14,39.6304931640625,,
1996-06-17,39.60274887084961,,
1996-06-18,39.27897644042969,,
1996-06-19,39.45474624633789,,
1996-06-20,39.42698287963867,,
1996-06-21,39.76608657836914,,
1996-06-24,39.84048843383789,,
1996-06-25,39.79399871826172,,
1996-06-26,39.5243034362793,,
1996-06-27,39.80331039428711,,
1996-06-28,39.94278335571289,,
1996-07-01,40.286888122558594,,
1996-07-02,40.138092041015625,,
1996-07-03,40.05438995361328,,
1996-07-05,39.03142166137695,,
1996-07-08,38.87331008911133,,
1996-07-09,39.03142166137695,,
1996-07-10,39.18949508666992,,
1996-07-11,38.399009704589844,,
1996-07-12,38.42692184448242,,
1996-07-15,37.29234313964844,,
1996-07-16,37.38533020019531,,
1996-07-17,37.83171463012695,,
1996-07-18,38.3525276184082,,
1996-07-19,38.07352828979492,,
1996-07-22,37.79452133178711,,
1996-07-23,37.31095504760742,,
1996-07-24,37.38533020019531,,
1996-07-25,37.72013854980469,,
1996-07-26,37.924713134765625,,
1996-07-29,37.5062255859375,,
1996-07-30,37.86891174316406,,
1996-07-31,38.14791488647461,,
1996-08-01,38.78029251098633,,
1996-08-02,39.617313385009766,,
1996-08-05,39.38479232788086,,
1996-08-06,39.50570297241211,,
1996-08-07,39.60799789428711,,
1996-08-08,39.542903900146484,,
1996-08-09,39.41270446777344,,
1996-08-12,39.70098876953125,,
1996-08-13,39.38479232788086,,
1996-08-14,39.5243034362793,,
1996-08-15,39.44989013671875,,
1996-08-16,39.78469467163086,,
1996-08-19,39.80331039428711,,
1996-08-20,39.775394439697266,,
1996-08-21,39.63589096069336,,
1996-08-22,40.00790023803711,,
1996-08-23,39.79399871826172,,
1996-08-26,39.59870147705078,,
1996-08-27,39.747474670410156,,
1996-08-28,39.68240737915039,,
1996-08-29,39.29179763793945,,
1996-08-30,38.88261413574219,,
1996-09-03,39.13371276855469,,
1996-09-04,39.17094039916992,,
1996-09-05,38.69662094116211,,
1996-09-06,39.245296478271484,,
1996-09-09,39.71028137207031,,
1996-09-10,39.69168472290039,,
1996-09-11,39.91490936279297,,
1996-09-12,40.19388198852539,,
1996-09-13,40.80767822265625,,
1996-09-16,40.95646286010742,,
1996-09-17,40.86347198486328,,
1996-09-18,40.76117706298828,,
1996-09-19,40.91927719116211,,
1996-09-20,41.06441879272461,,
1996-09-23,41.05508804321289,,
1996-09-24,41.045711517333984,,
1996-09-25,41.07377243041992,,
1996-09-26,41.05508804321289,,
1996-09-27,41.092464447021484,,
1996-09-30,41.05508804321289,,
1996-10-01,41.2794189453125,,
1996-10-02,41.55986404418945,,
1996-10-03,41.52244567871094,,
1996-10-04,42.083335876464844,,
1996-10-07,42.13007354736328,,
1996-10-08,41.961814880371094,,
1996-10-09,41.63462829589844,,
1996-10-10,41.550506591796875,,
1996-10-11,42.06463623046875,,
1996-10-14,42.120723724365234,,
1996-10-15,42.06463623046875,,
1996-10-16,42.27029037475586,,
1996-10-17,42.38247299194336,,
1996-10-18,42.6068000793457,,
1996-10-21,42.55070114135742,,
1996-10-22,42.2515754699707,,
1996-10-23,42.39178466796875,,
1996-10-24,42.0272331237793,,
1996-10-25,42.06463623046875,,
1996-10-28,41.78422546386719,,
1996-10-29,42.120723724365234,,
1996-10-30,41.98049545288086,,
1996-10-31,42.38247299194336,,
1996-11-01,42.23286056518555,,
1996-11-04,42.51329803466797,,
1996-11-05,42.756351470947266,,
1996-11-06,43.578941345214844,,
1996-11-07,43.68179702758789,,
1996-11-08,43.924800872802734,,
1996-11-11,43.878082275390625,,
1996-11-12,43.74721908569336,,
1996-11-13,43.94351577758789,,
1996-11-14,44.2332878112793,,
1996-11-15,44.28938293457031,,
1996-11-18,44.298728942871094,,
1996-11-19,44.61653137207031,,
1996-11-20,44.691322326660156,,
1996-11-21,44.62590026855469,,
1996-11-22,44.97175979614258,,
1996-11-25,45.54195022583008,,
1996-11-26,45.39243698120117,,
1996-11-27,45.30826950073242,,
1996-11-29,45.476524353027344,,
1996-12-02,45.4952278137207,,
1996-12-03,44.71936798095703,,
1996-12-04,44.84087371826172,,
1996-12-05,44.71936798095703,,
1996-12-06,44.45762634277344,,
1996-12-09,45.11195755004883,,
1996-12-10,44.89699172973633,,
1996-12-11,44.485679626464844,,
1996-12-12,43.74721908569336,,
1996-12-13,43.85939025878906,,
1996-12-16,43.29851531982422,,
1996-12-17,43.64440155029297,,
1996-12-18,43.99024963378906,,
1996-12-19,44.89699172973633,,
1996-12-20,44.995521545410156,,
1996-12-23,44.88279342651367,,
1996-12-24,45.2115592956543,,
1996-12-26,45.55910873413086,,
1996-12-27,45.61549377441406,,
1996-12-30,45.220943450927734,,
1996-12-31,44.394283294677734,,
1997-01-02,44.50702667236328,,
1997-01-03,45.14580154418945,,
1997-01-06,44.75126266479492,,
1997-01-07,45.296119689941406,,
1997-01-08,44.901573181152344,,
1997-01-09,45.27732467651367,,
1997-01-10,45.76578140258789,,
1997-01-13,45.70000457763672,,
1997-01-14,46.273048400878906,,
1997-01-15,46.16031265258789,,
1997-01-16,46.34817886352539,,
1997-01-17,46.629981994628906,,
1997-01-20,46.68635177612305,,
1997-01-21,47.062076568603516,,
1997-01-22,47.40027618408203,,
1997-01-23,46.74270248413086,,
1997-01-24,46.14154052734375,,
1997-01-27,46.01000213623047,,
1997-01-28,46.14154052734375,,
1997-01-29,46.59244918823242,,
1997-01-30,47.19358825683594,,
1997-01-31,47.137245178222656,,
1997-02-03,47.27814483642578,,
1997-02-04,47.56936264038086,,
1997-02-05,46.67694091796875,,
1997-02-06,46.98694610595703,,
1997-02-07,47.62571334838867,,
1997-02-10,47.1747932434082,,
1997-02-11,47.71965026855469,,
1997-02-12,48.395999908447266,,
1997-02-13,48.92203140258789,,
1997-02-14,48.8093376159668,,
1997-02-18,49.22262954711914,,
1997-02-19,48.893863677978516,,
1997-02-20,48.30207443237305,,
1997-02-21,48.32082748413086,,
1997-02-24,48.893863677978516,,
1997-02-25,48.93142318725586,,
1997-02-26,48.452362060546875,,
1997-02-27,47.72905349731445,,
1997-02-28,47.588157653808594,,
1997-03-03,47.90753173828125,,
1997-03-04,47.64450454711914,,
1997-03-05,48.452362060546875,,
1997-03-06,48.17054748535156,,
1997-03-07,48.60263442993164,,
1997-03-10,49.10993194580078,,
1997-03-11,48.84687423706055,,
1997-03-12,48.41481018066406,,
1997-03-13,47.66328430175781,,
1997-03-14,47.90753173828125,,
1997-03-17,48.039031982421875,,
1997-03-18,47.522396087646484,,
1997-03-19,47.362709045410156,,
1997-03-20,47.118446350097656,,
1997-03-21,47.33662033081055,,
1997-03-24,47.99667739868164,,
1997-03-25,47.52521514892578,,
1997-03-26,47.73265075683594,,
1997-03-27,46.469112396240234,,
1997-03-31,45.4884147644043,,
1997-04-01,45.780738830566406,,
1997-04-02,44.96035385131836,,
1997-04-03,45.205535888671875,,
1997-04-04,45.77129364013672,,
1997-04-07,45.950462341308594,,
1997-04-08,46.280494689941406,,
1997-04-09,45.90330505371094,,
1997-04-10,45.73358917236328,,
1997-04-11,44.28141784667969,,
1997-04-14,44.875484466552734,,
1997-04-15,45.6392822265625,,
1997-04-16,46.167354583740234,,
1997-04-17,45.97875213623047,,
1997-04-18,46.20509338378906,,
1997-04-21,45.90330505371094,,
1997-04-22,46.91227722167969,,
1997-04-23,46.959442138671875,,
1997-04-24,46.723697662353516,,
1997-04-25,46.186195373535156,,
1997-04-28,46.63880920410156,,
1997-04-29,48.10984802246094,,
1997-04-30,48.33614730834961,,
1997-05-01,48.279579162597656,,
1997-05-02,49.1471061706543,,
1997-05-05,50.3163948059082,,
1997-05-06,50.27865982055664,,
1997-05-07,49.18482971191406,,
1997-05-08,49.5243034362793,,
1997-05-09,49.86375045776367,,
1997-05-12,50.69356918334961,,
1997-05-13,50.48611831665039,,
1997-05-14,50.58041000366211,,
1997-05-15,50.919883728027344,,
1997-05-16,50.22209548950195,,
1997-05-19,50.372928619384766,,
1997-05-20,50.97646713256836,,
1997-05-21,50.86331558227539,,
1997-05-22,50.69356918334961,,
1997-05-23,51.165035247802734,,
1997-05-27,51.372493743896484,,
1997-05-28,51.3630485534668,,
1997-05-29,51.0612907409668,,
1997-05-30,51.391357421875,,
1997-06-02,51.165035247802734,,
1997-06-03,50.99530792236328,,
1997-06-04,50.938758850097656,,
1997-06-05,51.12733459472656,,
1997-06-06,52.126895904541016,,
1997-06-09,52.390899658203125,,
1997-06-10,52.55116653442383,,
1997-06-11,52.67374801635742,,
1997-06-12,53.692161560058594,,
1997-06-13,54.14482116699219,,
1997-06-16,54.16366958618164,,
1997-06-17,54.0882453918457,,
1997-06-18,53.89963150024414,,
1997-06-19,54.45597839355469,,
1997-06-20,54.27043151855469,,
1997-06-23,52.95463180541992,,
1997-06-24,54.29883575439453,,
1997-06-25,53.92019271850586,,
1997-06-26,53.655128479003906,,
1997-06-27,53.86336135864258,,
1997-06-30,53.50364303588867,,
1997-07-01,54.128421783447266,,
1997-07-02,55.01829147338867,,
1997-07-03,55.77558135986328,,
1997-07-07,55.207603454589844,,
1997-07-08,55.78504943847656,,
1997-07-09,55.169734954833984,,
1997-07-10,55.415855407714844,,
1997-07-11,55.605186462402344,,
1997-07-14,55.77558135986328,,
1997-07-15,56.05956268310547,,
1997-07-16,56.79795837402344,,
1997-07-17,56.51397705078125,,
1997-07-18,55.31169891357422,,
1997-07-21,55.32117462158203,,
1997-07-22,56.788475036621094,,
1997-07-23,56.741111755371094,,
1997-07-24,57.00621795654297,,
1997-07-25,56.96831512451172,,
1997-07-28,56.93045425415039,,
1997-07-29,57.119789123535156,,
1997-07-30,57.801368713378906,,
1997-07-31,57.74458312988281,,
1997-08-01,57.517398834228516,,
1997-08-04,57.6688346862793,,
1997-08-05,57.706703186035156,,
1997-08-06,58.18003463745117,,
1997-08-07,57.74458312988281,,
1997-08-08,56.5707893371582,,
1997-08-11,56.98725891113281,,
1997-08-12,56.0784797668457,,
1997-08-13,55.908111572265625,,
1997-08-14,56.116363525390625,,
1997-08-15,54.39350509643555,,
1997-08-18,55.605186462402344,,
1997-08-19,56.248870849609375,,
1997-08-20,57.10087966918945,,
1997-08-21,56.09743118286133,,
1997-08-22,56.0784797668457,,
1997-08-25,55.87019729614258,,
1997-08-26,55.04667282104492,,
1997-08-27,55.37799835205078,,
1997-08-28,54.5355110168457,,
1997-08-29,54.753196716308594,,
1997-09-02,56.532875061035156,,
1997-09-03,56.22993850708008,,
1997-09-04,56.58966064453125,,
1997-09-05,56.42874526977539,,
1997-09-08,56.67489242553711,,
1997-09-09,56.70329284667969,,
1997-09-10,55.529449462890625,,
1997-09-11,55.2454719543457,,
1997-09-12,56.135311126708984,,
1997-09-15,56.040611267089844,,
1997-09-16,57.441627502441406,,
1997-09-17,57.441627502441406,,
1997-09-18,57.68778610229492,,
1997-09-19,57.78537368774414,,
1997-09-22,58.108394622802734,,
1997-09-23,57.84238052368164,,
1997-09-24,57.36731719970703,,
1997-09-25,56.968265533447266,,
1997-09-26,57.443328857421875,,
1997-09-29,57.99437713623047,,
1997-09-30,57.386356353759766,,
1997-10-01,58.146419525146484,,
1997-10-02,58.469459533691406,,
1997-10-03,58.76396942138672,,
1997-10-06,59.153507232666016,,
1997-10-07,59.7045783996582,,
1997-10-08,59.286521911621094,,
1997-10-09,59.0775032043457,,
1997-10-10,58.90650939941406,,
1997-10-13,58.963462829589844,,
1997-10-14,58.982513427734375,,
1997-10-15,58.8494758605957,,
1997-10-16,57.91838836669922,,
1997-10-17,57.32931137084961,,
1997-10-20,58.146419525146484,,
1997-10-21,59.27704620361328,,
1997-10-22,58.887535095214844,,
1997-10-23,57.72837448120117,,
1997-10-24,57.15828323364258,,
1997-10-27,53.01584243774414,,
1997-10-28,56.07514190673828,,
1997-10-29,55.923160552978516,,
1997-10-30,54.68802261352539,,
1997-10-31,55.98017501831055,,
1997-11-03,57.15828323364258,,
1997-11-04,57.15828323364258,,
1997-11-05,57.34831619262695,,
1997-11-06,57.12980651855469,,
1997-11-07,56.51222610473633,,
1997-11-10,56.1701774597168,,
1997-11-11,56.189170837402344,,
1997-11-12,55.030086517333984,,
1997-11-13,55.82816696166992,,
1997-11-14,56.58822250366211,,
1997-11-17,57.63334655761719,,
1997-11-18,57.27229309082031,,
1997-11-19,57.557334899902344,,
1997-11-20,58.431453704833984,,
1997-11-21,58.83052444458008,,
1997-11-24,57.76636505126953,,
1997-11-25,57.91838836669922,,
1997-11-26,58.089393615722656,,
1997-11-28,58.146419525146484,,
1997-12-01,59.64759063720703,,
1997-12-02,59.286521911621094,,
1997-12-03,59.457576751708984,,
1997-12-04,59.400569915771484,,
1997-12-05,60.16061782836914,,
1997-12-08,59.9896125793457,,
1997-12-09,59.62858963012695,,
1997-12-10,59.115482330322266,,
1997-12-11,58.108394622802734,,
1997-12-12,58.222442626953125,,
1997-12-15,58.81147003173828,,
1997-12-16,59.172523498535156,,
1997-12-17,58.86848449707031,,
1997-12-18,58.298431396484375,,
1997-12-19,57.86269760131836,,
1997-12-22,58.23469924926758,,
1997-12-23,57.19496154785156,,
1997-12-24,57.02325439453125,,
1997-12-26,57.25222396850586,,
1997-12-29,58.377803802490234,,
1997-12-30,59.29351806640625,,
1997-12-31,59.255340576171875,,
1998-01-02,59.56059646606445,,
1998-01-05,59.694156646728516,,
1998-01-06,58.740257263183594,,
1998-01-07,58.89289855957031,,
1998-01-08,58.377803802490234,,
1998-01-09,56.35551834106445,,
1998-01-12,57.3857307434082,,
1998-01-13,58.18701934814453,,
1998-01-14,58.45413589477539,,
1998-01-15,57.96763610839844,,
1998-01-16,58.797515869140625,,
1998-01-20,59.751380920410156,,
1998-01-21,59.179054260253906,,
1998-01-22,58.65443801879883,,
1998-01-23,58.568580627441406,,
1998-01-26,58.53042221069336,,
1998-01-27,59.121856689453125,,
1998-01-28,59.65598678588867,,
1998-01-29,59.98030090332031,,
1998-01-30,60.01847839355469,,
1998-02-02,61.0105094909668,,
1998-02-03,61.468353271484375,,
1998-02-04,61.39204406738281,,
1998-02-05,61.35391616821289,,
1998-02-06,62.04070281982422,,
1998-02-09,61.83084487915039,,
1998-02-10,62.4222526550293,,
1998-02-11,62.365028381347656,,
1998-02-12,62.63212203979492,,
1998-02-13,62.26967239379883,,
1998-02-17,62.57487106323242,,
1998-02-18,63.147212982177734,,
1998-02-19,62.8133659362793,,
1998-02-20,63.28074645996094,,
1998-02-23,63.528717041015625,,
1998-02-24,63.032737731933594,,
1998-02-25,63.814903259277344,,
1998-02-26,64.17742919921875,,
1998-02-27,64.17742919921875,,
1998-03-02,64.0438461303711,,
1998-03-03,64.4063491821289,,
1998-03-04,63.986610412597656,,
1998-03-05,63.395225524902344,,
1998-03-06,64.67345428466797,,
1998-03-09,64.44451141357422,,
1998-03-10,65.0549545288086,,
1998-03-11,65.36026000976562,,
1998-03-12,65.6272964477539,,
1998-03-13,65.37931823730469,,
1998-03-16,66.08516693115234,,
1998-03-17,66.27595520019531,,
1998-03-18,66.5239486694336,,
1998-03-19,66.69566345214844,,
1998-03-20,67.26995086669922,,
1998-03-23,67.11687469482422,,
1998-03-24,67.69086456298828,,
1998-03-25,67.44214630126953,,
1998-03-26,67.40388488769531,,
1998-03-27,67.11687469482422,,
1998-03-30,67.07860565185547,,
1998-03-31,67.30823516845703,,
1998-04-01,67.85347747802734,,
1998-04-02,68.59007263183594,,
1998-04-03,68.93448638916016,,
1998-04-06,68.37962341308594,,
1998-04-07,67.92044830322266,,
1998-04-08,67.53781127929688,,
1998-04-09,68.07352447509766,,
1998-04-13,67.88216400146484,,
1998-04-14,68.45614624023438,,
1998-04-15,68.64749145507812,,
1998-04-16,67.84392547607422,,
1998-04-17,68.74315643310547,,
1998-04-20,68.7240219116211,,
1998-04-21,69.04926300048828,,
1998-04-22,69.24064636230469,,
1998-04-23,68.57099914550781,,
1998-04-24,67.84392547607422,,
1998-04-27,66.56206512451172,,
1998-04-28,66.46637725830078,,
1998-04-29,66.92554473876953,,
1998-04-30,68.16915893554688,,
1998-05-01,68.93448638916016,,
1998-05-04,68.76227569580078,,
1998-05-05,68.28396606445312,,
1998-05-06,67.48040771484375,,
1998-05-07,66.94469451904297,,
1998-05-08,68.03524780273438,,
1998-05-11,67.80567169189453,,
1998-05-12,68.53272247314453,,
1998-05-13,68.70487213134766,,
1998-05-14,68.36051177978516,,
1998-05-15,67.97785186767578,,
1998-05-18,67.71002960205078,,
1998-05-19,68.16915893554688,,
1998-05-20,68.8196792602539,,
1998-05-21,68.37962341308594,,
1998-05-22,68.11178588867188,,
1998-05-26,67.02119445800781,,
1998-05-27,67.11687469482422,,
1998-05-28,67.42301940917969,,
1998-05-29,66.75334167480469,,
1998-06-01,67.05951690673828,,
1998-06-02,67.11687469482422,,
1998-06-03,66.04545593261719,,
1998-06-04,67.26995086669922,,
1998-06-05,68.57099914550781,,
1998-06-08,68.49443817138672,,
1998-06-09,68.70487213134766,,
1998-06-10,68.26483154296875,,
1998-06-11,66.98294830322266,,
1998-06-12,67.61430358886719,,
1998-06-15,65.83500671386719,,
1998-06-16,66.84901428222656,,
1998-06-17,68.24574279785156,,
1998-06-18,67.93961334228516,,
1998-06-19,67.59919738769531,,
1998-06-22,67.92546844482422,,
1998-06-23,68.73162078857422,,
1998-06-24,69.6528549194336,,
1998-06-25,69.5377426147461,,
1998-06-26,69.82564544677734,,
1998-06-29,70.07511901855469,,
1998-06-30,69.5953140258789,,
1998-07-01,70.40142822265625,,
1998-07-02,70.5357666015625,,
1998-07-06,71.24591827392578,,
1998-07-07,71.11155700683594,,
1998-07-08,71.62979888916016,,
1998-07-09,71.14997100830078,,
1998-07-10,71.5338363647461,,
1998-07-13,71.55303192138672,,
1998-07-14,72.35917663574219,,
1998-07-15,72.22479248046875,,
1998-07-16,72.72380065917969,,
1998-07-17,72.81977081298828,,
1998-07-20,72.81977081298828,,
1998-07-21,71.55303192138672,,
1998-07-22,71.55303192138672,,
1998-07-23,70.13272094726562,,
1998-07-24,70.07511901855469,,
1998-07-27,70.57418823242188,,
1998-07-28,69.3841781616211,,
1998-07-29,69.11548614501953,,
1998-07-30,70.15187072753906,,
1998-07-31,68.65484619140625,,
1998-08-03,68.36693572998047,,
1998-08-04,65.71825408935547,,
1998-08-05,66.62033081054688,,
1998-08-06,66.9082260131836,,
1998-08-07,67.02336883544922,,
1998-08-10,66.63953399658203,,
1998-08-11,65.64146423339844,,
1998-08-12,66.75464630126953,,
1998-08-13,65.94855499267578,,
1998-08-14,65.18080139160156,,
1998-08-17,66.5627212524414,,
1998-08-18,67.79109954833984,,
1998-08-19,67.61839294433594,,
1998-08-20,67.2153091430664,,
1998-08-21,66.67786407470703,,
1998-08-24,67.10015106201172,,
1998-08-25,67.25367736816406,,
1998-08-26,66.86981201171875,,
1998-08-27,63.72209548950195,,
1998-08-28,63.49179458618164,,
1998-08-31,58.96216583251953,,
1998-09-01,61.457279205322266,,
1998-09-02,61.01585006713867,,
1998-09-03,60.5360107421875,,
1998-09-04,60.03696823120117,,
1998-09-08,63.261478424072266,,
1998-09-09,61.72598648071289,,
1998-09-10,60.49760055541992,,
1998-09-11,62.45534133911133,,
1998-09-14,63.53016662597656,,
1998-09-15,63.9140510559082,,
1998-09-16,64.48983001708984,,
1998-09-17,62.64726257324219,,
1998-09-18,62.92631149291992,,
1998-09-21,62.8878059387207,,
1998-09-22,63.407833099365234,,
1998-09-23,65.9503402709961,,
1998-09-24,64.33244323730469,,
1998-09-25,64.2553482055664,,
1998-09-28,64.83316802978516,,
1998-09-29,64.6790771484375,,
1998-09-30,62.71446228027344,,
1998-10-01,60.90391540527344,,
1998-10-02,62.07883071899414,,
1998-10-05,60.82683181762695,,
1998-10-06,60.76911926269531,,
1998-10-07,59.863800048828125,,
1998-10-08,59.536346435546875,,
1998-10-09,60.73054885864258,,
1998-10-12,61.6165771484375,,
1998-10-13,61.404720306396484,,
1998-10-14,61.982540130615234,,
1998-10-15,65.31471252441406,,
1998-10-16,65.33399963378906,,
1998-10-19,65.56510925292969,,
1998-10-20,65.9503402709961,,
1998-10-21,65.71922302246094,,
1998-10-22,66.7015151977539,,
1998-10-23,65.85403442382812,,
1998-10-26,66.3355712890625,,
1998-10-27,65.9503402709961,,
1998-10-28,65.83476257324219,,
1998-10-29,67.43345642089844,,
1998-10-30,67.7994384765625,,
1998-11-02,68.95507049560547,,
1998-11-03,68.45429229736328,,
1998-11-04,69.18619537353516,,
1998-11-05,70.12999725341797,,
1998-11-06,70.34190368652344,,
1998-11-09,69.84113311767578,,
1998-11-10,69.64849090576172,,
1998-11-11,69.18619537353516,,
1998-11-12,69.109130859375,,
1998-11-13,69.78334045410156,,
1998-11-16,70.30338287353516,,
1998-11-17,70.30338287353516,,
1998-11-18,70.72709655761719,,
1998-11-19,71.34346008300781,,
1998-11-20,71.88282012939453,,
1998-11-23,73.57776641845703,,
1998-11-24,73.1155014038086,,
1998-11-25,73.1155014038086,,
1998-11-27,73.65483856201172,,
1998-11-30,71.57457733154297,,
1998-12-01,72.49915313720703,,
1998-12-02,72.2872543334961,,
1998-12-03,71.09309387207031,,
1998-12-04,72.96142578125,,
1998-12-07,73.30809783935547,,
1998-12-08,72.98066711425781,,
1998-12-09,73.1155014038086,,
1998-12-10,72.04652404785156,,
1998-12-11,72.19097137451172,,
1998-12-14,70.11076354980469,,
1998-12-15,71.9212646484375,,
1998-12-16,71.82499694824219,,
1998-12-17,72.97105407714844,,
1998-12-18,73.28108978271484,,
1998-12-21,74.30535125732422,,
1998-12-22,74.63388061523438,,
1998-12-23,76.19921875,,
1998-12-24,75.87065887451172,,
1998-12-28,75.67739868164062,,
1998-12-29,76.87557983398438,,
1998-12-30,76.2571792602539,,
1998-12-31,76.2571792602539,,
1999-01-04,76.08326721191406,,
1999-01-05,76.952880859375,,
1999-01-06,78.80812072753906,,
1999-01-07,78.42161560058594,,
1999-01-08,79.0013656616211,,
1999-01-11,78.2476806640625,,
1999-01-12,76.83689880371094,,
1999-01-13,76.29584503173828,,
1999-01-14,74.9623794555664,,
1999-01-15,76.91426086425781,,
1999-01-19,77.41670989990234,,
1999-01-20,78.03506469726562,,
1999-01-21,75.9673080444336,,
1999-01-22,75.79339599609375,,
1999-01-25,76.56639862060547,,
1999-01-26,77.95780181884766,,
1999-01-27,77.04951477050781,,
1999-01-28,78.34431457519531,,
1999-01-29,78.94339752197266,,
1999-02-01,78.47957611083984,,
1999-02-02,77.99646759033203,,
1999-02-03,78.78878784179688,,
1999-02-04,77.60994720458984,,
1999-02-05,76.72100067138672,,
1999-02-08,76.87557983398438,,
1999-02-09,75.15563201904297,,
1999-02-10,75.6387939453125,,
1999-02-11,77.3780288696289,,
1999-02-12,76.45045471191406,,
1999-02-16,75.98666381835938,,
1999-02-17,75.90933990478516,,
1999-02-18,76.50841522216797,,
1999-02-19,76.83689880371094,,
1999-02-22,78.88541412353516,,
1999-02-23,78.8467788696289,,
1999-02-24,77.4553451538086,,
1999-02-25,76.72100067138672,,
1999-02-26,76.41177368164062,,
1999-03-01,76.62439727783203,,
1999-03-02,75.94798278808594,,
1999-03-03,76.35382843017578,,
1999-03-04,77.3200454711914,,
1999-03-05,78.87574005126953,,
1999-03-08,79.38787078857422,,
1999-03-09,79.19464111328125,,
1999-03-10,79.89031982421875,,
1999-03-11,80.77928161621094,,
1999-03-12,80.00624084472656,,
1999-03-15,81.14643096923828,,
1999-03-16,80.83726501464844,,
1999-03-17,80.48938751220703,,
1999-03-18,81.78414916992188,,
1999-03-19,80.39401245117188,,
1999-03-22,80.54901885986328,,
1999-03-23,78.224365234375,,
1999-03-24,78.66995239257812,,
1999-03-25,80.27782440185547,,
1999-03-26,79.69662475585938,,
1999-03-29,81.30455017089844,,
1999-03-30,80.87832641601562,,
1999-03-31,79.58041381835938,,
1999-04-01,80.18095397949219,,
1999-04-05,82.07940673828125,,
1999-04-06,81.88567352294922,,
1999-04-07,82.5443344116211,,
1999-04-08,83.59042358398438,,
1999-04-09,83.60978698730469,,
1999-04-12,84.50090789794922,,
1999-04-13,83.95848846435547,,
1999-04-14,82.5443344116211,,
1999-04-15,82.2343978881836,,
1999-04-16,81.5369873046875,,
1999-04-19,80.27782440185547,,
1999-04-20,81.28512573242188,,
1999-04-21,83.60978698730469,,
1999-04-22,84.40409851074219,,
1999-04-23,84.19100952148438,,
1999-04-26,84.67528533935547,,
1999-04-27,85.08212280273438,,
1999-04-28,83.91976928710938,,
1999-04-29,83.28047180175781,,
1999-04-30,82.60246276855469,,
1999-05-03,84.11344146728516,,
1999-05-04,82.9123764038086,,
1999-05-05,83.57106018066406,,
1999-05-06,83.05769348144531,,
1999-05-07,83.68733978271484,,
1999-05-10,83.27076721191406,,
1999-05-11,84.11344146728516,,
1999-05-12,84.77214050292969,,
1999-05-13,85.14019775390625,,
1999-05-14,82.93177032470703,,
1999-05-17,83.18358612060547,,
1999-05-18,83.02862548828125,,
1999-05-19,83.6291732788086,,
1999-05-20,83.12548065185547,,
1999-05-21,82.66059112548828,,
1999-05-24,81.28512573242188,,
1999-05-25,79.96783447265625,,
1999-05-26,80.85899353027344,,
1999-05-27,79.69662475585938,,
1999-05-28,80.7137222290039,,
1999-06-01,80.43280029296875,,
1999-06-02,80.51025390625,,
1999-06-03,80.9558334350586,,
1999-06-04,82.58308410644531,,
1999-06-07,82.79618072509766,,
1999-06-08,81.9825439453125,,
1999-06-09,81.90509033203125,,
1999-06-10,81.1495590209961,,
1999-06-11,80.47154998779297,,
1999-06-14,80.54901885986328,,
1999-06-15,81.09141540527344,,
1999-06-16,82.6412124633789,,
1999-06-17,83.41606903076172,,
1999-06-18,83.512451171875,,
1999-06-21,83.70674896240234,,
1999-06-22,83.12384796142578,,
1999-06-23,82.7157974243164,,
1999-06-24,82.0940170288086,,
1999-06-25,81.8899917602539,,
1999-06-28,82.89068603515625,,
1999-06-29,83.66788482666016,,
1999-06-30,85.18350219726562,,
1999-07-01,85.8246841430664,,
1999-07-02,86.67960357666016,,
1999-07-06,86.66020965576172,,
1999-07-07,86.77676391601562,,
1999-07-08,86.84478759765625,,
1999-07-09,87.35968017578125,,
1999-07-12,86.97107696533203,,
1999-07-13,86.66020965576172,,
1999-07-14,87.14595794677734,,
1999-07-15,87.69971466064453,,
1999-07-16,88.17578887939453,,
1999-07-19,87.59291076660156,,
1999-07-20,85.79557800292969,,
1999-07-21,85.69839477539062,,
1999-07-22,84.57141876220703,,
1999-07-23,84.40621948242188,,
1999-07-26,83.78453063964844,,
1999-07-27,84.48400115966797,,
1999-07-28,84.75601196289062,,
1999-07-29,83.57074737548828,,
1999-07-30,82.54090118408203,,
1999-08-02,82.73523712158203,,
1999-08-03,82.34666442871094,,
1999-08-04,81.21963500976562,,
1999-08-05,81.9580307006836,,
1999-08-06,81.0642318725586,,
1999-08-09,80.88935852050781,,
1999-08-10,79.99552917480469,,
1999-08-11,80.96707916259766,,
1999-08-12,80.91844940185547,,
1999-08-13,82.79351806640625,,
1999-08-16,83.16268157958984,,
1999-08-17,83.70674896240234,,
1999-08-18,83.10443115234375,,
1999-08-19,82.42433166503906,,
1999-08-20,83.25987243652344,,
1999-08-23,84.85320281982422,,
1999-08-24,85.16407775878906,,
1999-08-25,86.03844451904297,,
1999-08-26,85.00859832763672,,
1999-08-27,83.97879791259766,,
1999-08-30,82.42433166503906,,
1999-08-31,82.11348724365234,,
1999-09-01,83.12384796142578,,
1999-09-02,82.14260864257812,,
1999-09-03,84.54226684570312,,
1999-09-07,84.23138427734375,,
1999-09-08,83.82332611083984,,
1999-09-09,83.78453063964844,,
1999-09-10,84.48400115966797,,
1999-09-13,83.91072845458984,,
1999-09-14,83.35700988769531,,
1999-09-15,82.03571319580078,,
1999-09-16,82.3563232421875,,
1999-09-17,83.39691162109375,,
1999-09-20,83.280029296875,,
1999-09-21,81.52633666992188,,
1999-09-22,81.43869018554688,,
1999-09-23,79.73370361328125,,
1999-09-24,79.65580749511719,,
1999-09-27,80.18184661865234,,
1999-09-28,80.0259780883789,,
1999-09-29,79.07118225097656,,
1999-09-30,80.2792739868164,,
1999-10-01,80.10391998291016,,
1999-10-04,81.52633666992188,,
1999-10-05,81.44837951660156,,
1999-10-06,82.69544219970703,,
1999-10-07,82.22773742675781,,
1999-10-08,83.47489166259766,,
1999-10-11,83.33848571777344,,
1999-10-12,82.0524673461914,,
1999-10-13,79.92854309082031,,
1999-10-14,79.90906524658203,,
1999-10-15,77.86309814453125,,
1999-10-18,78.42816162109375,,
1999-10-19,79.18812561035156,,
1999-10-20,79.967529296875,,
1999-10-21,80.4351577758789,,
1999-10-22,81.1171646118164,,
1999-10-25,80.70796203613281,,
1999-10-26,79.69474029541016,,
1999-10-27,81.13668060302734,,
1999-10-28,83.90353393554688,,
1999-10-29,85.42340087890625,,
1999-11-01,84.52706146240234,,
1999-11-02,83.92302703857422,,
1999-11-03,84.48812103271484,,
1999-11-04,85.13109588623047,,
1999-11-05,85.96895599365234,,
1999-11-08,86.04688262939453,,
1999-11-09,85.23828887939453,,
1999-11-10,85.8715591430664,,
1999-11-11,86.35868835449219,,
1999-11-12,87.1380844116211,,
1999-11-15,87.34266662597656,,
1999-11-16,88.0733871459961,,
1999-11-17,88.30722045898438,,
1999-11-18,88.93075561523438,,
1999-11-19,88.85283660888672,,
1999-11-22,88.83332061767578,,
1999-11-23,88.05390930175781,,
1999-11-24,88.52152252197266,,
1999-11-26,88.1903305053711,,
1999-11-29,87.87854766845703,,
1999-11-30,86.8458023071289,,
1999-12-01,87.5472640991211,,
1999-12-02,88.0733871459961,,
1999-12-03,89.69068145751953,,
1999-12-06,89.02816772460938,,
1999-12-07,88.30722045898438,,
1999-12-08,87.74213409423828,,
1999-12-09,88.17082214355469,,
1999-12-10,88.463134765625,,
1999-12-13,88.61895751953125,,
1999-12-14,87.76158905029297,,
1999-12-15,88.22926330566406,,
1999-12-16,88.61895751953125,,
1999-12-17,89.18807983398438,,
1999-12-20,88.54351043701172,,
1999-12-21,89.89130401611328,,
1999-12-22,90.12572479248047,,
1999-12-23,91.56137084960938,,
1999-12-27,91.43439483642578,,
1999-12-28,91.37580871582031,,
1999-12-29,91.76651000976562,,
1999-12-30,91.65906524658203,,
1999-12-31,91.8055419921875,,
2000-01-03,90.90705108642578,,
2000-01-04,87.35197448730469,,
2000-01-05,87.50823211669922,,
2000-01-06,86.10188293457031,,
2000-01-07,91.10234832763672,,
2000-01-10,91.41487884521484,,
2000-01-11,90.32106018066406,,
2000-01-12,89.42250061035156,,
2000-01-13,90.63351440429688,,
2000-01-14,91.8641357421875,,
2000-01-18,91.14144134521484,,
2000-01-19,91.88368225097656,,
2000-01-20,90.47725677490234,,
2000-01-21,90.28196716308594,,
2000-01-24,87.72311401367188,,
2000-01-25,88.71929931640625,,
2000-01-26,88.01612091064453,,
2000-01-27,87.6645278930664,,
2000-01-28,84.92987823486328,,
2000-01-31,87.23477172851562,,
2000-02-01,88.09425354003906,,
2000-02-02,88.17239379882812,,
2000-02-03,89.50062561035156,,
2000-02-04,89.1295394897461,,
2000-02-07,88.99274444580078,,
2000-02-08,90.20381927490234,,
2000-02-09,88.30912017822266,,
2000-02-10,88.48490905761719,,
2000-02-11,86.68783569335938,,
2000-02-14,87.19575500488281,,
2000-02-15,88.18212127685547,,
2000-02-16,86.88320922851562,,
2000-02-17,86.4339599609375,,
2000-02-18,84.57831573486328,,
2000-02-22,84.36341857910156,,
2000-02-23,85.3596420288086,,
2000-02-24,83.64068603515625,,
2000-02-25,83.33790588378906,,
2000-02-28,85.08617401123047,,
2000-02-29,85.90653991699219,,
2000-03-01,86.53158569335938,,
2000-03-02,86.59017944335938,,
2000-03-03,88.21145629882812,,
2000-03-06,87.35197448730469,,
2000-03-07,85.66238403320312,,
2000-03-08,85.55494689941406,,
2000-03-09,88.05522155761719,,
2000-03-10,87.58639526367188,,
2000-03-13,86.62928771972656,,
2000-03-14,85.39867401123047,,
2000-03-15,87.39103698730469,,
2000-03-16,91.47345733642578,,
2000-03-17,92.07804107666016,,
2000-03-20,91.60803985595703,,
2000-03-21,93.48797607421875,,
2000-03-22,94.0558853149414,,
2000-03-23,95.66166687011719,,
2000-03-24,96.22955322265625,,
2000-03-27,95.21125793457031,,
2000-03-28,94.66288757324219,,
2000-03-29,94.7608642578125,,
2000-03-30,93.1747055053711,,
2000-03-31,94.23213195800781,,
2000-04-03,94.78046417236328,,
2000-04-04,94.0754623413086,,
2000-04-05,93.48797607421875,,
2000-04-06,94.30065155029297,,
2000-04-07,94.89794158935547,,
2000-04-10,94.5258560180664,,
2000-04-11,94.2517318725586,,
2000-04-12,91.66680908203125,,
2000-04-13,90.3938980102539,,
2000-04-14,85.22409057617188,,
2000-04-17,88.20062255859375,,
2000-04-18,90.5310287475586,,
2000-04-19,89.68895721435547,,
2000-04-20,90.1197509765625,,
2000-04-24,89.14063262939453,,
2000-04-25,92.84178924560547,,
2000-04-26,91.79409790039062,,
2000-04-27,91.4905776977539,,
2000-04-28,90.92263793945312,,
2000-05-01,92.15637969970703,,
2000-05-02,90.3155288696289,,
2000-05-03,88.20062255859375,,
2000-05-04,88.866455078125,,
2000-05-05,89.9435043334961,,
2000-05-08,89.26786804199219,,
2000-05-09,88.55313873291016,,
2000-05-10,86.55572509765625,,
2000-05-11,88.5335693359375,,
2000-05-12,89.49312591552734,,
2000-05-15,91.04016876220703,,
2000-05-16,91.92134094238281,,
2000-05-17,90.96180725097656,,
2000-05-18,89.84561157226562,,
2000-05-19,88.43567657470703,,
2000-05-22,87.76983642578125,,
2000-05-23,86.47735595703125,,
2000-05-24,87.88734436035156,,
2000-05-25,86.37947082519531,,
2000-05-26,86.47735595703125,,
2000-05-30,89.29730987548828,,
2000-05-31,89.49312591552734,,
2000-06-01,91.05973052978516,,
2000-06-02,92.64592742919922,,
2000-06-05,92.1955337524414,,
2000-06-06,91.78428649902344,,
2000-06-07,92.42073059082031,,
2000-06-08,92.05845642089844,,
2000-06-09,91.86261749267578,,
2000-06-12,90.78559112548828,,
2000-06-13,92.48930358886719,,
2000-06-14,92.64592742919922,,
2000-06-15,92.84178924560547,,
2000-06-16,92.07891082763672,,
2000-06-19,93.25656127929688,,
2000-06-20,92.92292785644531,,
2000-06-21,92.88365936279297,,
2000-06-22,91.47038269042969,,
2000-06-23,90.68522644042969,,
2000-06-26,91.85315704345703,,
2000-06-27,91.17597961425781,,
2000-06-28,91.43115997314453,,
2000-06-29,90.56745910644531,,
2000-06-30,91.2544937133789,,
2000-07-03,92.51073455810547,,
2000-07-05,90.84230041503906,,
2000-07-06,91.54890441894531,,
2000-07-07,93.02108764648438,,
2000-07-10,92.86402130126953,,
2000-07-11,93.06037139892578,,
2000-07-12,93.66885375976562,,
2000-07-13,94.08106994628906,,
2000-07-14,95.00360107421875,,
2000-07-17,94.84657287597656,,
2000-07-18,94.07123565673828,,
2000-07-19,93.31549835205078,,
2000-07-20,94.61102294921875,,
2000-07-21,92.7658920288086,,
2000-07-24,92.23592376708984,,
2000-07-25,92.53036499023438,,
2000-07-26,91.62744903564453,,
2000-07-27,91.3133773803711,,
2000-07-28,89.25234985351562,,
2000-07-31,89.82157897949219,,
2000-08-01,90.37123107910156,,
2000-08-02,90.82262420654297,,
2000-08-03,91.45073699951172,,
2000-08-04,91.9415054321289,,
2000-08-07,93.04067993164062,,
2000-08-08,93.39409637451172,,
2000-08-09,92.60885620117188,,
2000-08-10,92.15740203857422,,
2000-08-11,92.5892562866211,,
2000-08-14,93.76697540283203,,
2000-08-15,93.68848419189453,,
2000-08-16,93.35476684570312,,
2000-08-17,94.33619689941406,,
2000-08-18,94.02220153808594,,
2000-08-21,94.53254699707031,,
2000-08-22,94.37541961669922,,
2000-08-23,94.7484130859375,,
2000-08-24,95.0428237915039,,
2000-08-25,95.00360107421875,,
2000-08-28,95.32744598388672,,
2000-08-29,95.34713745117188,,
2000-08-30,94.43437957763672,,
2000-08-31,95.69062805175781,,
2000-09-01,95.78873443603516,,
2000-09-05,95.02320861816406,,
2000-09-06,93.94366455078125,,
2000-09-07,94.7484130859375,,
2000-09-08,94.10066986083984,,
2000-09-11,93.96326446533203,,
2000-09-12,93.27623748779297,,
2000-09-13,93.52161407470703,,
2000-09-14,93.9926986694336,,
2000-09-15,91.93634033203125,,
2000-09-18,91.09016418457031,,
2000-09-19,91.91665649414062,,
2000-09-20,91.23778533935547,,
2000-09-21,89.8504867553711,,
2000-09-22,91.4837417602539,,
2000-09-25,90.83436584472656,,
2000-09-26,89.67334747314453,,
2000-09-27,90.14562225341797,,
2000-09-28,91.30660247802734,,
2000-09-29,90.44081115722656,,
2000-10-02,90.57856750488281,,
2000-10-03,89.73240661621094,,
2000-10-04,90.48011779785156,,
2000-10-05,90.7950210571289,,
2000-10-06,88.82720184326172,,
2000-10-09,88.15816497802734,,
2000-10-10,86.70196533203125,,
2000-10-11,85.97383880615234,,
2000-10-12,83.82892608642578,,
2000-10-13,86.62326049804688,,
2000-10-16,87.01681518554688,,
2000-10-17,84.85221099853516,,
2000-10-18,84.537353515625,,
2000-10-19,87.7251968383789,,
2000-10-20,88.09912109375,,
2000-10-23,88.49268341064453,,
2000-10-24,87.90231323242188,,
2000-10-25,85.83612823486328,,
2000-10-26,86.07223510742188,,
2000-10-27,87.70552825927734,,
2000-10-30,88.49268341064453,,
2000-10-31,90.01771545410156,,
2000-11-01,89.71276092529297,,
2000-11-02,89.86029052734375,,
2000-11-03,89.90951538085938,,
2000-11-06,90.53919219970703,,
2000-11-07,90.51950073242188,,
2000-11-08,88.5123291015625,,
2000-11-09,88.1778335571289,,
2000-11-10,86.03291320800781,,
2000-11-13,85.36388397216797,,
2000-11-14,87.60714721679688,,
2000-11-15,87.88265991210938,,
2000-11-16,86.50513458251953,,
2000-11-17,86.04275512695312,,
2000-11-20,84.81283569335938,,
2000-11-21,85.24577331542969,,
2000-11-22,83.2090835571289,,
2000-11-24,84.91120910644531,,
2000-11-27,85.65900421142578,,
2000-11-28,84.18315124511719,,
2000-11-29,84.02571105957031,,
2000-11-30,83.29759979248047,,
2000-12-01,83.25829315185547,,
2000-12-04,83.9666976928711,,
2000-12-05,86.72163391113281,,
2000-12-06,85.33430480957031,,
2000-12-07,84.16352081298828,,
2000-12-08,84.36026000976562,,
2000-12-11,87.29232788085938,,
2000-12-12,86.91841888427734,,
2000-12-13,85.7278823852539,,
2000-12-14,84.63572692871094,,
2000-12-15,82.72412109375,,
2000-12-18,83.8294906616211,,
2000-12-19,82.12207794189453,,
2000-12-20,79.74359130859375,,
2000-12-21,80.29624938964844,,
2000-12-22,82.70437622070312,,
2000-12-26,83.59261322021484,,
2000-12-27,84.2044906616211,,
2000-12-28,84.46110534667969,,
2000-12-29,82.86228942871094,,
2001-01-02,81.36213684082031,,
2001-01-03,85.27040100097656,,
2001-01-04,84.35255432128906,,
2001-01-05,81.5990219116211,,
2001-01-08,82.23064422607422,,
2001-01-09,82.01353454589844,,
2001-01-10,83.4544448852539,,
2001-01-11,83.53338623046875,,
2001-01-12,83.37550354003906,,
2001-01-16,83.90843200683594,,
2001-01-17,84.29326629638672,,
2001-01-18,85.13224029541016,,
2001-01-19,84.64860534667969,,
2001-01-22,85.2111587524414,,
2001-01-23,85.88227081298828,,
2001-01-24,86.1388931274414,,
2001-01-25,85.92178344726562,,
2001-01-26,85.82308197021484,,
2001-01-29,86.2809829711914,,
2001-01-30,87.03893280029297,,
2001-01-31,86.54629516601562,,
2001-02-01,87.1210708618164,,
2001-02-02,85.1440658569336,,
2001-02-05,85.76934814453125,,
2001-02-06,85.51673126220703,,
2001-02-07,85.0745620727539,,
2001-02-08,84.08290100097656,,
2001-02-09,83.27442932128906,,
2001-02-12,84.22819519042969,,
2001-02-13,83.5396957397461,,
2001-02-14,83.41339111328125,,
2001-02-15,84.22183990478516,,
2001-02-16,82.36489868164062,,
2001-02-20,81.09530639648438,,
2001-02-21,79.34566497802734,,
2001-02-22,79.46569061279297,,
2001-02-23,78.92880249023438,,
2001-02-26,80.60891723632812,,
2001-02-27,79.86360931396484,,
2001-02-28,78.29086303710938,,
2001-03-01,78.70137023925781,,
2001-03-02,78.07610321044922,,
2001-03-05,78.7898941040039,,
2001-03-06,79.63624572753906,,
2001-03-07,80.20472717285156,,
2001-03-08,80.2931137084961,,
2001-03-09,77.91815948486328,,
2001-03-12,74.58316040039062,,
2001-03-13,75.80854034423828,,
2001-03-14,74.31157684326172,,
2001-03-15,74.33049774169922,,
2001-03-16,72.83963775634766,,
2001-03-19,74.32164001464844,,
2001-03-20,72.3266372680664,,
2001-03-21,71.09798431396484,,
2001-03-22,70.37598419189453,,
2001-03-23,72.50395965576172,,
2001-03-26,73.42864990234375,,
2001-03-27,74.92962646484375,,
2001-03-28,72.85863494873047,,
2001-03-29,73.13732147216797,,
2001-03-30,73.90367126464844,,
2001-04-02,72.3266372680664,,
2001-04-03,69.91366577148438,,
2001-04-04,70.20499420166016,,
2001-04-05,72.8649673461914,,
2001-04-06,71.75662994384766,,
2001-04-09,72.55463409423828,,
2001-04-10,73.8783187866211,,
2001-04-11,73.92901611328125,,
2001-04-12,75.27165222167969,,
2001-04-16,74.4800033569336,,
2001-04-17,75.53129577636719,,
2001-04-18,78.53328704833984,,
2001-04-19,79.57833099365234,,
2001-04-20,78.84996032714844,,
2001-04-23,77.41862487792969,,
2001-04-24,77.00062561035156,,
2001-04-25,78.00759887695312,,
2001-04-26,78.35599517822266,,
2001-04-27,79.66064453125,,
2001-04-30,80.21796417236328,,
2001-05-01,80.46499633789062,,
2001-05-02,80.3193359375,,
2001-05-03,79.29961395263672,,
2001-05-04,80.64861297607422,,
2001-05-07,79.95198059082031,,
2001-05-08,79.91394805908203,,
2001-05-09,79.57833099365234,,
2001-05-10,79.81261444091797,,
2001-05-11,79.26165771484375,,
2001-05-14,79.41999053955078,,
2001-05-15,79.78730010986328,,
2001-05-16,81.6683120727539,,
2001-05-17,81.79499816894531,,
2001-05-18,82.16862487792969,,
2001-05-21,83.37831115722656,,
2001-05-22,83.27061462402344,,
2001-05-23,81.85832977294922,,
2001-05-24,82.09894561767578,,
2001-05-25,81.1299819946289,,
2001-05-29,80.48397827148438,,
2001-05-30,79.35664367675781,,
2001-05-31,79.768310546875,,
2001-06-01,80.26231384277344,,
2001-06-04,80.64861297607422,,
2001-06-05,81.57333374023438,,
2001-06-06,80.89567565917969,,
2001-06-07,81.18700408935547,,
2001-06-08,80.43328857421875,,
2001-06-11,79.86329650878906,,
2001-06-12,79.72396850585938,,
2001-06-13,79.0400390625,,
2001-06-14,77.26663970947266,,
2001-06-15,77.39112854003906,,
2001-06-18,77.01641082763672,,
2001-06-19,77.35301208496094,,
2001-06-20,77.75949096679688,,
2001-06-21,78.6423568725586,,
2001-06-22,78.02629089355469,,
2001-06-25,77.30856323242188,,
2001-06-26,77.2005615234375,,
2001-06-27,77.15612030029297,,
2001-06-28,77.58163452148438,,
2001-06-29,77.86749267578125,,
2001-07-02,78.83924102783203,,
2001-07-03,78.82018280029297,,
2001-07-05,77.28313446044922,,
2001-07-06,75.61275482177734,,
2001-07-09,76.02560424804688,,
2001-07-10,75.11099243164062,,
2001-07-11,75.18718719482422,,
2001-07-12,76.97193908691406,,
2001-07-13,77.63880920410156,,
2001-07-16,76.66706848144531,,
2001-07-17,77.38475799560547,,
2001-07-18,76.85757446289062,,
2001-07-19,77.53086853027344,,
2001-07-20,77.06719970703125,,
2001-07-23,75.54923248291016,,
2001-07-24,74.8188705444336,,
2001-07-25,75.64450073242188,,
2001-07-26,76.43841552734375,,
2001-07-27,76.7305908203125,,
2001-07-30,76.7559814453125,,
2001-07-31,77.07354736328125,,
2001-08-01,77.55625915527344,,
2001-08-02,77.87382507324219,,
2001-08-03,77.44831085205078,,
2001-08-06,76.40666961669922,,
2001-08-07,76.70518493652344,,
2001-08-08,75.28248596191406,,
2001-08-09,75.50477600097656,,
2001-08-10,75.76518249511719,,
2001-08-13,75.78423309326172,,
2001-08-14,75.7524642944336,,
2001-08-15,75.09828186035156,,
2001-08-16,75.35870361328125,,
2001-08-17,74.15193939208984,,
2001-08-20,74.83787536621094,,
2001-08-21,73.56124877929688,,
2001-08-22,74.32341766357422,,
2001-08-23,74.05663299560547,,
2001-08-24,75.59368896484375,,
2001-08-27,75.14273071289062,,
2001-08-28,74.04396057128906,,
2001-08-29,73.3834228515625,,
2001-08-30,71.9734115600586,,
2001-08-31,72.50059509277344,,
2001-09-04,72.03691864013672,,
2001-09-05,72.21479797363281,,
2001-09-06,70.35383605957031,,
2001-09-07,69.05182647705078,,
2001-09-10,69.89655303955078,,
2001-09-17,66.24452209472656,,
2001-09-18,66.08574676513672,,
2001-09-19,64.75196075439453,,
2001-09-20,62.69411087036133,,
2001-09-21,62.017723083496094,,
2001-09-24,64.19802856445312,,
2001-09-25,64.86743927001953,,
2001-09-26,64.63792419433594,,
2001-09-27,65.19892120361328,,
2001-09-28,66.58233642578125,,
2001-10-01,66.4739761352539,,
2001-10-02,67.30908966064453,,
2001-10-03,68.4374771118164,,
2001-10-04,68.49491119384766,,
2001-10-05,68.36101531982422,,
2001-10-08,67.91475677490234,,
2001-10-09,67.55138397216797,,
2001-10-10,69.055908203125,,
2001-10-11,70.1269302368164,,
2001-10-12,69.80818939208984,,
2001-10-15,69.68065643310547,,
2001-10-16,70.12055969238281,,
2001-10-17,68.62879180908203,,
2001-10-18,68.48211669921875,,
2001-10-19,68.4374771118164,,
2001-10-22,69.78905487060547,,
2001-10-23,69.43204498291016,,
2001-10-24,69.24718475341797,,
2001-10-25,70.49031829833984,,
2001-10-26,70.33091735839844,,
2001-10-29,68.50128936767578,,
2001-10-30,67.67888641357422,,
2001-10-31,67.4493637084961,,
2001-11-01,69.17701721191406,,
2001-11-02,69.6488037109375,,
2001-11-05,70.56044006347656,,
2001-11-06,71.65696716308594,,
2001-11-07,71.56136322021484,,
2001-11-08,71.78449249267578,,
2001-11-09,71.86097717285156,,
2001-11-12,71.42110443115234,,
2001-11-13,73.02764892578125,,
2001-11-14,73.0977554321289,,
2001-11-15,73.23163604736328,,
2001-11-16,72.90650939941406,,
2001-11-19,73.80538940429688,,
2001-11-20,73.1870346069336,,
2001-11-21,72.70249938964844,,
2001-11-23,73.7480239868164,,
2001-11-26,73.90739440917969,,
2001-11-27,73.58866882324219,,
2001-11-28,72.2562255859375,,
2001-11-29,73.23163604736328,,
2001-11-30,72.70886993408203,,
2001-12-03,72.27535247802734,,
2001-12-04,73.4994125366211,,
2001-12-05,74.84458923339844,,
2001-12-06,74.80628204345703,,
2001-12-07,74.30908203125,,
2001-12-10,72.91925048828125,,
2001-12-11,72.77265167236328,,
2001-12-12,72.85549926757812,,
2001-12-13,71.4402084350586,,
2001-12-14,72.12238311767578,,
2001-12-17,72.86824798583984,,
2001-12-18,73.30176544189453,,
2001-12-19,73.8181381225586,,
2001-12-20,73.0914077758789,,
2001-12-21,73.53470611572266,,
2001-12-24,73.39398193359375,,
2001-12-26,73.7969970703125,,
2001-12-27,74.24481201171875,,
2001-12-28,74.20637512207031,,
2001-12-31,73.11888122558594,,
2002-01-02,73.90576171875,,
2002-01-03,74.7437515258789,,
2002-01-04,75.24275970458984,,
2002-01-07,74.71174621582031,,
2002-01-08,74.53903198242188,,
2002-01-09,73.93132781982422,,
2002-01-10,74.25757598876953,,
2002-01-11,73.52831268310547,,
2002-01-14,73.06773376464844,,
2002-01-15,73.66264343261719,,
2002-01-16,72.17211151123047,,
2002-01-17,72.71587371826172,,
2002-01-18,72.38323211669922,,
2002-01-22,71.88420867919922,,
2002-01-23,72.43440246582031,,
2002-01-24,72.65830993652344,,
2002-01-25,72.63911437988281,,
2002-01-28,72.83741760253906,,
2002-01-29,70.5472640991211,,
2002-01-30,71.56439971923828,,
2002-01-31,72.40242767333984,,
2002-02-01,72.0633773803711,,
2002-02-04,70.27218627929688,,
2002-02-05,69.8371810913086,,
2002-02-06,69.53651428222656,,
2002-02-07,69.10150909423828,,
2002-02-08,70.42572021484375,,
2002-02-11,71.28933715820312,,
2002-02-12,71.06544494628906,,
2002-02-13,71.82023620605469,,
2002-02-14,71.6859359741211,,
2002-02-15,70.9374771118164,,
2002-02-19,69.57489776611328,,
2002-02-20,70.74555206298828,,
2002-02-21,69.28059387207031,,
2002-02-22,70.13783264160156,,
2002-02-25,71.29573822021484,,
2002-02-26,71.1485824584961,,
2002-02-27,71.42365264892578,,
2002-02-28,71.10382843017578,,
2002-03-01,72.76066589355469,,
2002-03-04,74.0465087890625,,
2002-03-05,73.80976867675781,,
2002-03-06,74.68617248535156,,
2002-03-07,74.52623748779297,,
2002-03-08,74.83972930908203,,
2002-03-11,74.9996566772461,,
2002-03-12,74.95487213134766,,
2002-03-13,74.23199462890625,,
2002-03-14,74.129638671875,,
2002-03-15,74.83598327636719,,
2002-03-18,74.84880065917969,,
2002-03-19,75.34921264648438,,
2002-03-20,73.93138122558594,,
2002-03-21,73.96347045898438,,
2002-03-22,73.80311584472656,,
2002-03-25,72.8857192993164,,
2002-03-26,73.30907440185547,,
2002-03-27,73.50153350830078,,
2002-03-28,73.46946716308594,,
2002-04-01,73.50153350830078,,
2002-04-02,73.09740447998047,,
2002-04-03,72.58415985107422,,
2002-04-04,72.28263092041016,,
2002-04-05,72.29547882080078,,
2002-04-08,72.4494400024414,,
2002-04-09,71.94259643554688,,
2002-04-10,72.75740814208984,,
2002-04-11,70.9482192993164,,
2002-04-12,71.4806900024414,,
2002-04-15,70.93537902832031,,
2002-04-16,72.62262725830078,,
2002-04-17,72.46867370605469,,
2002-04-18,72.15433502197266,,
2002-04-19,72.41737365722656,,
2002-04-22,71.21125030517578,,
2002-04-23,70.90332794189453,,
2002-04-24,70.19120788574219,,
2002-04-25,70.22970581054688,,
2002-04-26,68.89527130126953,,
2002-04-29,68.5552749633789,,
2002-04-30,69.19677734375,,
2002-05-01,70.04363250732422,,
2002-05-02,69.77422332763672,,
2002-05-03,69.01718139648438,,
2002-05-06,67.66352844238281,,
2002-05-07,67.42613983154297,,
2002-05-08,69.93457794189453,,
2002-05-09,69.12625122070312,,
2002-05-10,67.82392883300781,,
2002-05-13,69.2032241821289,,
2002-05-14,70.71087646484375,,
2002-05-15,70.43498992919922,,
2002-05-16,70.80067443847656,,
2002-05-17,71.1470947265625,,
2002-05-20,70.3772201538086,,
2002-05-21,69.73572540283203,,
2002-05-22,69.8896484375,,
2002-05-23,70.63385772705078,,
2002-05-24,69.72929382324219,,
2002-05-28,69.35076904296875,,
2002-05-29,68.83753967285156,,
2002-05-30,68.6451187133789,,
2002-05-31,68.7862548828125,,
2002-06-03,66.9578628540039,,
2002-06-04,67.1246337890625,,
2002-06-05,67.75333404541016,,
2002-06-06,66.37399291992188,,
2002-06-07,66.29705810546875,,
2002-06-10,66.55365753173828,,
2002-06-11,65.41169738769531,,
2002-06-12,65.80945587158203,,
2002-06-13,65.14868927001953,,
2002-06-14,65.05245208740234,,
2002-06-17,66.79742431640625,,
2002-06-18,67.3427505493164,,
2002-06-19,65.77100372314453,,
2002-06-20,64.93055725097656,,
2002-06-21,63.9152946472168,,
2002-06-24,64.25006103515625,,
2002-06-25,62.8079833984375,,
2002-06-26,62.910980224609375,,
2002-06-27,64.01187896728516,,
2002-06-28,63.70927429199219,,
2002-07-01,62.46675109863281,,
2002-07-02,61.14059066772461,,
2002-07-03,61.488224029541016,,
2002-07-05,63.93459701538086,,
2002-07-08,63.13630294799805,,
2002-07-09,61.54618453979492,,
2002-07-10,59.305763244628906,,
2002-07-11,59.788612365722656,,
2002-07-12,59.13194274902344,,
2002-07-15,59.44740676879883,,
2002-07-16,58.301456451416016,,
2002-07-17,58.417362213134766,,
2002-07-18,56.52457809448242,,
2002-07-19,54.53528594970703,,
2002-07-22,52.91939163208008,,
2002-07-23,51.470863342285156,,
2002-07-24,54.54170608520508,,
2002-07-25,54.07821273803711,,
2002-07-26,55.10826110839844,,
2002-07-29,57.79287338256836,,
2002-07-30,58.546077728271484,40.138580322265625,35.55564880371094
2002-07-31,58.6877555847168,40.506736755371094,35.996158599853516
2002-08-01,57.15552520751953,40.67365264892578,36.20115661621094
2002-08-02,55.8743896484375,40.98775100708008,36.57188034057617
2002-08-05,53.93013381958008,41.19391632080078,36.733280181884766
2002-08-06,55.7456169128418,40.86014938354492,36.41923522949219
2002-08-07,56.717750549316406,40.98775100708008,36.50648880004883
2002-08-08,58.55254364013672,40.84544372558594,36.50648880004883
2002-08-09,58.77143859863281,41.1497917175293,37.02115249633789
2002-08-12,58.34009552001953,41.23321533203125,37.247955322265625
2002-08-13,57.27781677246094,41.56209182739258,37.7059211730957
2002-08-14,59.37017059326172,41.439388275146484,37.84982681274414
2002-08-15,60.1942024230957,41.19886016845703,37.51837921142578
2002-08-16,60.013916015625,40.92887878417969,37.09965133666992
2002-08-19,61.41740036010742,40.96814727783203,37.213050842285156
2002-08-20,60.76719665527344,41.34611129760742,37.62742614746094
2002-08-21,61.64271926879883,41.2430305480957,37.4267578125
2002-08-22,62.24144744873047,41.02214813232422,37.09965133666992
2002-08-23,60.90239715576172,41.20860290527344,37.466033935546875
2002-08-26,61.3272705078125,41.228309631347656,37.500938415527344
2002-08-27,60.619110107421875,41.10558319091797,37.26539611816406
2002-08-28,59.29289627075195,41.257755279541016,37.45296096801758
2002-08-29,59.31865692138672,41.44919967651367,37.753849029541016
2002-08-30,59.08688735961914,41.52776336669922,37.980674743652344
2002-09-03,56.83364486694336,41.98091125488281,38.56458282470703
2002-09-04,57.6447639465332,41.96611785888672,38.55583572387695
2002-09-05,57.15552520751953,42.13357162475586,38.7661018371582
2002-09-06,57.94095993041992,41.8084716796875,38.31056213378906
2002-09-09,58.36582946777344,41.74938201904297,38.253578186035156
2002-09-10,59.03538131713867,41.897159576416016,38.43756866455078
2002-09-11,58.668426513671875,41.74443817138672,38.23604965209961
2002-09-12,57.58687973022461,41.9611930847168,38.533931732177734
2002-09-13,57.728458404541016,42.15822219848633,38.88874435424805
2002-09-16,57.87013626098633,42.1729850769043,38.95446014404297
2002-09-17,56.54393005371094,42.3109245300293,39.0289421081543
2002-09-18,55.977378845214844,42.36015319824219,39.03767013549805
2002-09-19,54.52885818481445,42.57196807861328,39.30048751831055
2002-09-20,54.54697799682617,42.55720901489258,39.11650466918945
2002-09-23,54.100791931152344,42.798587799072266,39.46694564819336
2002-09-24,53.22774124145508,42.951210021972656,39.72097396850586
2002-09-25,54.54697799682617,42.62615203857422,39.239139556884766
2002-09-26,55.43939208984375,42.596595764160156,39.14717483520508
2002-09-27,53.51227951049805,42.877357482910156,39.440650939941406
2002-09-30,52.89152526855469,43.12858200073242,39.59834289550781
2002-10-01,55.43294143676758,42.752132415771484,39.107215881347656
2002-10-02,53.77096176147461,42.8953857421875,39.33144760131836
2002-10-03,53.22774124145508,42.87070083618164,39.23470687866211
2002-10-04,52.251251220703125,42.915164947509766,39.35784149169922
2002-10-07,51.171329498291016,43.083091735839844,39.423797607421875
2002-10-08,51.973209381103516,43.00407409667969,39.43695831298828
2002-10-09,50.50526809692383,43.221435546875,39.639251708984375
2002-10-10,52.14134979248047,42.97444152832031,39.327056884765625
2002-10-11,54.42412567138672,42.66818618774414,38.86096954345703
2002-10-14,54.728057861328125,42.63356399536133,38.80379104614258
2002-10-15,57.360023498535156,41.917259216308594,37.88482666015625
2002-10-16,55.969669342041016,41.917259216308594,37.90243911743164
2002-10-17,57.081932067871094,41.69491195678711,37.440711975097656
2002-10-18,57.3211784362793,41.818416595458984,37.53748321533203
2002-10-21,58.31058120727539,41.497337341308594,37.17254638671875
2002-10-22,57.89026641845703,41.4775390625,37.066993713378906
2002-10-23,58.33002853393555,41.56647872924805,37.08018493652344
2002-10-24,57.14011764526367,41.764129638671875,37.40554428100586
2002-10-25,58.33002853393555,41.94688034057617,37.54186248779297
2002-10-28,57.94847869873047,41.99626922607422,37.489112854003906
2002-10-29,57.275936126708984,42.37665939331055,37.977169036865234
2002-10-30,57.83209228515625,42.37171936035156,37.96396255493164
2002-10-31,57.24363327026367,42.58914566040039,38.13547134399414
2002-11-01,58.37531661987305,42.33378219604492,37.976016998291016
2002-11-04,58.93142318725586,42.19997024536133,37.80815124511719
2002-11-05,59.39703369140625,42.085975646972656,37.662452697753906
2002-11-06,60.166568756103516,42.22476577758789,37.81261444091797
2002-11-07,58.69218444824219,42.63618469238281,38.748985290527344
2002-11-08,57.9743537902832,42.74030303955078,39.06258010864258
2002-11-11,57.07547378540039,42.849365234375,39.27455520629883
2002-11-12,57.528141021728516,42.71548843383789,39.04930877685547
2002-11-13,57.58635711669922,42.765098571777344,39.13324737548828
2002-11-14,58.672760009765625,42.22970962524414,38.320533752441406
2002-11-15,59.10602951049805,42.259429931640625,38.475101470947266
2002-11-18,58.511051177978516,42.29909133911133,38.64738464355469
2002-11-19,58.433509826660156,42.33378219604492,38.7887077331543
2002-11-20,59.73331832885742,42.100799560546875,38.40886688232422
2002-11-21,60.845584869384766,41.85794448852539,38.03786087036133
2002-11-22,60.412288665771484,41.808345794677734,38.00251007080078
2002-11-25,60.45112228393555,41.74391174316406,37.931846618652344
2002-11-26,59.300025939941406,42.12063980102539,38.40886688232422
2002-11-27,60.96843338012695,41.63982391357422,37.54315948486328
2002-11-29,60.77445602416992,41.699302673339844,37.78610610961914
2002-12-02,60.87143325805664,41.68431854248047,37.821144104003906
2002-12-03,60.056644439697266,41.679344177246094,37.87437438964844
2002-12-04,59.78504180908203,41.82400894165039,38.06960678100586
2002-12-05,59.125396728515625,41.938720703125,38.167240142822266
2002-12-06,59.51343536376953,42.108306884765625,38.233768463134766
2002-12-09,57.87733459472656,42.2679328918457,38.44675064086914
2002-12-10,58.65336227416992,42.2330207824707,38.548824310302734
2002-12-11,58.70509719848633,42.37267303466797,38.80620193481445
2002-12-12,58.69865417480469,42.407596588134766,38.77063751220703
2002-12-13,57.77387237548828,42.25294494628906,38.39351272583008
2002-12-16,59.26768112182617,42.07835388183594,38.10508728027344
2002-12-17,58.75033950805664,42.178138732910156,38.10508728027344
2002-12-18,58.07136917114258,42.437522888183594,38.40238571166992
2002-12-19,57.65748596191406,42.65699005126953,38.7440071105957
2002-12-20,58.48017501831055,42.65699005126953,38.77063751220703
2002-12-23,58.499671936035156,42.63202667236328,38.7795524597168
2002-12-24,58.06427764892578,42.79167556762695,38.99695587158203
2002-12-26,58.090293884277344,42.85649490356445,39.072383880615234
2002-12-27,56.784088134765625,43.110877990722656,39.50277328491211
2002-12-30,57.25847625732422,43.19070816040039,39.59593200683594
2002-12-31,57.33644485473633,43.17867660522461,39.496089935302734
2003-01-02,59.18203353881836,42.4970703125,38.474876403808594
2003-01-03,59.36399459838867,42.56718826293945,38.5640754699707
2003-01-06,60.410221099853516,42.461944580078125,38.46150207519531
2003-01-07,60.26077651977539,42.59726333618164,38.599761962890625
2003-01-08,59.38996887207031,42.69750213623047,38.79148483276367
2003-01-09,60.31279754638672,42.18125915527344,38.0467643737793
2003-01-10,60.475223541259766,42.22637939453125,38.1448974609375
2003-01-13,60.455745697021484,42.30154800415039,38.20731735229492
2003-01-14,60.65071487426758,42.40181350708008,38.34111785888672
2003-01-15,60.04634475708008,42.4970703125,38.528404235839844
2003-01-16,59.79936981201172,42.481998443603516,38.58186340332031
2003-01-17,58.91559982299805,42.65742492675781,38.77362060546875
2003-01-21,57.99930191040039,42.80274963378906,38.99665069580078
2003-01-22,57.29747009277344,42.9781608581543,39.18838119506836
2003-01-23,57.64835739135742,42.887943267822266,38.99665069580078
2003-01-24,56.134220123291016,42.97319412231445,39.228515625
2003-01-27,55.36740493774414,42.84286880493164,39.08578872680664
2003-01-28,55.776824951171875,42.84785842895508,39.08578872680664
2003-01-29,56.19923782348633,42.662410736083984,38.87179183959961
2003-01-30,54.86703872680664,42.82780075073242,39.16159439086914
2003-01-31,55.92626953125,42.84785842895508,39.26866912841797
2003-02-03,56.03673553466797,42.78150177001953,39.3259162902832
2003-02-04,55.484371185302734,42.92229080200195,39.50044631958008
2003-02-05,55.13996505737305,42.75634002685547,39.16032409667969
2003-02-06,54.88002395629883,42.92229080200195,39.4780387878418
2003-02-07,54.21066665649414,42.94240951538086,39.56757354736328
2003-02-10,54.5941162109375,42.86192321777344,39.29011917114258
2003-02-11,54.2171516418457,42.90217971801758,39.28117752075195
2003-02-12,53.352874755859375,43.08823776245117,39.41990661621094
2003-02-13,53.51533889770508,43.244110107421875,39.63471221923828
2003-02-14,54.685062408447266,43.093257904052734,39.294586181640625
2003-02-18,55.646854400634766,43.093257904052734,39.34383010864258
2003-02-19,55.35441970825195,43.25417709350586,39.612327575683594
2003-02-20,54.802040100097656,43.40499496459961,39.746543884277344
2003-02-21,55.35441970825195,43.244110107421875,39.51387023925781
2003-02-24,54.457611083984375,43.41508865356445,39.70181655883789
2003-02-25,54.89299011230469,43.47541427612305,39.885276794433594
2003-02-26,54.093685150146484,43.606143951416016,40.16268539428711
2003-02-27,54.80851745605469,43.64639663696289,40.229854583740234
2003-02-28,55.17243576049805,43.79218673706055,40.48495864868164
2003-03-03,54.64605712890625,43.88296890258789,40.53434753417969
2003-03-04,53.7752685546875,43.96864700317383,40.56129455566406
2003-03-05,54.23015213012695,44.04936981201172,40.69606018066406
2003-03-06,53.7752685546875,43.95859909057617,40.5388298034668
2003-03-07,54.14569091796875,44.10483932495117,40.67809295654297
2003-03-10,52.84599685668945,44.251060485839844,40.889190673828125
2003-03-11,52.32606887817383,44.24098587036133,40.817359924316406
2003-03-12,52.6770133972168,44.140132904052734,40.96556854248047
2003-03-13,54.49660110473633,43.651023864746094,40.210899353027344
2003-03-14,54.672061920166016,43.79220199584961,40.40855026245117
2003-03-17,56.39415740966797,43.44932556152344,39.923439025878906
2003-03-18,56.725608825683594,43.21234893798828,39.54610061645508
2003-03-19,57.16098403930664,43.00559616088867,39.25417709350586
2003-03-20,57.284446716308594,43.035888671875,39.19129180908203
2003-03-21,58.50719451904297,42.642574310302734,38.65225601196289
2003-03-24,56.56282424926758,43.05604934692383,39.263187408447266
2003-03-25,57.10438537597656,43.06105422973633,39.218231201171875
2003-03-26,56.81729507446289,43.16190719604492,39.29907989501953
2003-03-27,56.86296081542969,43.24259948730469,39.3260498046875
2003-03-28,56.57586669921875,43.313175201416016,39.41585159301758
2003-03-31,55.29050827026367,43.62579345703125,39.932437896728516
2003-04-01,56.138736724853516,43.56965637207031,39.818756103515625
2003-04-02,57.49586486816406,43.261199951171875,39.40372848510742
2003-04-03,57.22182846069336,43.3370475769043,39.38119888305664
2003-04-04,57.56108474731445,43.261199951171875,39.26839828491211
2003-04-07,57.4501838684082,43.160091400146484,39.17819595336914
2003-04-08,57.541542053222656,43.321861267089844,39.493961334228516
2003-04-09,56.784698486328125,43.46852111816406,39.61125564575195
2003-04-10,57.09783935546875,43.35223388671875,39.426273345947266
2003-04-11,56.86296081542969,43.24098587036133,39.3631477355957
2003-04-14,58.03739929199219,43.11959457397461,39.2548828125
2003-04-15,58.57894515991211,43.27130126953125,39.466915130615234
2003-04-16,57.580692291259766,43.3674201965332,39.629268646240234
2003-04-17,58.43545150756836,43.31177520751953,39.69243240356445
2003-04-21,58.494144439697266,43.23085403442383,39.60671615600586
2003-04-22,59.59684371948242,43.24098587036133,39.58417510986328
2003-04-23,60.14487838745117,43.220741271972656,39.66536331176758
2003-04-24,59.60988235473633,43.473594665527344,40.021766662597656
2003-04-25,58.872581481933594,43.54438781738281,40.11196517944336
2003-04-28,59.89043426513672,43.498878479003906,40.04881286621094
2003-04-29,60.09919738769531,43.42304229736328,39.98113250732422
2003-04-30,59.96873474121094,43.68595504760742,40.351078033447266
2003-05-01,59.96223068237305,43.72251510620117,40.37057113647461
2003-05-02,60.816932678222656,43.483924865722656,40.05309295654297
2003-05-05,60.69947814941406,43.621028900146484,40.26626968383789
2003-05-06,61.27366638183594,43.890052795410156,40.46580505371094
2003-05-07,60.934391021728516,44.19471740722656,40.937435150146484
2003-05-08,60.321067810058594,44.24032974243164,41.03721237182617
2003-05-09,61.1562385559082,44.31147003173828,41.0780143737793
2003-05-12,61.906585693359375,44.49930953979492,41.33653259277344
2003-05-13,61.7956657409668,44.5399284362793,41.42718505859375
2003-05-14,61.665164947509766,44.78361129760742,42.06214141845703
2003-05-15,62.0566291809082,44.73790740966797,42.193634033203125
2003-05-16,61.90005874633789,44.97657012939453,42.50202178955078
2003-05-19,60.451576232910156,44.96638488769531,42.35688018798828
2003-05-20,60.32760238647461,45.26593017578125,42.98268127441406
2003-05-21,60.451576232910156,45.12378692626953,42.978172302246094
2003-05-22,61.05184555053711,45.33698272705078,43.359134674072266
2003-05-23,61.175819396972656,45.286190032958984,43.46795654296875
2003-05-27,62.2458610534668,45.118675231933594,42.68339157104492
2003-05-28,62.422027587890625,45.12886047363281,42.61085510253906
2003-05-29,62.25889205932617,45.36745834350586,42.98268127441406
2003-05-30,63.25719451904297,45.34205627441406,42.90107727050781
2003-06-02,63.518165588378906,45.16593933105469,42.58597183227539
2003-06-03,63.779170989990234,45.466304779052734,42.92753219604492
2003-06-04,64.69917297363281,45.598663330078125,43.0550537109375
2003-06-05,65.01885986328125,45.43574905395508,42.71803665161133
2003-06-06,64.764404296875,45.38485336303711,42.87284469604492
2003-06-09,64.10541534423828,45.63429641723633,43.1597900390625
2003-06-10,64.75785064697266,45.88884735107422,43.67435073852539
2003-06-11,65.44298553466797,45.792091369628906,43.619747161865234
2003-06-12,65.64522552490234,45.97028732299805,43.9613037109375
2003-06-13,64.96015930175781,46.13829040527344,44.257320404052734
2003-06-16,66.33032989501953,45.899017333984375,43.83833312988281
2003-06-17,66.33032989501953,45.649559020996094,43.49220275878906
2003-06-18,66.2716293334961,45.374664306640625,42.93659591674805
2003-06-19,65.26032257080078,45.44084548950195,42.854610443115234
2003-06-20,65.11619567871094,45.36956024169922,42.69526290893555
2003-06-23,64.44827270507812,45.54264450073242,42.95026779174805
2003-06-24,64.51377868652344,45.756492614746094,43.34650421142578
2003-06-25,63.86550521850586,45.4102668762207,42.654293060302734
2003-06-26,64.6971206665039,44.962345123291016,42.08041000366211
2003-06-27,63.95064163208008,44.92157745361328,41.93010330200195
2003-06-30,63.93097686767578,45.028465270996094,42.125953674316406
2003-07-01,64.52033996582031,45.147987365722656,41.91706848144531
2003-07-02,65.33231353759766,45.194175720214844,42.02219009399414
2003-07-03,64.6578598022461,44.90692138671875,41.41875076293945
2003-07-07,65.9413070678711,44.665836334228516,41.153594970703125
2003-07-08,66.2359619140625,44.6812629699707,41.19015121459961
2003-07-09,65.86270904541016,44.7632942199707,41.32274627685547
2003-07-10,65.02454376220703,44.86589813232422,41.30900192260742
2003-07-11,65.64010620117188,45.02492904663086,41.5056037902832
2003-07-14,65.9609603881836,44.7632942199707,41.0301513671875
2003-07-15,65.81692504882812,44.152923583984375,40.07010269165039
2003-07-16,65.4305419921875,44.16826248168945,40.29868698120117
2003-07-17,64.50068664550781,44.07597351074219,40.1752815246582
2003-07-18,65.16204071044922,43.963130950927734,40.09296798706055
2003-07-21,64.35660552978516,43.388675689697266,39.24264907836914
2003-07-22,64.93940734863281,43.542510986328125,39.43465042114258
2003-07-23,64.9852523803711,43.675872802734375,39.56725311279297
2003-07-24,64.494140625,43.50663375854492,39.219810485839844
2003-07-25,65.63353729248047,43.4501953125,39.114646911621094
2003-07-28,65.39125061035156,43.132225036621094,38.58889389038086
2003-07-29,65.09007263183594,42.71158218383789,38.06320571899414
2003-07-30,64.932861328125,43.05523681640625,38.49291229248047
2003-07-31,65.0834732055664,42.767982482910156,37.92147445678711
2003-08-01,64.50723266601562,42.94236373901367,37.89299392700195
2003-08-04,64.50723266601562,43.25795364379883,38.21904373168945
2003-08-05,63.13863754272461,42.968257904052734,37.67255401611328
2003-08-06,63.505332946777344,43.40800476074219,38.41652297973633
2003-08-07,64.17327880859375,43.5632209777832,38.577301025390625
2003-08-08,64.35660552978516,43.55802536010742,38.421112060546875
2003-08-11,64.59889221191406,43.3769645690918,38.22825241088867
2003-08-12,65.18824768066406,43.299354553222656,38.04913330078125
2003-08-13,64.85430145263672,42.81818771362305,37.314353942871094
2003-08-14,65.03109741210938,42.90614700317383,37.68172073364258
2003-08-15,65.23408508300781,42.8906364440918,37.65876770019531
2003-08-18,65.7972640991211,43.019954681396484,37.8332633972168
2003-08-19,66.04609680175781,43.36143493652344,38.41652297973633
2003-08-20,65.7776107788086,43.15449523925781,38.20984649658203
2003-08-21,65.9871597290039,42.9941291809082,38.11801528930664
2003-08-22,65.33231353759766,43.02513122558594,38.28799057006836
2003-08-25,65.4371109008789,42.83890914916992,37.989437103271484
2003-08-26,65.55499267578125,42.9941291809082,38.28799057006836
2003-08-27,65.57464599609375,42.8906364440918,38.113460540771484
2003-08-28,65.9806137084961,43.190704345703125,38.50838088989258
2003-08-29,66.42587280273438,43.07170486450195,38.41652297973633
2003-09-02,67.3164291381836,42.896240234375,37.85466766357422
2003-09-03,67.68314361572266,43.005889892578125,37.91465377807617
2003-09-04,67.71589660644531,43.282676696777344,38.12684631347656
2003-09-05,67.33610534667969,43.83094024658203,38.78190231323242
2003-09-08,67.8927001953125,43.6273193359375,38.380531311035156
2003-09-09,67.44741821289062,43.83616638183594,38.65734100341797
2003-09-10,66.7663803100586,44.13381576538086,39.0494499206543
2003-09-11,66.96282958984375,43.97718048095703,38.7957649230957
2003-09-12,67.08724975585938,44.15468215942383,39.063289642333984
2003-09-15,66.85152435302734,44.233036041259766,39.003299713134766
2003-09-16,67.82720184326172,44.19643783569336,38.943363189697266
2003-09-17,67.69625091552734,44.4418830871582,39.427738189697266
2003-09-18,68.49512481689453,44.43667984008789,39.45539855957031
2003-09-19,68.1467514038086,44.43667984008789,39.501522064208984
2003-09-22,67.4105224609375,44.24348068237305,39.18783950805664
2003-09-23,67.66687774658203,44.3478889465332,39.45539855957031
2003-09-24,66.46395874023438,44.57239532470703,39.79673767089844
2003-09-25,65.91836547851562,44.635108947753906,39.9951286315918
2003-09-26,65.7014389038086,44.9744758605957,40.35493850708008
2003-09-29,66.34564208984375,44.78129577636719,40.03202819824219
2003-09-30,65.7014389038086,45.21470260620117,40.69629669189453
2003-10-01,67.10157775878906,45.41533279418945,40.542057037353516
2003-10-02,67.34478759765625,45.2520866394043,40.356754302978516
2003-10-03,67.96270751953125,44.62542724609375,39.50904846191406
2003-10-06,68.27164459228516,44.757083892822266,39.68043518066406
2003-10-07,68.53459930419922,44.499019622802734,39.22185516357422
2003-10-08,68.36369323730469,44.578041076660156,39.21259307861328
2003-10-09,68.54771423339844,44.435768127441406,38.93462371826172
2003-10-10,68.73837280273438,44.56744384765625,39.16626739501953
2003-10-13,68.95528411865234,44.499019622802734,39.01339340209961
2003-10-14,69.198486328125,44.31998062133789,38.74472427368164
2003-10-15,69.01444244384766,44.16196060180664,38.554779052734375
2003-10-16,69.29052734375,43.91974639892578,38.40192794799805
2003-10-17,68.53459930419922,44.156734466552734,38.698368072509766
2003-10-20,69.04730224609375,44.188316345214844,38.828094482421875
2003-10-21,68.928955078125,44.267276763916016,38.97169876098633
2003-10-22,68.06130981445312,44.58854675292969,39.351558685302734
2003-10-23,67.9363784790039,44.44633865356445,39.064369201660156
2003-10-24,68.08758544921875,44.757083892822266,39.499755859375
2003-10-27,68.12047576904297,44.63595199584961,39.4210090637207
2003-10-28,69.04730224609375,44.84656524658203,39.62948989868164
2003-10-29,69.13935089111328,44.55692672729492,39.272789001464844
2003-10-30,69.283935546875,44.3936882019043,39.09675979614258
2003-10-31,69.2182388305664,44.55171203613281,39.462711334228516
2003-11-03,69.67179107666016,44.382057189941406,39.27574157714844
2003-11-04,69.5206069946289,44.54061508178711,39.499000549316406
2003-11-05,69.57320404052734,44.382057189941406,39.229217529296875
2003-11-06,69.94131469726562,44.15492248535156,38.861751556396484
2003-11-07,69.4219970703125,44.080902099609375,38.838523864746094
2003-11-10,69.13935089111328,44.065067291259766,38.805946350097656
2003-11-11,69.1196060180664,44.13373565673828,38.810604095458984
2003-11-12,69.89527893066406,44.27639389038086,39.09434127807617
2003-11-13,69.9150161743164,44.6620979309082,39.698997497558594
2003-11-14,69.32341003417969,44.90517044067383,39.964115142822266
2003-11-17,68.97501373291016,44.957984924316406,40.02458190917969
2003-11-18,68.25848388671875,45.14293670654297,40.2711181640625
2003-11-19,68.83695983886719,44.83647918701172,39.82460403442383
2003-11-20,68.21904754638672,45.1164665222168,40.21065902709961
2003-11-21,68.50170135498047,45.095375061035156,40.233863830566406
2003-11-24,69.40885925292969,44.85757064819336,39.903648376464844
2003-11-25,69.67179107666016,44.96855926513672,40.12230682373047
2003-11-26,69.92157745361328,44.85757064819336,39.95946502685547
2003-11-28,69.97419738769531,44.56172561645508,39.5966796875
2003-12-01,70.7301254272461,44.289398193359375,39.37606430053711
2003-12-02,70.55265045166016,44.416561126708984,39.54431915283203
2003-12-03,70.44090270996094,44.30000686645508,39.385414123535156
2003-12-04,70.7301254272461,44.39535140991211,39.47418975830078
2003-12-05,70.23711395263672,44.93571853637695,40.105281829833984
2003-12-08,70.71039581298828,44.766204833984375,39.82477951049805
2003-12-09,70.16481018066406,44.543731689453125,39.54431915283203
2003-12-10,70.1582260131836,44.654972076416016,39.609745025634766
2003-12-11,70.9470443725586,44.92517852783203,39.89487075805664
2003-12-12,71.08509063720703,44.92517852783203,39.969688415527344
2003-12-15,70.7301254272461,44.903961181640625,39.94630813598633
2003-12-16,71.09819030761719,45.44439697265625,40.077205657958984
2003-12-17,71.3217544555664,45.56209945678711,40.348297119140625
2003-12-18,72.12366485595703,45.71726608276367,40.7129020690918
2003-12-19,71.92288970947266,45.72263717651367,40.6988410949707
2003-12-22,72.42483520507812,45.59955978393555,40.5866813659668
2003-12-23,72.47109985351562,45.2891731262207,40.128597259521484
2003-12-24,72.39842987060547,45.57280349731445,40.50719451904297
2003-12-26,72.4512710571289,45.71726608276367,40.656822204589844
2003-12-29,73.41553497314453,45.439029693603516,40.29222869873047
2003-12-30,73.4287338256836,45.39089584350586,40.128597259521484
2003-12-31,73.4947509765625,45.470863342285156,40.128597259521484
2004-01-02,73.46175384521484,45.10580825805664,39.65428161621094
2004-01-05,74.26089477539062,45.06820297241211,39.550987243652344
2004-01-06,74.33352661132812,45.40644836425781,39.987728118896484
2004-01-07,74.58450317382812,45.50844955444336,40.147403717041016
2004-01-08,74.8817367553711,45.50844955444336,40.1332893371582
2004-01-09,74.2278823852539,46.04531478881836,40.833030700683594
2004-01-12,74.77601623535156,46.04531478881836,40.8001708984375
2004-01-13,74.34014892578125,46.292240142822266,41.07722473144531
2004-01-14,74.96095275878906,46.38352584838867,41.27915954589844
2004-01-15,75.14588165283203,46.41035461425781,41.43411636352539
2004-01-16,75.4430923461914,46.21708297729492,41.14296340942383
2004-01-20,75.42329406738281,46.136566162109375,41.13356399536133
2004-01-21,76.01768493652344,46.2707633972168,41.23219299316406
2004-01-22,75.81954193115234,46.46940994262695,41.532772064208984
2004-01-23,75.5751953125,46.12049102783203,41.03496170043945
2004-01-26,76.52622985839844,45.92719650268555,40.78608322143555
2004-01-27,75.74032592773438,46.109710693359375,41.0396728515625
2004-01-28,74.87511444091797,45.77685546875,40.678062438964844
2004-01-29,74.94775390625,45.723182678222656,40.59354019165039
2004-01-30,74.94775390625,45.932552337646484,40.87529754638672
2004-02-02,75.27137756347656,45.886802673339844,40.78953170776367
2004-02-03,75.14588165283203,46.06447982788086,40.99696731567383
2004-02-04,74.53167724609375,45.98909378051758,40.91679382324219
2004-02-05,74.74958038330078,45.816802978515625,40.756446838378906
2004-02-06,75.58837890625,46.096778869628906,41.20441818237305
2004-02-09,75.60818481445312,46.20448684692383,41.32703399658203
2004-02-10,75.8525619506836,46.07524108886719,41.09597396850586
2004-02-11,76.65833282470703,46.31756591796875,41.40250015258789
2004-02-12,76.38090515136719,46.29062271118164,41.228031158447266
2004-02-13,76.03749084472656,46.40908432006836,41.40250015258789
2004-02-17,76.724365234375,46.40908432006836,41.37420654296875
2004-02-18,76.38754272460938,46.398292541503906,41.43079376220703
2004-02-19,76.1035385131836,46.43063735961914,41.47322082519531
2004-02-20,75.87236022949219,46.274452209472656,41.18558883666992
2004-02-23,75.68083190917969,46.42518997192383,41.440216064453125
2004-02-24,75.54875946044922,46.50602722167969,41.51564025878906
2004-02-25,75.86576843261719,46.55986404418945,41.581695556640625
2004-02-26,75.91202545166016,46.4898567199707,41.44968032836914
2004-02-27,75.9648208618164,46.67289733886719,41.80799102783203
2004-03-01,76.71778869628906,46.722068786621094,41.79193115234375
2004-03-02,76.26864624023438,46.452030181884766,41.526790618896484
2004-03-03,76.40737915039062,46.408851623535156,41.45105743408203
2004-03-04,76.60551452636719,46.5546989440918,41.635677337646484
2004-03-05,76.86307525634766,47.132484436035156,42.44053268432617
2004-03-08,75.92520904541016,47.3970947265625,42.691471099853516
2004-03-09,75.62142181396484,47.575260162353516,42.975555419921875
2004-03-10,74.35334777832031,47.56987380981445,42.94717788696289
2004-03-11,73.38907623291016,47.575260162353516,43.008724212646484
2004-03-12,74.35334777832031,47.429508209228516,42.743587493896484
2004-03-15,73.44193267822266,47.45647048950195,42.81459426879883
2004-03-16,73.8316421508789,47.68871307373047,43.16967010498047
2004-03-17,74.65716552734375,47.65629196166992,43.09864807128906
2004-03-18,74.6769790649414,47.50509262084961,42.871429443359375
2004-03-19,73.6065902709961,47.440284729003906,42.81459426879883
2004-03-22,72.67211151123047,47.618473052978516,43.07497024536133
2004-03-23,72.5461654663086,47.68871307373047,43.1507453918457
2004-03-24,72.60581970214844,47.65629196166992,43.127071380615234
2004-03-25,73.56686401367188,47.59144973754883,42.961395263671875
2004-03-26,73.58673095703125,47.2890739440918,42.506839752197266
2004-03-29,74.62061309814453,47.089290618896484,42.2227897644043
2004-03-30,74.87248229980469,47.10548400878906,42.19438171386719
2004-03-31,74.95865631103516,47.278316497802734,42.397945404052734
2004-04-01,75.4093246459961,47.162410736083984,42.259178161621094
2004-04-02,75.97931671142578,46.290409088134766,41.213478088378906
2004-04-05,76.39682006835938,46.06293869018555,40.89027404785156
2004-04-06,76.151611328125,46.22544860839844,41.113712310791016
2004-04-07,75.97268676757812,46.23080825805664,41.018646240234375
2004-04-08,75.80036926269531,46.14414596557617,40.8997917175293
2004-04-12,76.09860229492188,45.9979362487793,40.75244140625
2004-04-13,75.03153228759766,45.6405029296875,40.31043243408203
2004-04-14,75.15084838867188,45.60797882080078,40.277156829833984
2004-04-15,74.86587524414062,45.54298400878906,40.03950119018555
2004-04-16,75.44245910644531,45.71091079711914,40.191612243652344
2004-04-19,75.44245910644531,45.59177780151367,40.106056213378906
2004-04-20,74.17657470703125,45.26137924194336,39.74007034301758
2004-04-21,74.67367553710938,45.353458404541016,39.93490219116211
2004-04-22,75.72081756591797,45.53216552734375,40.17258834838867
2004-04-23,75.7937240600586,45.342620849609375,39.94443130493164
2004-04-26,75.68769073486328,45.33721160888672,40.010990142822266
2004-04-27,75.75396728515625,45.51591491699219,40.163108825683594
2004-04-28,74.77306365966797,45.218017578125,39.7875862121582
2004-04-29,74.11695098876953,45.115150451660156,39.592735290527344
2004-04-30,73.54032897949219,45.22344207763672,39.754302978515625
2004-05-03,74.32901763916016,45.20602035522461,39.8044548034668
2004-05-04,74.26936340332031,45.07567596435547,39.532466888427734
2004-05-05,74.74657440185547,44.97243118286133,39.42270278930664
2004-05-06,74.10370635986328,44.928958892822266,39.317745208740234
2004-05-07,72.87757110595703,44.374725341796875,38.80240249633789
2004-05-10,72.12864685058594,44.3638801574707,38.711708068847656
2004-05-11,72.73836517333984,44.450828552246094,38.888282775878906
2004-05-12,73.20230102539062,44.38563537597656,38.63060760498047
2004-05-13,72.8974609375,44.24980163574219,38.48269271850586
2004-05-14,72.93061065673828,44.47259521484375,38.79762268066406
2004-05-17,72.30756378173828,44.760520935058594,39.14116287231445
2004-05-18,72.67211151123047,44.673606872558594,38.98847579956055
2004-05-19,72.42023468017578,44.46712875366211,38.85967254638672
2004-05-20,72.65222930908203,44.68989181518555,39.160255432128906
2004-05-21,72.77810668945312,44.59209442138672,39.00282287597656
2004-05-24,73.08302307128906,44.62470245361328,39.12687683105469
2004-05-25,74.13021087646484,44.641029357910156,39.241390228271484
2004-05-26,74.38867950439453,44.86375427246094,39.451332092285156
2004-05-27,74.80624389648438,45.10823440551758,39.76146697998047
2004-05-28,74.79959106445312,44.98328399658203,39.65174102783203
2004-06-01,74.7001724243164,44.75923156738281,39.28863525390625
2004-06-02,74.97853088378906,44.68285369873047,39.18804931640625
2004-06-03,74.28926849365234,44.75380325317383,39.26947784423828
2004-06-04,74.87911224365234,44.56843185424805,39.03955841064453
2004-06-07,76.01905059814453,44.63386154174805,39.049110412597656
2004-06-08,76.12511444091797,44.6229248046875,39.1209831237793
2004-06-09,75.41596221923828,44.49211120605469,38.953338623046875
2004-06-10,75.78710174560547,44.54114532470703,39.02995681762695
2004-06-14,75.03813934326172,44.323097229003906,38.718597412109375
2004-06-15,75.568359375,44.911895751953125,39.53773880004883
2004-06-16,75.55513000488281,44.81375503540039,39.38444137573242
2004-06-17,75.44245910644531,44.939170837402344,39.64310836791992
2004-06-18,75.58480834960938,44.846473693847656,39.556915283203125
2004-06-21,75.29881286621094,44.917301177978516,39.585636138916016
2004-06-22,75.6779556274414,44.85736846923828,39.465877532958984
2004-06-23,76.32980346679688,44.92279815673828,39.54256057739258
2004-06-24,76.09037017822266,45.09724044799805,39.78201675415039
2004-06-25,75.72449493408203,45.11900329589844,39.82034683227539
2004-06-28,75.4651107788086,44.78648376464844,39.41319274902344
2004-06-29,75.77771759033203,44.99913024902344,39.66228485107422
2004-06-30,76.18346405029297,45.27717208862305,40.06944274902344
2004-07-01,75.12583923339844,45.3663330078125,40.14445495605469
2004-07-02,75.08594512939453,45.754661560058594,40.56768035888672
2004-07-06,74.42739868164062,45.66712951660156,40.50035095214844
2004-07-07,74.64692687988281,45.68903350830078,40.514793395996094
2004-07-08,74.12805938720703,45.69447708129883,40.53885269165039
2004-07-09,74.32093811035156,45.77107238769531,40.582115173339844
2004-07-12,74.35424041748047,45.82577133178711,40.63978958129883
2004-07-13,74.40743255615234,45.72730255126953,40.51960754394531
2004-07-14,74.18130493164062,45.705448150634766,40.534027099609375
2004-07-15,73.70235443115234,45.68358612060547,40.57729721069336
2004-07-16,73.64250946044922,46.126625061035156,41.115962982177734
2004-07-19,73.32984924316406,46.115692138671875,41.14480972290039
2004-07-20,74.26107788085938,45.814815521240234,40.77449035644531
2004-07-21,72.89082336425781,45.71638488769531,40.66390609741211
2004-07-22,73.09034729003906,45.77107238769531,40.72160720825195
2004-07-23,72.47840881347656,45.88047409057617,40.85623550415039
2004-07-26,72.33871459960938,45.72183609008789,40.66390609741211
2004-07-27,73.0172119140625,45.39912796020508,40.11559295654297
2004-07-28,73.23670959472656,45.47023010253906,40.12039566040039
2004-07-29,73.54935455322266,45.51399230957031,40.21181106567383
2004-07-30,73.72896575927734,45.82577133178711,40.68312454223633
2004-08-02,73.88192749023438,45.871337890625,40.73621368408203
2004-08-03,73.30988311767578,45.98109817504883,40.900386810302734
2004-08-04,73.30319213867188,45.95361328125,40.91972351074219
2004-08-05,72.10589599609375,46.090824127197266,41.03557205200195
2004-08-06,71.07489776611328,46.72191619873047,41.726009368896484
2004-08-09,71.17462158203125,46.568267822265625,41.58120346069336
2004-08-10,72.09259796142578,46.3762092590332,41.43152618408203
2004-08-11,71.94625091552734,46.5352897644043,41.61016082763672
2004-08-12,71.1613540649414,46.59567642211914,41.697059631347656
2004-08-13,71.30105590820312,46.67799377441406,41.83223342895508
2004-08-16,72.0394058227539,46.62860107421875,41.687400817871094
2004-08-17,72.44515991210938,46.84809112548828,41.92401885986328
2004-08-18,73.1901626586914,46.69446563720703,41.721221923828125
2004-08-19,72.97730255126953,46.80966567993164,41.822601318359375
2004-08-20,73.4894790649414,46.716453552246094,41.78395462036133
2004-08-23,73.30319213867188,46.5572624206543,41.54257583618164
2004-08-24,73.40299987792969,46.60118865966797,41.56669235229492
2004-08-25,73.90193176269531,46.606651306152344,41.71156311035156
2004-08-26,73.90193176269531,46.80966567993164,41.9481315612793
2004-08-27,74.13471984863281,46.75483322143555,41.919166564941406
2004-08-30,73.52275848388672,46.919471740722656,42.11709213256836
2004-08-31,73.90855407714844,47.12250518798828,42.377864837646484
2004-09-01,74.04824829101562,47.11482238769531,42.421485900878906
2004-09-02,74.88639068603516,46.861629486083984,42.00457763671875
2004-09-03,74.58036041259766,46.73496627807617,42.009429931640625
2004-09-07,75.0726318359375,46.76249694824219,41.96578598022461
2004-09-08,74.88639068603516,47.03223419189453,42.31968688964844
2004-09-09,74.8198471069336,46.94963836669922,42.159706115722656
2004-09-10,75.20565795898438,47.04325866699219,42.22270202636719
2004-09-13,75.45177459716797,47.158836364746094,42.40693664550781
2004-09-14,75.60476684570312,47.16986846923828,42.45054626464844
2004-09-15,75.03269958496094,47.120304107666016,42.353599548339844
2004-09-16,75.25885772705078,47.37898635864258,42.833526611328125
2004-09-17,75.57880401611328,47.213905334472656,42.62024688720703
2004-09-20,75.12461853027344,47.48360824584961,42.90138626098633
2004-09-21,75.45191192626953,47.51662826538086,43.02742004394531
2004-09-22,74.51007843017578,47.709312438964844,43.47336959838867
2004-09-23,74.10932922363281,47.544151306152344,43.29890441894531
2004-09-24,74.44996643066406,47.53864288330078,43.352237701416016
2004-09-27,73.97575378417969,47.6707763671875,43.54129409790039
2004-09-28,74.32977294921875,47.62124252319336,43.36676025390625
2004-09-29,74.70379638671875,47.323997497558594,42.945011138916016
2004-09-30,74.6503677368164,47.27447509765625,42.78019332885742
2004-10-01,75.91282653808594,47.08505630493164,42.566471099853516
2004-10-04,76.03971099853516,47.101619720458984,42.629783630371094
2004-10-05,76.07978820800781,47.101619720458984,42.629783630371094
2004-10-06,76.60079956054688,46.9470329284668,42.43510818481445
2004-10-07,75.77923583984375,46.864200592041016,42.2501335144043
2004-10-08,75.15135192871094,47.261756896972656,42.80986785888672
2004-10-11,75.45858764648438,47.33903121948242,42.85371017456055
2004-10-12,75.1646957397461,47.33903121948242,42.951045989990234
2004-10-13,74.50341033935547,47.510169982910156,43.10683059692383
2004-10-14,73.90225982666016,47.67584228515625,43.31125259399414
2004-10-15,74.31641387939453,47.515708923339844,43.160369873046875
2004-10-18,74.5969467163086,47.58750534057617,43.179832458496094
2004-10-19,73.9690933227539,47.5709342956543,43.29180145263672
2004-10-20,73.8221206665039,47.78622055053711,43.58871841430664
2004-10-21,74.30304718017578,47.72002410888672,43.61790084838867
2004-10-22,73.46808624267578,47.8525276184082,43.72014617919922
2004-10-25,73.38127136230469,47.907752990722656,43.754207611083984
2004-10-26,74.50341033935547,47.82490539550781,43.622779846191406
2004-10-27,75.39847564697266,47.53224182128906,43.19443893432617
2004-10-28,75.6255874633789,47.604042053222656,43.33555221557617
2004-10-29,75.61223602294922,47.742088317871094,43.53514862060547
2004-11-01,75.81928253173828,47.50669860839844,43.264381408691406
2004-11-02,75.84603118896484,47.62303161621094,43.3278923034668
2004-11-03,76.80120086669922,47.606388092041016,43.34748077392578
2004-11-04,77.8498764038086,47.578670501708984,43.39145278930664
2004-11-05,78.33744812011719,47.2242546081543,42.9173469543457
2004-11-08,78.22393035888672,47.157779693603516,42.76587677001953
2004-11-09,78.0703125,47.16889953613281,42.741397857666016
2004-11-10,78.13042449951172,47.074745178222656,42.580142974853516
2004-11-11,78.72489929199219,47.06367874145508,42.487281799316406
2004-11-12,79.3460922241211,47.240848541259766,42.94672775268555
2004-11-15,79.54103088378906,47.263031005859375,42.985755920410156
2004-11-16,78.97160339355469,47.21318817138672,42.985755920410156
2004-11-17,79.44051361083984,47.46238327026367,43.35232925415039
2004-11-18,79.54773712158203,47.50117874145508,43.48432159423828
2004-11-19,78.6634292602539,47.240848541259766,43.13733673095703
2004-11-22,79.03858947753906,47.274085998535156,43.362125396728516
2004-11-23,79.15916442871094,47.229801177978516,43.41587448120117
2004-11-24,79.34677124023438,47.29623031616211,43.41587448120117
2004-11-26,79.2864761352539,47.12459182739258,43.13240432739258
2004-11-29,78.92472076416016,46.84211730957031,42.67298889160156
2004-11-30,78.97830200195312,46.79783248901367,42.492149353027344
2004-12-01,79.87603759765625,46.78227233886719,42.42588806152344
2004-12-02,79.9430160522461,46.676734924316406,42.254127502441406
2004-12-03,79.8893814086914,47.14338684082031,42.91175079345703
2004-12-06,79.86260986328125,47.23226547241211,43.05898666381836
2004-12-07,79.11898803710938,47.22673797607422,43.112972259521484
2004-12-08,79.58126831054688,47.576698303222656,43.785343170166016
2004-12-09,79.86260986328125,47.46558380126953,43.495765686035156
2004-12-10,79.9430160522461,47.537776947021484,43.60372543334961
2004-12-13,80.63971710205078,47.57114028930664,43.696956634521484
2004-12-14,80.92108154296875,47.654441833496094,43.868717193603516
2004-12-15,80.98139190673828,47.82668685913086,44.26628112792969
2004-12-16,80.93449401855469,47.46003723144531,43.61354064941406
2004-12-17,80.39463806152344,47.39889144897461,43.554622650146484
2004-12-20,80.41484832763672,47.45448684692383,43.63319778442383
2004-12-21,81.03414916992188,47.521141052246094,43.76567459106445
2004-12-22,81.22930908203125,47.471153259277344,43.61845397949219
2004-12-23,81.28986358642578,47.410037994384766,43.47611618041992
2004-12-27,81.12159729003906,47.210052490234375,43.13750076293945
2004-12-28,81.56587982177734,47.204463958740234,43.10315704345703
2004-12-29,81.68704986572266,47.11003875732422,43.05898666381836
2004-12-30,81.53218078613281,47.28781509399414,43.34852981567383
2004-12-31,81.35718536376953,47.34410095214844,43.6219482421875
2005-01-03,80.97352600097656,47.43882369995117,43.71553039550781
2005-01-04,79.98405456542969,47.143463134765625,43.257389068603516
2005-01-05,79.43216705322266,47.22151184082031,43.48894500732422
2005-01-06,79.8359603881836,47.26610565185547,43.518463134765625
2005-01-07,79.72157287597656,47.227073669433594,43.61702346801758
2005-01-10,80.09849548339844,47.22151184082031,43.68596649169922
2005-01-11,79.54654693603516,47.31621170043945,43.9421501159668
2005-01-12,79.80905151367188,47.38872146606445,44.00122833251953
2005-01-13,79.16962432861328,47.578216552734375,44.42489242553711
2005-01-14,79.58694458007812,47.5502815246582,44.41997146606445
2005-01-18,80.41484832763672,47.53356170654297,44.56777572631836
2005-01-19,79.57347869873047,47.56145477294922,44.695831298828125
2005-01-20,79.0888442993164,47.645015716552734,44.7845344543457
2005-01-21,78.60421752929688,47.73979568481445,44.83382034301758
2005-01-24,78.44940948486328,47.73421859741211,45.02593994140625
2005-01-25,78.67152404785156,47.555885314941406,44.60226058959961
2005-01-26,78.90713500976562,47.5670280456543,44.68600082397461
2005-01-27,79.041748046875,47.494564056396484,44.60226058959961
2005-01-28,79.041748046875,47.73979568481445,45.050575256347656
2005-01-31,79.53307342529297,47.75648498535156,45.178627014160156
2005-02-01,80.03791809082031,47.72359085083008,45.10693359375
2005-02-02,80.2802734375,47.729087829589844,45.210758209228516
2005-02-03,80.07160186767578,47.650840759277344,45.18604278564453
2005-02-04,80.92642211914062,47.89678955078125,45.8140754699707
2005-02-07,80.81871032714844,47.99186706542969,46.15522384643555
2005-02-08,80.91294860839844,48.036590576171875,46.41732406616211
2005-02-09,80.30714416503906,48.2713623046875,46.54093933105469
2005-02-10,80.59658813476562,47.9694938659668,45.91293716430664
2005-02-11,81.28986358642578,47.90800094604492,45.883296966552734
2005-02-14,81.22930908203125,47.9694938659668,46.02669906616211
2005-02-15,81.53218078613281,47.89678955078125,45.79428482055664
2005-02-16,81.58607482910156,47.72359085083008,45.621212005615234
2005-02-17,80.92642211914062,47.61731719970703,45.334407806396484
2005-02-18,81.03414916992188,47.37692642211914,44.928916931152344
2005-02-22,79.82927703857422,47.382568359375,44.73109817504883
2005-02-23,80.40137481689453,47.42168426513672,44.87947463989258
2005-02-24,80.93314361572266,47.3433723449707,44.780574798583984
2005-02-25,81.7341537475586,47.4105110168457,44.998138427734375
2005-02-28,81.19564819335938,47.10304260253906,44.5135383605957
2005-03-01,81.5995101928711,47.10356521606445,44.49967575073242
2005-03-02,81.55911254882812,47.097991943359375,44.44015884399414
2005-03-03,81.59276580810547,47.06993865966797,44.41532897949219
2005-03-04,82.60916137695312,47.282920837402344,44.896480560302734
2005-03-07,82.64952850341797,47.2941780090332,45.07508087158203
2005-03-08,82.33989715576172,47.06993865966797,44.64849090576172
2005-03-09,81.42449951171875,46.7111701965332,43.91929244995117
2005-03-10,81.6062240600586,46.795265197753906,44.18716049194336
2005-03-11,81.03414916992188,46.59905242919922,43.864749908447266
2005-03-14,81.5389175415039,46.7111701965332,44.12763214111328
2005-03-15,80.86582946777344,46.621490478515625,43.84981918334961
2005-03-16,80.17929077148438,46.728031158447266,44.117706298828125
2005-03-17,80.3408432006836,46.90737533569336,44.26155090332031
2005-03-18,80.1022720336914,46.78968811035156,43.98377227783203
2005-03-21,79.8049545288086,46.73359680175781,43.85976791381836
2005-03-22,78.99404907226562,46.39165115356445,43.48775100708008
2005-03-23,79.0616226196289,46.498207092285156,43.69605255126953
2005-03-24,79.15624237060547,46.537384033203125,43.7853889465332
2005-03-28,79.2711410522461,46.38604736328125,43.51747512817383
2005-03-29,78.74402618408203,46.5766487121582,43.77541732788086
2005-03-30,79.85903930664062,46.68317413330078,43.99370193481445
2005-03-31,79.7103500366211,46.912994384765625,44.311180114746094
2005-04-01,79.3521957397461,47.008018493652344,44.46052169799805
2005-04-04,79.48735809326172,46.98552322387695,44.45056915283203
2005-04-05,79.86575317382812,46.99119186401367,44.33602523803711
2005-04-06,80.14281463623047,47.13178634643555,44.49040985107422
2005-04-07,80.5752944946289,46.9517936706543,44.13193893432617
2005-04-08,79.73739624023438,47.00240707397461,44.286285400390625
2005-04-11,79.79817962646484,47.143043518066406,44.52526092529297
2005-04-12,80.21040344238281,47.390533447265625,44.93848419189453
2005-04-13,79.26436614990234,47.41300964355469,44.82899475097656
2005-04-14,78.23050689697266,47.536720275878906,44.75925064086914
2005-04-15,77.13579559326172,47.846065521240234,45.35175323486328
2005-04-18,77.37229919433594,47.744842529296875,45.316871643066406
2005-04-19,77.9872055053711,48.02039337158203,45.75499725341797
2005-04-20,76.8992691040039,47.9922981262207,45.640499114990234
2005-04-21,78.39266967773438,47.649192810058594,45.16251754760742
2005-04-22,78.0953140258789,47.851707458496094,45.540924072265625
2005-04-25,78.60891723632812,47.851707458496094,45.67534255981445
2005-04-26,77.84530639648438,47.82917022705078,45.605674743652344
2005-04-27,78.1493911743164,47.975399017333984,45.76496124267578
2005-04-28,77.1695785522461,48.26790237426758,46.10356521606445
2005-04-29,78.21698760986328,48.093509674072266,46.02389144897461
2005-05-02,78.65621948242188,48.14262008666992,46.013858795166016
2005-05-03,78.79132080078125,48.20466232299805,46.1388053894043
2005-05-04,79.39950561523438,48.193389892578125,45.734066009521484
2005-05-05,79.37248992919922,48.34568405151367,45.83897018432617
2005-05-06,79.12245178222656,48.0015869140625,45.49924087524414
2005-05-09,79.61575317382812,47.995933532714844,45.54416275024414
2005-05-10,78.79132080078125,48.165225982666016,45.86899185180664
2005-05-11,79.22381591796875,48.22719192504883,46.00883865356445
2005-05-12,78.35211944580078,48.272361755371094,46.18878936767578
2005-05-13,78.19668579101562,48.39649963378906,46.36863327026367
2005-05-16,78.92645263671875,48.40215301513672,46.31367492675781
2005-05-17,79.45355224609375,48.464210510253906,46.44361877441406
2005-05-18,80.27123260498047,48.622215270996094,46.753379821777344
2005-05-19,80.60909271240234,48.47545623779297,46.63348388671875
2005-05-20,80.49421691894531,48.46986389160156,46.68837356567383
2005-05-23,80.9402084350586,48.689884185791016,47.053184509277344
2005-05-24,80.7509994506836,48.81960678100586,47.18306350708008
2005-05-25,80.69015502929688,48.64472961425781,46.85330581665039
2005-05-26,81.1226577758789,48.67298126220703,46.838314056396484
2005-05-27,81.2578125,48.72374725341797,46.888275146484375
2005-05-31,80.73748779296875,48.977630615234375,47.467864990234375
2005-06-01,81.42671203613281,49.27984619140625,48.04911422729492
2005-06-02,81.60242462158203,49.262847900390625,48.16448974609375
2005-06-03,81.1902084350586,48.97983932495117,47.768287658691406
2005-06-06,81.11587524414062,49.11005401611328,48.01902770996094
2005-06-07,81.17667388916016,49.25151062011719,48.40019989013672
2005-06-08,81.02804565429688,49.16098403930664,48.16952133178711
2005-06-09,81.41322326660156,49.13264465332031,48.12935256958008
2005-06-10,81.22400665283203,48.82141876220703,47.58773422241211
2005-06-13,81.48081970214844,48.69126510620117,47.30192565917969
2005-06-14,81.66999053955078,48.63469696044922,46.9909553527832
2005-06-15,81.82540893554688,48.61770248413086,47.07622528076172
2005-06-16,82.03486633300781,48.77052307128906,47.311927795410156
2005-06-17,82.3388900756836,48.71388244628906,47.30690002441406
2005-06-20,82.365966796875,48.64035415649414,47.22672653198242
2005-06-21,82.41348266601562,48.793128967285156,47.572696685791016
2005-06-22,82.4813232421875,49.16098403930664,48.14945602416992
2005-06-23,81.32115936279297,49.11005401611328,48.099300384521484
2005-06-24,80.72409057617188,49.228878021240234,48.34001541137695
2005-06-27,80.8394546508789,49.26853942871094,48.470394134521484
2005-06-28,81.51790618896484,49.05912780761719,48.139404296875
2005-06-29,81.30081939697266,49.042171478271484,48.06416702270508
2005-06-30,80.85980224609375,49.21194839477539,48.49546813964844
2005-07-01,81.09725189208984,48.7884521484375,47.90770721435547
2005-07-05,81.74858093261719,48.58977508544922,47.45478057861328
2005-07-06,81.0633316040039,48.69194793701172,47.716434478759766
2005-07-07,81.38223266601562,48.80546569824219,47.81708526611328
2005-07-08,82.31172180175781,48.62950134277344,47.62087631225586
2005-07-11,82.73239135742188,48.606815338134766,47.62087631225586
2005-07-12,82.949462890625,48.4819450378418,47.354156494140625
2005-07-13,83.06481170654297,48.43653106689453,47.28369140625
2005-07-14,83.3904800415039,48.374080657958984,47.162925720214844
2005-07-15,83.34297943115234,48.38545227050781,47.28868865966797
2005-07-18,83.01057434082031,48.30595397949219,46.936431884765625
2005-07-19,83.46513366699219,48.374080657958984,47.10253143310547
2005-07-20,83.75009155273438,48.46489715576172,47.359169006347656
2005-07-21,83.2615737915039,48.10728073120117,46.71501159667969
2005-07-22,83.81791687011719,48.3343505859375,47.07737350463867
2005-07-25,83.58045959472656,48.24923324584961,46.90626525878906
2005-07-26,83.68220520019531,48.283321380615234,46.98175048828125
2005-07-27,83.9875259399414,48.215152740478516,46.90626525878906
2005-07-28,84.5167236328125,48.42516326904297,47.32395935058594
2005-07-29,83.95358276367188,48.13569641113281,46.855926513671875
2005-08-01,83.89252471923828,48.03947067260742,46.6816291809082
2005-08-02,84.39459991455078,47.993831634521484,46.53012466430664
2005-08-03,84.6185302734375,48.11344909667969,46.75746154785156
2005-08-04,83.94001770019531,48.07928466796875,46.6614875793457
2005-08-05,83.3701400756836,47.82304382324219,46.29783630371094
2005-08-08,83.2140884399414,47.697776794433594,46.211910247802734
2005-08-09,83.71614074707031,47.83442687988281,46.38365173339844
2005-08-10,83.67542266845703,47.81162643432617,46.33317184448242
2005-08-11,84.00789642333984,48.016666412353516,46.65644073486328
2005-08-12,83.49223327636719,48.210262298583984,47.1312255859375
2005-08-15,84.00789642333984,48.147640228271484,47.0100212097168
2005-08-16,82.91553497314453,48.37543869018555,47.33833312988281
2005-08-17,82.90876770019531,48.187496185302734,47.025142669677734
2005-08-18,82.90201568603516,48.44374084472656,47.37367248535156
2005-08-19,83.09195709228516,48.415260314941406,47.368621826171875
2005-08-22,83.09195709228516,48.45518112182617,47.318115234375
2005-08-23,82.9359130859375,48.5462532043457,47.53530502319336
2005-08-24,82.19639587402344,48.56902313232422,47.580787658691406
2005-08-25,82.49490356445312,48.59749221801758,47.73231887817383
2005-08-26,81.9317855834961,48.51778030395508,47.717124938964844
2005-08-29,82.56273651123047,48.551963806152344,47.77775955200195
2005-08-30,82.12852478027344,48.779727935791016,48.0808219909668
2005-08-31,83.16654968261719,49.09860610961914,48.484901428222656
2005-09-01,83.10551452636719,49.146629333496094,48.19293975830078
2005-09-02,82.95626068115234,49.15804672241211,48.23350524902344
2005-09-06,83.92644500732422,49.00379180908203,47.89390182495117
2005-09-07,84.0689926147461,48.843833923339844,47.44276809692383
2005-09-08,83.79078674316406,48.843833923339844,47.49345397949219
2005-09-09,84.53707885742188,48.88382339477539,47.6454963684082
2005-09-12,84.36747741699219,48.72956085205078,47.3160514831543
2005-09-13,83.89932250976562,48.8781623840332,47.56443786621094
2005-09-14,83.59400177001953,48.775272369384766,47.38195037841797
2005-09-15,83.55332946777344,48.62675476074219,46.99168395996094
2005-09-16,84.14745330810547,48.43827819824219,46.68252182006836
2005-09-19,83.86811828613281,48.535377502441406,46.783851623535156
2005-09-20,83.15945434570312,48.49537658691406,46.90548324584961
2005-09-21,82.38274383544922,48.71815872192383,47.34138488769531
2005-09-22,82.67572784423828,48.7524528503418,47.2957878112793
2005-09-23,82.743896484375,48.48396682739258,46.94101333618164
2005-09-26,82.8392562866211,48.35826110839844,46.72808837890625
2005-09-27,82.81883239746094,48.38679885864258,46.79399871826172
2005-09-28,82.90055847167969,48.48396682739258,47.10822677612305
2005-09-29,83.57515716552734,48.37541961669922,46.89536666870117
2005-09-30,83.83401489257812,48.23830032348633,46.73316955566406
2005-10-03,83.53421020507812,48.05316925048828,46.36781692504883
2005-10-04,82.59394073486328,48.07609176635742,46.52048873901367
2005-10-05,81.51062774658203,48.190704345703125,46.724002838134766
2005-10-06,81.2176284790039,48.12769317626953,46.545902252197266
2005-10-07,81.49696350097656,48.190704345703125,46.73415756225586
2005-10-10,80.80879211425781,48.20216369628906,46.703678131103516
2005-10-11,80.6929931640625,48.1104850769043,46.60699462890625
2005-10-12,80.05929565429688,47.92705154418945,46.15409469604492
2005-10-13,80.01158905029297,47.852542877197266,45.98614501953125
2005-10-14,80.85649108886719,47.852542877197266,45.9149055480957
2005-10-17,81.15631103515625,47.795265197753906,45.90476608276367
2005-10-18,80.2773666381836,47.864013671875,45.95563888549805
2005-10-19,81.61283111572266,47.921356201171875,45.976009368896484
2005-10-20,80.1751480102539,47.95000076293945,46.09813690185547
2005-10-21,80.4885482788086,48.162071228027344,46.52556610107422
2005-10-24,81.73546600341797,47.955711364746094,46.164268493652344
2005-10-25,81.57195281982422,47.73218536376953,45.7673225402832
2005-10-26,81.33346557617188,47.54877853393555,45.4315071105957
2005-10-27,80.46813201904297,47.657676696777344,45.59431076049805
2005-10-28,81.62641906738281,47.60612869262695,45.599388122558594
2005-10-31,81.85126495361328,47.640464782714844,45.68595886230469
2005-11-01,82.09654235839844,47.610599517822266,45.6332893371582
2005-11-02,82.95509338378906,47.51279067993164,45.41859817504883
2005-11-03,83.30938720703125,47.34600830078125,45.111934661865234
2005-11-04,83.20039367675781,47.32301330566406,45.04038619995117
2005-11-07,83.28211975097656,47.409297943115234,45.1937141418457
2005-11-08,83.28211975097656,47.645076751708984,45.6332893371582
2005-11-09,83.3911361694336,47.392005920410156,45.16302490234375
2005-11-10,84.0384292602539,47.66238784790039,45.71504211425781
2005-11-11,84.3246078491211,47.7198486328125,45.740623474121094
2005-11-14,84.27687072753906,47.50703430175781,45.39817428588867
2005-11-15,83.97027587890625,47.668128967285156,45.69462585449219
2005-11-16,84.14060974121094,47.909610748291016,46.175052642822266
2005-11-17,84.92420196533203,48.00167465209961,46.287498474121094
2005-11-18,85.25804138183594,47.886653900146484,46.07283020019531
2005-11-21,85.68733215332031,47.978633880615234,46.210872650146484
2005-11-22,86.05526733398438,48.14545822143555,46.27219772338867
2005-11-23,86.55261993408203,48.0189208984375,46.09328079223633
2005-11-25,86.62077331542969,48.162696838378906,46.261962890625
2005-11-28,86.00755310058594,48.226009368896484,46.49195861816406
2005-11-29,85.91219329833984,47.96144485473633,46.052398681640625
2005-11-30,85.4488525390625,47.938419342041016,46.00128173828125
2005-12-01,86.32098388671875,47.83051681518555,45.92938995361328
2005-12-02,86.43001556396484,47.870887756347656,45.94482421875
2005-12-05,86.24602508544922,47.72661590576172,45.7394905090332
2005-12-06,86.4095458984375,47.95167541503906,46.20661163330078
2005-12-07,85.90534973144531,47.92282485961914,46.0321159362793
2005-12-08,85.85084533691406,48.13060760498047,46.3298454284668
2005-12-09,86.07566833496094,47.91707992553711,45.96535110473633
2005-12-12,86.1574478149414,47.807403564453125,45.87808609008789
2005-12-13,86.74341583251953,47.92282485961914,46.04750442504883
2005-12-14,87.0841064453125,48.222938537597656,46.51976013183594
2005-12-15,86.83198547363281,48.15945053100586,46.40684127807617
2005-12-16,86.55254364013672,48.24601745605469,46.560874938964844
2005-12-19,86.10728454589844,48.27484893798828,46.60704803466797
2005-12-20,86.18951416015625,48.194087982177734,46.55057144165039
2005-12-21,86.32648468017578,48.13060760498047,46.46845245361328
2005-12-22,86.77857971191406,48.32102584838867,46.838035583496094
2005-12-23,86.82649993896484,48.436431884765625,47.12550354003906
2005-12-27,85.94290924072266,48.667327880859375,47.51053237915039
2005-12-28,86.13472747802734,48.51786804199219,47.378055572509766
2005-12-29,85.7510757446289,48.5757942199707,47.481136322021484
2005-12-30,85.28533935546875,48.59318923950195,47.37291717529297
2006-01-03,86.78539276123047,48.587371826171875,47.31108093261719
2006-01-04,87.19636535644531,48.67423629760742,47.42445755004883
2006-01-05,87.25118255615234,48.685848236083984,47.36775207519531
2006-01-06,87.977294921875,48.62210464477539,47.2801399230957
2006-01-09,88.20330810546875,48.64530944824219,47.31108093261719
2006-01-10,88.2923583984375,48.44837188720703,46.92958450317383
2006-01-11,88.57318878173828,48.3267936706543,46.85227966308594
2006-01-12,88.22380828857422,48.50052261352539,47.166683197021484
2006-01-13,88.14164733886719,48.71479034423828,47.43990707397461
2006-01-17,87.90191650390625,48.77273178100586,47.651241302490234
2006-01-18,87.5525894165039,48.790069580078125,47.63583755493164
2006-01-19,87.88822937011719,48.66849136352539,47.49662399291992
2006-01-20,86.28539276123047,48.749534606933594,47.620323181152344
2006-01-23,86.59362030029297,48.73797607421875,47.604896545410156
2006-01-24,86.68267059326172,48.6568717956543,47.37291717529297
2006-01-25,86.7580337524414,48.35574722290039,46.8574104309082
2006-01-26,87.23747253417969,48.251502990722656,46.656394958496094
2006-01-27,88.04572296142578,48.286216735839844,46.656394958496094
2006-01-30,87.977294921875,48.182029724121094,46.60997772216797
2006-01-31,87.33336639404297,48.251502990722656,46.73884582519531
2006-02-01,87.94300079345703,48.102813720703125,46.57902145385742
2006-02-02,86.92240905761719,48.102813720703125,46.66693878173828
2006-02-03,86.4908676147461,48.24799728393555,46.99803161621094
2006-02-06,86.7169189453125,48.178287506103516,47.09113311767578
2006-02-07,85.94975280761719,48.12020492553711,46.868709564208984
2006-02-08,86.7305908203125,48.09113311767578,46.76007843017578
2006-02-09,86.58677673339844,48.13763427734375,46.97217559814453
2006-02-10,86.74433135986328,47.99819564819336,46.7135124206543
2006-02-13,86.58677673339844,47.99819564819336,46.71869659423828
2006-02-14,87.50460815429688,47.92851638793945,46.553131103515625
2006-02-15,87.81285095214844,48.015628814697266,46.66693878173828
2006-02-16,88.47041320800781,47.992408752441406,46.677268981933594
2006-02-17,88.23067474365234,48.1550407409668,47.049747467041016
2006-02-21,88.01152038574219,48.09693908691406,46.97217559814453
2006-02-22,88.5457763671875,48.27711486816406,47.29288864135742
2006-02-23,88.41561889648438,48.16092300415039,47.1739387512207
2006-02-24,88.64167785644531,48.102813720703125,47.101524353027344
2006-02-27,88.67596435546875,48.00983810424805,47.023895263671875
2006-02-28,87.83345031738281,48.201534271240234,47.25672149658203
2006-03-01,88.61427307128906,48.10655212402344,46.97119903564453
2006-03-02,88.60745239257812,47.914268493652344,46.64413070678711
2006-03-03,88.19644165039062,47.797630310058594,46.37418746948242
2006-03-06,87.79230499267578,47.646095275878906,45.96925354003906
2006-03-07,87.65531921386719,47.669376373291016,46.000404357910156
2006-03-08,87.84027862548828,47.692726135253906,45.98482894897461
2006-03-09,87.25118255615234,47.7393798828125,46.000404357910156
2006-03-10,88.08000946044922,47.646095275878906,45.8291015625
2006-03-13,88.24440002441406,47.605308532714844,45.79273223876953
2006-03-14,89.16910552978516,47.879234313964844,46.09901428222656
2006-03-15,89.56640625,47.791812896728516,45.849857330322266
2006-03-16,89.7513198852539,48.09489059448242,46.26515197753906
2006-03-17,89.8262710571289,47.99578857421875,46.124977111816406
2006-03-20,89.68185424804688,48.08903121948242,46.19766616821289
2006-03-21,89.11796569824219,47.89091873168945,45.95890426635742
2006-03-22,89.66123962402344,47.94917297363281,46.05750274658203
2006-03-23,89.47554016113281,47.826759338378906,45.91217041015625
2006-03-24,89.54432678222656,48.03657150268555,46.24954605102539
2006-03-27,89.41370391845703,47.93168640136719,46.078269958496094
2006-03-28,88.86351013183594,47.69860076904297,45.647361755371094
2006-03-29,89.42056274414062,47.65195083618164,45.429359436035156
2006-03-30,89.26239013671875,47.512054443359375,45.11267852783203
2006-03-31,89.28302001953125,47.547054290771484,45.09705352783203
2006-04-03,89.21422576904297,47.49445343017578,45.1116943359375
2006-04-04,89.78506469726562,47.50022506713867,45.064781188964844
2006-04-05,90.09444427490234,47.61136245727539,45.12732696533203
2006-04-06,89.99819946289062,47.476871490478516,44.78340148925781
2006-04-07,89.08355712890625,47.26054000854492,44.34564208984375
2006-04-10,89.22113800048828,47.31898880004883,44.429054260253906
2006-04-11,88.46466064453125,47.406700134277344,44.585365295410156
2006-04-12,88.62970733642578,47.29560852050781,44.31442642211914
2006-04-13,88.5128173828125,47.04421615600586,44.001747131347656
2006-04-17,88.4784164428711,47.225486755371094,44.163291931152344
2006-04-18,89.88129425048828,47.37744903564453,44.241451263427734
2006-04-19,90.0531997680664,47.242984771728516,43.97048568725586
2006-04-20,90.17700958251953,47.20207214355469,43.93398666381836
2006-04-21,90.1907730102539,47.30147171020508,44.18935775756836
2006-04-24,90.02572631835938,47.35993957519531,44.36652374267578
2006-04-25,89.65434265136719,47.06171798706055,43.8402099609375
2006-04-26,89.67499542236328,47.03840255737305,43.76726531982422
2006-04-27,90.10821533203125,47.167015075683594,43.8245849609375
2006-04-28,90.41082763671875,47.24879455566406,43.855857849121094
2006-05-01,89.67499542236328,46.99296951293945,43.52622604370117
2006-05-02,90.34893798828125,47.06926727294922,43.64136505126953
2006-05-03,90.01193237304688,47.00473403930664,43.547176361083984
2006-05-04,90.33515930175781,46.97539138793945,43.47393798828125
2006-05-05,91.13291931152344,47.086891174316406,43.73552322387695
2006-05-08,91.02286529541016,47.11036682128906,43.76167678833008
2006-05-09,91.20166778564453,47.09275817871094,43.73552322387695
2006-05-10,91.15353393554688,47.116214752197266,43.81395721435547
2006-05-11,90.0531997680664,47.03407287597656,43.599491119384766
2006-05-12,88.87727355957031,46.858009338378906,43.238521575927734
2006-05-15,89.05604553222656,46.95772933959961,43.41116714477539
2006-05-16,88.92540740966797,47.133827209472656,43.73552322387695
2006-05-17,87.23370361328125,46.998844146728516,43.46347427368164
2006-05-18,86.79357147216797,47.33332443237305,44.054622650146484
2006-05-19,87.40560913085938,47.304019927978516,44.16973114013672
2006-05-22,86.73851776123047,47.368568420410156,44.26384735107422
2006-05-23,86.07830810546875,47.3509407043457,44.23775863647461
2006-05-24,86.76609802246094,47.421363830566406,44.25864791870117
2006-05-25,87.83882141113281,47.34508514404297,44.086029052734375
2006-05-26,88.28585815429688,47.38614273071289,44.054622650146484
2006-05-30,86.71790313720703,47.34508514404297,44.0336799621582
2006-05-31,87.68757629394531,47.198360443115234,43.77216720581055
2006-06-01,88.52657318115234,47.27729415893555,43.967525482177734
2006-06-02,88.71220397949219,47.64243698120117,44.534759521484375
2006-06-05,87.41936492919922,47.5482063293457,44.476993560791016
2006-06-06,87.20618438720703,47.58946990966797,44.68711853027344
2006-06-07,86.5528564453125,47.524658203125,44.69758224487305
2006-06-08,86.47724914550781,47.58946990966797,44.78685760498047
2006-06-09,86.20218658447266,47.707252502441406,45.02322769165039
2006-06-12,85.2668685913086,47.683712005615234,45.060020446777344
2006-06-13,84.2765884399414,47.74848937988281,45.09153366088867
2006-06-14,84.92992401123047,47.43042755126953,44.63983154296875
2006-06-15,86.731689453125,47.32442092895508,44.38246154785156
2006-06-16,86.09965515136719,47.29492950439453,44.28265380859375
2006-06-19,85.4227523803711,47.241943359375,44.2196159362793
2006-06-20,85.71283721923828,47.20661926269531,44.146095275878906
2006-06-21,86.34832000732422,47.20072937011719,44.156612396240234
2006-06-22,85.96842956542969,47.04759216308594,43.90447998046875
2006-06-23,85.95459747314453,47.00633239746094,43.81522750854492
2006-06-26,86.33448028564453,46.97693634033203,43.73117446899414
2006-06-27,85.58850860595703,47.100589752197266,43.9465446472168
2006-06-28,86.16871643066406,46.947418212890625,43.71540832519531
2006-06-29,87.90937042236328,47.14183044433594,43.86244201660156
2006-06-30,87.9162826538086,47.306732177734375,44.287925720214844
2006-07-03,88.27544403076172,47.284263610839844,44.244136810302734
2006-07-05,87.77118682861328,47.112762451171875,43.890907287597656
2006-07-06,88.02682495117188,47.260623931884766,44.1597785949707
2006-07-07,87.4534683227539,47.4084587097168,44.44453430175781
2006-07-10,87.61922454833984,47.44392395019531,44.48672103881836
2006-07-11,88.00607299804688,47.49713134765625,44.62904739379883
2006-07-12,87.06668853759766,47.53852081298828,44.639617919921875
2006-07-13,85.65065002441406,47.64496612548828,44.81363296508789
2006-07-14,85.31912994384766,47.68041229248047,44.8399543762207
2006-07-17,85.19478607177734,47.63904571533203,44.908538818359375
2006-07-18,85.62994384765625,47.45575714111328,44.52360916137695
2006-07-19,86.81800079345703,47.75729751586914,44.94544219970703
2006-07-20,86.2239761352539,47.85785675048828,45.077266693115234
2006-07-21,85.61612701416016,47.8282356262207,44.99291229248047
2006-07-24,87.1772232055664,47.8282356262207,44.96651077270508
2006-07-25,87.4880142211914,47.780941009521484,44.83469009399414
2006-07-26,87.60543823242188,47.89918518066406,44.99815368652344
2006-07-27,87.52257537841797,47.8932991027832,44.92957305908203
2006-07-28,88.3998031616211,48.02340316772461,45.18798065185547
2006-07-31,88.30998992919922,48.100215911865234,45.24598693847656
2006-08-01,87.87480926513672,48.11153030395508,45.24172592163086
2006-08-02,88.46883392333984,48.15306854248047,45.411136627197266
2006-08-03,88.70367431640625,48.16495132446289,45.42177963256836
2006-08-04,88.5517349243164,48.40238571166992,45.6970100402832
2006-08-07,88.34451293945312,48.337039947509766,45.72349166870117
2006-08-08,88.00607299804688,48.34303283691406,45.622894287109375
2006-08-09,87.70906066894531,48.31924057006836,45.47470474243164
2006-08-10,87.97844696044922,48.3311653137207,45.40587615966797
2006-08-11,87.72974395751953,48.17683029174805,45.20999526977539
2006-08-14,87.7988510131836,48.09368896484375,45.130550384521484
2006-08-15,88.8487548828125,48.325199127197266,45.5117301940918
2006-08-16,89.58782958984375,48.527008056640625,45.81878662109375
2006-08-17,89.8157958984375,48.51519775390625,45.80287551879883
2006-08-18,90.27164459228516,48.64573669433594,45.935203552246094
2006-08-21,89.88483428955078,48.70518112182617,46.099361419677734
2006-08-22,89.87796783447266,48.7229118347168,46.11524200439453
2006-08-23,89.6292724609375,48.6754150390625,46.13641357421875
2006-08-24,89.55329895019531,48.7229118347168,46.22111892700195
2006-08-25,89.663818359375,48.78822326660156,46.289939880371094
2006-08-28,90.09204864501953,48.782318115234375,46.332298278808594
2006-08-29,90.19569396972656,48.8238410949707,46.395816802978516
2006-08-30,90.25096130371094,48.883201599121094,46.5175666809082
2006-08-31,90.23712158203125,48.94849395751953,46.62873458862305
2006-09-01,90.77591705322266,49.02117156982422,46.6446647644043
2006-09-05,90.94857788085938,48.86027908325195,46.35236358642578
2006-09-06,90.14732360839844,48.824554443359375,46.28859329223633
2006-09-07,89.73289489746094,48.86027908325195,46.378944396972656
2006-09-08,89.98848724365234,48.907989501953125,46.41615676879883
2006-09-11,90.07823944091797,48.8185920715332,46.373634338378906
2006-09-12,90.96239471435547,48.955631256103516,46.60745620727539
2006-09-13,91.32847595214844,49.00331497192383,46.628746032714844
2006-09-14,91.33536529541016,48.907989501953125,46.522430419921875
2006-09-15,91.54978942871094,48.87813186645508,46.48525619506836
2006-09-18,91.67462921142578,48.806697845458984,46.410865783691406
2006-09-19,91.44573211669922,49.0986442565918,46.93170166015625
2006-09-20,91.93135833740234,49.11054611206055,47.000797271728516
2006-09-21,91.48733520507812,49.46210479736328,47.4312744140625
2006-09-22,91.2098388671875,49.61112594604492,47.66521453857422
2006-09-25,91.91049194335938,49.777950286865234,48.000030517578125
2006-09-26,92.67369079589844,49.65278625488281,47.79804611206055
2006-09-27,92.78465270996094,49.64089584350586,47.65984344482422
2006-09-28,92.74995422363281,49.593204498291016,47.58013916015625
2006-09-29,92.67369079589844,49.539581298828125,47.52169418334961
2006-10-02,92.32679748535156,49.626914978027344,47.65186309814453
2006-10-03,92.52100372314453,49.620941162109375,47.58783721923828
2006-10-04,93.60332489013672,49.84821701049805,47.934669494628906
2006-10-05,93.78368377685547,49.67475891113281,47.59846115112305
2006-10-06,93.66574096679688,49.40561294555664,47.102264404296875
2006-10-09,93.72126007080078,49.465389251708984,47.230316162109375
2006-10-10,93.84615325927734,49.166343688964844,46.85679626464844
2006-10-11,93.7351303100586,49.10649871826172,46.71805191040039
2006-10-12,94.54686737060547,49.13642120361328,46.74474334716797
2006-10-13,94.7896728515625,49.05270767211914,46.50994873046875
2006-10-16,94.93533325195312,49.13642120361328,46.71805191040039
2006-10-17,94.63705444335938,49.190269470214844,46.75539016723633
2006-10-18,94.76192474365234,49.178314208984375,46.85147476196289
2006-10-19,94.91454315185547,49.13642120361328,46.766075134277344
2006-10-20,94.93533325195312,49.124481201171875,46.71805191040039
2006-10-23,95.37247467041016,48.98688888549805,46.5312614440918
2006-10-24,95.65682983398438,49.05270767211914,46.5312614440918
2006-10-25,95.98297119140625,49.23212432861328,46.89948654174805
2006-10-26,96.28125762939453,49.39960861206055,47.20363235473633
2006-10-27,95.67769622802734,49.561126708984375,47.4223518371582
2006-10-30,95.60832214355469,49.584991455078125,47.555809020996094
2006-10-31,95.59444427490234,49.806365966796875,47.924034118652344
2006-11-01,94.94921112060547,49.97922897338867,48.18917465209961
2006-11-02,94.89370727539062,49.841163635253906,47.99098587036133
2006-11-03,94.72721099853516,49.46300506591797,47.42319869995117
2006-11-06,95.79562377929688,49.51097106933594,47.56244659423828
2006-11-07,96.16332244873047,49.679073333740234,47.78201675415039
2006-11-08,96.37146759033203,49.78713607788086,47.9534912109375
2006-11-09,95.86503601074219,49.78116989135742,47.926700592041016
2006-11-10,95.90663146972656,49.88920974731445,48.13559341430664
2006-11-13,96.14253234863281,49.865169525146484,48.1248779296875
2006-11-14,96.86405944824219,49.96725082397461,48.31242752075195
2006-11-15,97.14154052734375,49.82917785644531,48.130271911621094
2006-11-16,97.39134979248047,49.703121185302734,47.910621643066406
2006-11-17,97.41908264160156,49.8831901550293,48.18383026123047
2006-11-20,97.47454833984375,49.9132194519043,48.258819580078125
2006-11-21,97.57167053222656,49.98528289794922,48.37664031982422
2006-11-22,97.76590728759766,50.06330490112305,48.45701217651367
2006-11-24,97.37045288085938,50.11732482910156,48.54271697998047
2006-11-27,96.03150939941406,50.165374755859375,48.719512939453125
2006-11-28,96.44780731201172,50.25540542602539,48.82127380371094
2006-11-29,97.4537353515625,50.19536590576172,48.70877456665039
2006-11-30,97.495361328125,50.45956039428711,49.03020477294922
2006-12-01,97.28028106689453,50.57640838623047,49.1549072265625
2006-12-04,98.02261352539062,50.57040023803711,49.24097442626953
2006-12-05,98.4458236694336,50.50412368774414,49.00977325439453
2006-12-06,98.36258697509766,50.425811767578125,48.91294860839844
2006-12-07,97.93244171142578,50.40773010253906,48.87531280517578
2006-12-08,98.11280059814453,50.1786994934082,48.52044677734375
2006-12-11,98.39725494384766,50.335426330566406,48.730167388916016
2006-12-12,98.3208999633789,50.425811767578125,48.83235168457031
2006-12-13,98.42503356933594,50.166744232177734,48.39677810668945
2006-12-14,99.2922592163086,50.088348388671875,48.2193603515625
2006-12-15,99.30128479003906,50.10041046142578,48.24628448486328
2006-12-18,99.02924346923828,50.12459945678711,48.26237869262695
2006-12-19,99.21759033203125,50.11243438720703,48.19786071777344
2006-12-20,99.16173553466797,50.10041046142578,48.19246292114258
2006-12-21,98.7989730834961,50.281211853027344,48.434444427490234
2006-12-22,98.19202423095703,50.052188873291016,48.06346893310547
2006-12-26,98.77108001708984,50.088348388671875,48.208641052246094
2006-12-27,99.41993713378906,49.95482635498047,47.854156494140625
2006-12-28,99.21062469482422,49.84005355834961,47.74624252319336
2006-12-29,98.7989730834961,49.81588363647461,47.70847702026367
2007-01-03,98.62457275390625,49.960811614990234,48.048370361328125
2007-01-04,98.83386993408203,50.14215087890625,48.33974075317383
2007-01-05,98.0455322265625,49.979007720947266,48.12929916381836
2007-01-08,98.4990463256836,50.01523971557617,48.21564483642578
2007-01-09,98.41529083251953,50.003150939941406,48.21564483642578
2007-01-10,98.7431869506836,49.918556213378906,47.999820709228516
2007-01-11,99.17573547363281,49.785682678222656,47.71927261352539
2007-01-12,99.92915344238281,49.68290328979492,47.498085021972656
2007-01-16,99.73383331298828,49.77956008911133,47.600582122802734
2007-01-17,99.77571105957031,49.68290328979492,47.454898834228516
2007-01-18,99.4407730102539,49.74937057495117,47.600582122802734
2007-01-19,99.63615417480469,49.67080307006836,47.47111129760742
2007-01-22,99.32920837402344,49.761474609375,47.5843620300293
2007-01-23,99.62220764160156,49.616432189941406,47.271522521972656
2007-01-24,100.42450714111328,49.62249755859375,47.2661018371582
2007-01-25,99.2454833984375,49.42915725708008,46.926231384277344
2007-01-26,99.15479278564453,49.4231071472168,46.888458251953125
2007-01-29,99.09894561767578,49.386810302734375,46.78591537475586
2007-01-30,99.61521911621094,49.43513488769531,46.839881896972656
2007-01-31,100.28495788574219,49.616432189941406,47.2337646484375
2007-02-01,100.88493347167969,49.58063888549805,47.17685317993164
2007-02-02,101.02445983886719,49.62310028076172,47.236412048339844
2007-02-05,101.05240631103516,49.677677154541016,47.301429748535156
2007-02-06,101.08025360107422,49.81719207763672,47.561431884765625
2007-02-07,101.30351257324219,49.92639923095703,47.702308654785156
2007-02-08,101.17098999023438,49.93851852416992,47.740196228027344
2007-02-09,100.41751098632812,49.78684997558594,47.469356536865234
2007-02-12,100.07567596435547,49.720184326171875,47.36101531982422
2007-02-13,100.91979217529297,49.68377685546875,47.258094787597656
2007-02-14,101.58257293701172,49.96882247924805,47.707672119140625
2007-02-15,101.71511840820312,50.04767990112305,47.84856033325195
2007-02-16,101.666259765625,50.102298736572266,48.016483306884766
2007-02-20,101.88253784179688,50.162940979003906,48.12480926513672
2007-02-21,101.84069061279297,50.156883239746094,48.043582916259766
2007-02-22,101.7639389038086,50.02949523925781,47.78356170654297
2007-02-23,101.36632537841797,50.229705810546875,48.12480926513672
2007-02-26,101.27557373046875,50.38739013671875,48.44439697265625
2007-02-27,97.32001495361328,50.81201171875,49.056541442871094
2007-02-28,98.31763458251953,50.63608169555664,48.83446502685547
2007-03-01,98.02462005615234,50.68172073364258,48.803497314453125
2007-03-02,96.74099731445312,50.84604263305664,49.048179626464844
2007-03-05,95.8200912475586,50.8764762878418,49.12971496582031
2007-03-06,97.45955657958984,50.80951690673828,48.98291015625
2007-03-07,97.36190795898438,50.900840759277344,49.173221588134766
2007-03-08,98.18508911132812,50.89469528198242,49.12971496582031
2007-03-09,98.21295928955078,50.608673095703125,48.61311340332031
2007-03-12,98.35952758789062,50.748619079589844,48.803497314453125
2007-03-13,96.447998046875,50.97383117675781,49.09711837768555
2007-03-14,97.16651153564453,50.9068717956543,48.87416076660156
2007-03-15,97.2990951538086,50.85209274291992,48.868682861328125
2007-03-16,97.02661895751953,50.84604263305664,48.85780715942383
2007-03-19,98.19627380371094,50.77909469604492,48.75456619262695
2007-03-20,98.73560333251953,50.85209274291992,48.78166961669922
2007-03-21,100.36052703857422,50.92511749267578,48.803497314453125
2007-03-22,100.28348541259766,50.75475311279297,48.41736602783203
2007-03-23,100.43059539794922,50.67563247680664,48.28145980834961
2007-03-26,100.2975082397461,50.71821975708008,48.3412971496582
2007-03-27,100.05937957763672,50.70606231689453,48.25967788696289
2007-03-28,99.33097839355469,50.69997024536133,48.16181564331055
2007-03-29,99.43599700927734,50.6269645690918,48.096553802490234
2007-03-30,99.45699310302734,50.56608200073242,48.004093170166016
2007-04-02,99.56908416748047,50.62230682373047,48.08381271362305
2007-04-03,100.64070129394531,50.57953643798828,48.02374267578125
2007-04-04,100.75276184082031,50.658966064453125,48.072879791259766
2007-04-05,101.02595520019531,50.530643463134766,47.89280700683594
2007-04-09,101.16602325439453,50.29848861694336,47.57618713378906
2007-04-10,101.28507232666016,50.40237045288086,47.718116760253906
2007-04-11,100.87185668945312,50.34126281738281,47.68535232543945
2007-04-12,101.32006072998047,50.390159606933594,47.696292877197266
2007-04-13,101.78241729736328,50.304588317871094,47.54893112182617
2007-04-16,102.74891662597656,50.35959243774414,47.8109130859375
2007-04-17,103.02203369140625,50.57344055175781,48.07835006713867
2007-04-18,103.1481704711914,50.689491271972656,48.318477630615234
2007-04-19,103.12015533447266,50.68338394165039,48.236629486083984
2007-04-20,104.09368896484375,50.62840270996094,48.111087799072266
2007-04-23,103.70140838623047,50.732276916503906,48.285743713378906
2007-04-24,103.74345397949219,50.83002853393555,48.46583557128906
2007-04-25,104.69602966308594,50.799434661865234,48.29667663574219
2007-04-26,104.81509399414062,50.652835845947266,47.947364807128906
2007-04-27,104.73104095458984,50.652835845947266,47.936424255371094
2007-04-30,103.86259460449219,50.872779846191406,48.43857955932617
2007-05-01,104.12870788574219,50.87523651123047,48.4736328125
2007-05-02,104.73804473876953,50.81392288208008,48.44622039794922
2007-05-03,105.30536651611328,50.758705139160156,48.33668518066406
2007-05-04,105.7045669555664,50.887516021728516,48.53388977050781
2007-05-07,105.7256088256836,50.93044662475586,48.66535186767578
2007-05-08,105.58556365966797,50.93044662475586,48.55580139160156
2007-05-09,105.87274169921875,50.764869689941406,48.36406707763672
2007-05-10,104.76608276367188,50.89362335205078,48.47908020019531
2007-05-11,105.66260528564453,50.78937911987305,48.30929183959961
2007-05-14,105.43144226074219,50.71577835083008,48.183311462402344
2007-05-15,105.45947265625,50.709678649902344,48.1668701171875
2007-05-16,106.18086242675781,50.67898941040039,48.13398742675781
2007-05-17,105.97077941894531,50.54407501220703,47.936767578125
2007-05-18,106.89525604248047,50.396888732910156,47.61912536621094
2007-05-21,106.83927917480469,50.4643669128418,47.76150894165039
2007-05-22,106.75525665283203,50.323326110839844,47.51499938964844
2007-05-23,106.76923370361328,50.22517013549805,47.378028869628906
2007-05-24,105.8026351928711,50.29263687133789,47.4218864440918
2007-05-25,106.24388122558594,50.23747253417969,47.31233215332031
2007-05-29,106.62909698486328,50.1331787109375,47.30681610107422
2007-05-30,107.49763488769531,50.182228088378906,47.40546798706055
2007-05-31,107.38558959960938,50.16388702392578,47.31776809692383
2007-06-01,107.9178466796875,49.9477424621582,47.06919860839844
2007-06-04,107.9318618774414,50.02777099609375,47.28371047973633
2007-06-05,107.50459289550781,49.86767578125,46.98674774169922
2007-06-06,106.34896850585938,49.89232635498047,46.96467971801758
2007-06-07,104.42987060546875,49.393619537353516,46.123329162597656
2007-06-08,105.78865051269531,49.485984802246094,46.08479309082031
2007-06-11,105.97077941894531,49.356651306152344,45.95285415649414
2007-06-12,104.81509399414062,49.00568389892578,45.287384033203125
2007-06-13,106.38397216796875,49.16578674316406,45.826358795166016
2007-06-14,107.0633773803711,49.178077697753906,45.71086120605469
2007-06-15,107.67256927490234,49.393619537353516,46.02432632446289
2007-06-18,107.54598236083984,49.368980407714844,45.93084716796875
2007-06-19,107.81319427490234,49.60906982421875,46.359825134277344
2007-06-20,106.31492614746094,49.449031829833984,45.98585891723633
2007-06-21,106.90585327148438,49.38740539550781,45.76587677001953
2007-06-22,105.89995574951172,49.53521728515625,46.062801361083984
2007-06-25,105.39347839355469,49.6953010559082,46.315818786621094
2007-06-26,104.3102035522461,49.70759963989258,46.32678985595703
2007-06-27,105.79441833496094,49.701480865478516,46.370765686035156
2007-06-28,105.78032684326172,49.6706657409668,46.359825134277344
2007-06-29,105.81553649902344,49.929283142089844,46.838226318359375
2007-07-02,106.77214050292969,50.00532531738281,47.084434509277344
2007-07-03,107.15906524658203,49.8569450378418,46.79737091064453
2007-07-05,107.0464859008789,49.578792572021484,46.27295684814453
2007-07-06,107.60921478271484,49.46134567260742,46.08523178100586
2007-07-09,107.69368743896484,49.64064407348633,46.25086212158203
2007-07-10,106.16022491455078,49.980587005615234,47.03477096557617
2007-07-11,106.9128646850586,49.80751037597656,46.54896545410156
2007-07-12,108.60103607177734,49.66532516479492,46.38886642456055
2007-07-13,108.92465209960938,49.77660369873047,46.515892028808594
2007-07-16,108.91056060791016,49.974361419677734,46.962982177734375
2007-07-17,108.85431671142578,49.869285583496094,46.8636474609375
2007-07-18,108.65731811523438,50.0485725402832,47.0402946472168
2007-07-19,109.0793685913086,50.04239273071289,47.02922821044922
2007-07-20,107.97503662109375,50.28964614868164,47.454349517822266
2007-07-23,108.30561065673828,50.271087646484375,47.37704849243164
2007-07-24,106.42752075195312,50.40708541870117,47.553680419921875
2007-07-25,106.64554595947266,50.47507858276367,47.647525787353516
2007-07-26,104.1202621459961,50.8768424987793,48.045021057128906
2007-07-27,102.07334899902344,50.97578048706055,48.18307876586914
2007-07-30,103.67008209228516,50.845924377441406,48.045021057128906
2007-07-31,102.50240325927734,51.056121826171875,48.392818450927734
2007-08-01,103.00181579589844,50.91460418701172,48.288047790527344
2007-08-02,103.82488250732422,50.95187759399414,48.40999984741211
2007-08-03,101.15180969238281,51.28073501586914,48.7314567565918
2007-08-06,102.84708404541016,51.0759391784668,48.37673568725586
2007-08-07,103.94440460205078,51.069725036621094,48.337928771972656
2007-08-08,105.39347839355469,50.7160530090332,47.750492095947266
2007-08-09,102.27030181884766,51.001502990722656,47.81698226928711
2007-08-10,101.79196166992188,50.927005767822266,47.70616149902344
2007-08-13,102.15771484375,51.007694244384766,47.84469985961914
2007-08-14,100.59612274169922,51.19384002685547,47.97220230102539
2007-08-15,99.2103500366211,51.28689956665039,47.80040740966797
2007-08-16,99.95603942871094,51.48550796508789,48.29360580444336
2007-08-17,101.79196166992188,51.522705078125,48.09962463378906
2007-08-20,101.74272918701172,51.63441467285156,48.12732696533203
2007-08-21,101.94668579101562,51.85783386230469,48.36009979248047
2007-08-22,103.1565933227539,51.690242767333984,48.28251266479492
2007-08-23,103.06517028808594,51.708885192871094,48.448787689208984
2007-08-24,104.33833312988281,51.727481842041016,48.68710708618164
2007-08-27,103.36760711669922,51.8702278137207,48.942081451416016
2007-08-28,101.09555053710938,52.137054443359375,49.025146484375
2007-08-29,103.07917785644531,51.93846893310547,48.89219665527344
2007-08-30,102.80492401123047,52.199119567871094,49.2191276550293
2007-08-31,103.81778717041016,52.211551666259766,49.25795364379883
2007-09-04,104.86589813232422,52.114322662353516,49.281307220458984
2007-09-05,103.95845794677734,52.43828201293945,49.6763916015625
2007-09-06,104.19762420654297,52.32613754272461,49.548439025878906
2007-09-07,102.7486343383789,52.88688659667969,50.24956512451172
2007-09-10,102.55162048339844,53.005226135253906,50.63908767700195
2007-09-11,103.74746704101562,52.893062591552734,50.60013198852539
2007-09-12,104.01473236083984,52.76225662231445,50.41093826293945
2007-09-13,104.74632263183594,52.45075225830078,49.96022033691406
2007-09-14,104.73926544189453,52.51927947998047,50.032562255859375
2007-09-17,104.17656707763672,52.55043411254883,50.27182388305664
2007-09-18,107.24349212646484,52.49436950683594,49.893428802490234
2007-09-19,107.87657165527344,52.30746841430664,49.43157196044922
2007-09-20,107.11685180664062,51.71561813354492,48.49668502807617
2007-09-21,107.40596771240234,51.977256774902344,48.90845489501953
2007-09-24,107.20796966552734,52.0457763671875,49.047611236572266
2007-09-25,106.99600982666016,52.05203628540039,48.87508010864258
2007-09-26,107.56138610839844,52.070743560791016,48.91957473754883
2007-09-27,108.19747161865234,52.23897171020508,49.259063720703125
2007-09-28,107.83702087402344,52.25761413574219,49.37031555175781
2007-10-01,109.05265045166016,52.32014846801758,49.65245056152344
2007-10-02,108.90416717529297,52.4327392578125,49.808876037597656
2007-10-03,108.6851577758789,52.39521026611328,49.66362380981445
2007-10-04,108.85478973388672,52.4890022277832,49.85355758666992
2007-10-05,110.14813995361328,52.02628707885742,49.3172492980957
2007-10-08,109.56156921386719,52.213836669921875,49.27815246582031
2007-10-09,110.59339904785156,52.0512809753418,49.21669006347656
2007-10-10,110.40960693359375,52.101287841796875,49.24463653564453
2007-10-11,109.8795394897461,52.10752487182617,49.19437026977539
2007-10-12,110.48739624023438,51.932464599609375,48.95417785644531
2007-10-15,109.55442810058594,51.98244857788086,48.965335845947266
2007-10-16,108.6851577758789,52.12626647949219,48.98208999633789
2007-10-17,109.01728820800781,52.445213317871094,49.51837158203125
2007-10-18,108.62151336669922,52.64533996582031,49.79212188720703
2007-10-19,105.78036499023438,53.09553909301758,50.53513717651367
2007-10-22,106.39524841308594,52.99549865722656,50.540714263916016
2007-10-23,107.25746154785156,52.982975006103516,50.473655700683594
2007-10-24,107.0595932006836,53.25186538696289,50.84796142578125
2007-10-25,107.31401062011719,53.20808029174805,50.67476272583008
2007-10-26,108.57205963134766,53.076805114746094,50.55746078491211
2007-10-29,108.93254089355469,53.12057876586914,50.75303268432617
2007-10-30,108.17626953125,53.17686080932617,50.72505187988281
2007-10-31,109.30005645751953,52.82038879394531,50.26697540283203
2007-11-01,106.74159240722656,53.25151824951172,50.920101165771484
2007-11-02,106.86170959472656,53.39585876464844,51.08281326293945
2007-11-05,106.04899597167969,53.33308410644531,51.06033706665039
2007-11-06,107.4765853881836,53.23896026611328,50.8134880065918
2007-11-07,104.53645324707031,53.4334831237793,50.90324020385742
2007-11-08,104.00639343261719,53.552696228027344,50.8134880065918
2007-11-09,102.5787124633789,53.87274932861328,51.24552917480469
2007-11-12,101.56100463867188,53.96689987182617,51.43068313598633
2007-11-13,104.65658569335938,53.69075012207031,51.23993682861328
2007-11-14,104.36686706542969,53.728431701660156,51.29603576660156
2007-11-15,102.86141204833984,54.0296630859375,51.77857971191406
2007-11-16,103.03813171386719,54.0296630859375,51.851539611816406
2007-11-19,101.60340118408203,54.41864013671875,52.18817138671875
2007-11-20,102.22539520263672,54.27436065673828,52.132076263427734
2007-11-21,100.13336944580078,54.701087951660156,52.43506622314453
2007-11-23,101.86495208740234,54.53792953491211,52.592193603515625
2007-11-26,99.61742401123047,55.28468322753906,53.630191802978516
2007-11-27,100.76239776611328,54.77006530761719,53.11961364746094
2007-11-28,103.98519897460938,54.57554626464844,52.760475158691406
2007-11-29,104.02058410644531,54.883052825927734,53.21500778198242
2007-11-30,105.0665512084961,54.95836639404297,52.95688247680664
2007-12-03,104.37393951416016,55.17561340332031,53.377132415771484
2007-12-04,103.44097137451172,55.225955963134766,53.37154006958008
2007-12-05,105.17257690429688,55.0181884765625,52.73494338989258
2007-12-06,106.67794799804688,54.72856140136719,52.27301025390625
2007-12-07,106.65673828125,54.37594223022461,51.687076568603516
2007-12-10,107.48365020751953,54.25001907348633,51.377254486083984
2007-12-11,104.53645324707031,54.99299621582031,52.38565444946289
2007-12-12,105.56832885742188,54.53335952758789,51.84485626220703
2007-12-13,105.34927368164062,54.130393981933594,51.281532287597656
2007-12-14,104.01347351074219,53.97298049926758,51.04490661621094
2007-12-17,102.52931213378906,54.2940673828125,51.501197814941406
2007-12-18,103.10179138183594,54.401123046875,51.83359909057617
2007-12-19,103.10179138183594,54.8355712890625,52.52088165283203
2007-12-20,103.75194549560547,54.747432708740234,52.408199310302734
2007-12-21,105.2475814819336,54.35076141357422,51.64207077026367
2007-12-24,106.02912902832031,54.19337463378906,51.39982223510742
2007-12-26,106.25653839111328,53.9351806640625,50.949100494384766
2007-12-27,104.92079162597656,54.29732131958008,51.50456237792969
2007-12-28,104.6578598022461,54.733367919921875,52.30770492553711
2007-12-31,103.8834457397461,54.98613739013672,52.624446868896484
2008-01-02,102.97393798828125,55.37797546386719,53.38237380981445
2008-01-03,102.92420196533203,55.491703033447266,53.30885696411133
2008-01-04,100.40193939208984,55.63706588745117,53.3201789855957
2008-01-07,100.31666564941406,55.738162994384766,53.55206298828125
2008-01-08,98.69670867919922,55.85823059082031,53.48986053466797
2008-01-09,99.73406982421875,55.769813537597656,53.59162521362305
2008-01-10,100.38776397705078,55.61809539794922,52.86769485473633
2008-01-11,99.57778930664062,55.97197341918945,53.28056716918945
2008-01-14,100.38060760498047,55.99726486206055,53.478519439697266
2008-01-15,98.1708984375,56.363773345947266,54.07810592651367
2008-01-16,97.32540130615234,56.25636672973633,53.687808990478516
2008-01-17,94.80313110351562,56.711368560791016,54.38350296020508
2008-01-18,93.82971954345703,56.629207611083984,54.010223388671875
2008-01-22,92.87764739990234,57.26120376586914,54.587135314941406
2008-01-23,95.10863494873047,56.99580383300781,54.46268844604492
2008-01-24,95.91152954101562,56.477577209472656,53.37107849121094
2008-01-25,94.52598571777344,57.00208282470703,54.27041244506836
2008-01-28,96.08914947509766,56.79352951049805,54.06679153442383
2008-01-29,96.5651626586914,56.56599426269531,53.69913864135742
2008-01-30,95.85467529296875,56.5407600402832,53.34846115112305
2008-01-31,97.6025390625,56.831451416015625,53.727420806884766
2008-02-01,99.1727523803711,57.0158805847168,54.05039978027344
2008-02-04,97.92225646972656,56.69892120361328,53.494144439697266
2008-02-05,95.30050659179688,57.09834289550781,53.90280532836914
2008-02-06,94.53311920166016,56.996910095214844,53.7381706237793
2008-02-07,95.15837097167969,56.35661697387695,52.580318450927734
2008-02-08,94.54733276367188,56.832088470458984,53.18193817138672
2008-02-11,95.03047943115234,56.95883560180664,53.403350830078125
2008-02-12,95.91152954101562,56.83841323852539,53.085445404052734
2008-02-13,96.89201354980469,56.59754180908203,52.5235710144043
2008-02-14,96.0394058227539,56.28691864013672,51.75168228149414
2008-02-15,96.01811218261719,56.40739059448242,52.14897155761719
2008-02-19,96.2880859375,56.001651763916016,51.621158599853516
2008-02-20,96.57231140136719,55.95092010498047,51.97871017456055
2008-02-21,95.76935577392578,56.527793884277344,52.529273986816406
2008-02-22,96.35911560058594,56.369327545166016,52.228416442871094
2008-02-25,97.57412719726562,55.995262145996094,51.69496154785156
2008-02-26,98.30595397949219,56.1347541809082,51.71193313598633
2008-02-27,98.20646667480469,56.26790237426758,51.757362365722656
2008-02-28,97.24727630615234,56.9271354675293,52.67683029174805
2008-02-29,95.08021545410156,57.535789489746094,53.48277282714844
2008-03-03,94.85285949707031,57.389495849609375,53.344913482666016
2008-03-04,94.49051666259766,57.17326354980469,52.82648468017578
2008-03-05,95.08732604980469,56.92527770996094,52.19417190551758
2008-03-06,93.11923217773438,57.383113861083984,52.47332763671875
2008-03-07,92.16004180908203,57.580284118652344,52.54167556762695
2008-03-10,90.9450454711914,57.99361038208008,53.31643295288086
2008-03-11,94.21337890625,57.36408615112305,52.8607063293457
2008-03-12,93.3323745727539,58.0253791809082,53.880435943603516
2008-03-13,93.53843688964844,57.72015380859375,53.45886993408203
2008-03-14,92.08899688720703,58.31785583496094,54.11968231201172
2008-03-17,91.15821075439453,58.61042022705078,54.535560607910156
2008-03-18,94.94522094726562,58.20977020263672,54.324737548828125
2008-03-19,92.59345245361328,58.712127685546875,55.22490692138672
2008-03-20,94.30854797363281,58.839385986328125,55.36159133911133
2008-03-24,96.19359588623047,57.802833557128906,54.29055404663086
2008-03-25,96.286376953125,58.00631332397461,54.51848220825195
2008-03-26,95.10820770263672,58.05078125,54.29055404663086
2008-03-27,94.80836486816406,57.97447204589844,53.90890884399414
2008-03-28,93.90156555175781,58.20346450805664,54.43299865722656
2008-03-31,94.22999572753906,58.30514907836914,54.62670135498047
2008-04-01,97.5430908203125,57.795372009277344,53.737648010253906
2008-04-02,97.60736846923828,57.60395812988281,53.8520622253418
2008-04-03,97.85011291503906,57.60395812988281,53.972198486328125
2008-04-04,97.74301147460938,58.04422378540039,54.464237213134766
2008-04-07,97.79301452636719,57.66136169433594,54.17816925048828
2008-04-08,97.69297790527344,57.66777420043945,53.989376068115234
2008-04-09,96.98613739013672,58.012325286865234,54.55000305175781
2008-04-10,97.1218032836914,57.782630920410156,54.36697769165039
2008-04-11,95.23677062988281,58.031410217285156,54.733131408691406
2008-04-14,94.91545104980469,57.88471603393555,54.4127197265625
2008-04-15,95.13678741455078,57.62308120727539,53.737648010253906
2008-04-16,97.71446228027344,57.23388671875,53.2113151550293
2008-04-17,97.85723876953125,57.099910736083984,53.11979675292969
2008-04-18,98.87830352783203,57.04247283935547,53.07400131225586
2008-04-21,98.92823791503906,57.04884719848633,53.285701751708984
2008-04-22,98.49272918701172,57.093475341796875,53.46875762939453
2008-04-23,98.33563995361328,57.03609848022461,53.291404724121094
2008-04-24,98.7640609741211,56.58940505981445,52.839439392089844
2008-04-25,99.67799377441406,56.512882232666016,52.530479431152344
2008-04-28,99.69944763183594,56.614952087402344,52.69070816040039
2008-04-29,99.30667877197266,56.717041015625,52.89093780517578
2008-04-30,98.72122955322266,56.895660400390625,53.26852798461914
2008-05-01,100.76332092285156,56.8892822265625,53.272003173828125
2008-05-02,101.04178619384766,56.42848587036133,52.60026550292969
2008-05-05,100.5562515258789,56.511653900146484,52.60026550292969
2008-05-06,101.4273681640625,56.33245086669922,52.221275329589844
2008-05-07,99.62089538574219,56.55646514892578,52.445125579833984
2008-05-08,99.36383056640625,56.921287536621094,52.91600036621094
2008-05-09,99.17815399169922,56.98529052734375,53.11124038696289
2008-05-12,100.29205322265625,56.8892822265625,53.030818939208984
2008-05-13,100.30633544921875,56.41566467285156,52.45092010498047
2008-05-14,100.51344299316406,56.39646911621094,52.473880767822266
2008-05-15,101.77007293701172,56.71010971069336,52.95045852661133
2008-05-16,101.86292266845703,56.61406707763672,52.73222732543945
2008-05-19,102.14140319824219,56.742103576660156,52.8011474609375
2008-05-20,101.31310272216797,56.914913177490234,53.076744079589844
2008-05-21,99.59947967529297,56.780479431152344,53.08827590942383
2008-05-22,99.6137466430664,56.409278869628906,52.462379455566406
2008-05-23,98.27853393554688,56.65888214111328,52.69203567504883
2008-05-27,99.00686645507812,56.38364028930664,52.33605194091797
2008-05-28,99.46383666992188,55.961185455322266,51.8709831237793
2008-05-29,99.963623046875,55.6987419128418,51.497802734375
2008-05-30,100.21351623535156,55.88435745239258,51.8365592956543
2008-06-02,99.17815399169922,56.21650314331055,52.036521911621094
2008-06-03,98.59980773925781,56.511905670166016,52.41108703613281
2008-06-04,98.54981231689453,56.306480407714844,51.944297790527344
2008-06-05,100.52052307128906,56.01090621948242,51.63311004638672
2008-06-06,97.31456756591797,56.499107360839844,52.30160140991211
2008-06-09,97.55020904541016,56.094451904296875,52.30160140991211
2008-06-10,97.06468963623047,55.76041793823242,51.96161651611328
2008-06-11,95.63665771484375,55.818233489990234,51.84055709838867
2008-06-12,96.00078582763672,55.330081939697266,51.32194519042969
2008-06-13,97.21463012695312,55.20164108276367,51.212467193603516
2008-06-16,97.27174377441406,55.2080192565918,51.22397232055664
2008-06-17,96.80047607421875,55.394264221191406,51.327701568603516
2008-06-18,95.8579330444336,55.69618225097656,51.75992965698242
2008-06-19,95.97935485839844,55.37504959106445,51.45447540283203
2008-06-20,94.42145538330078,55.631919860839844,51.75413131713867
2008-06-23,94.3281478881836,55.60627365112305,51.8636474609375
2008-06-24,94.14159393310547,55.9017448425293,52.209388732910156
2008-06-25,94.58650207519531,55.895301818847656,52.23244857788086
2008-06-26,92.01752471923828,56.21007537841797,52.583953857421875
2008-06-27,91.51519012451172,56.486297607421875,53.20053482055664
2008-06-30,91.83807373046875,56.52482223510742,53.21205520629883
2008-07-01,92.12512969970703,56.371395111083984,53.08600616455078
2008-07-02,90.5464096069336,56.5067138671875,53.36360168457031
2008-07-03,90.63972473144531,56.52607727050781,53.2479362487793
2008-07-07,89.71401977539062,56.79032516479492,53.49085998535156
2008-07-08,91.30705261230469,56.93209457397461,53.83781051635742
2008-07-09,89.5489501953125,57.202789306640625,54.07500076293945
2008-07-10,89.91495513916016,57.22213363647461,54.069175720214844
2008-07-11,88.8672103881836,56.68721389770508,53.29999542236328
2008-07-14,88.06352233886719,56.9901123046875,53.768436431884766
2008-07-15,86.82208251953125,57.19635009765625,53.75109100341797
2008-07-16,88.95336151123047,56.67433166503906,52.77945327758789
2008-07-17,89.84317779541016,56.40367126464844,52.507659912109375
2008-07-18,90.40291595458984,56.210269927978516,52.311004638671875
2008-07-21,90.45314025878906,56.33918380737305,52.513465881347656
2008-07-22,91.47930145263672,56.14585494995117,52.25320053100586
2008-07-23,91.97444152832031,56.05563735961914,52.14908981323242
2008-07-24,90.06562805175781,56.53894805908203,52.658058166503906
2008-07-25,90.04413604736328,56.210269927978516,52.13173294067383
2008-07-28,88.72371673583984,56.532535552978516,52.658058166503906
2008-07-29,90.61817169189453,56.371395111083984,52.444034576416016
2008-07-30,92.23277282714844,56.48100662231445,52.496097564697266
2008-07-31,91.01285552978516,56.93209457397461,53.01655578613281
2008-08-01,90.53207397460938,56.960567474365234,53.13387680053711
2008-08-04,89.69248962402344,56.92176818847656,53.011932373046875
2008-08-05,92.11077880859375,56.6307373046875,52.61725997924805
2008-08-06,92.51982116699219,56.650142669677734,52.40248489379883
2008-08-07,91.14201354980469,57.1804313659668,53.25571060180664
2008-08-08,92.8355484008789,57.154571533203125,53.40085220336914
2008-08-11,93.79714965820312,56.876468658447266,52.89003372192383
2008-08-12,92.82120513916016,57.27092742919922,53.383445739746094
2008-08-13,92.26148986816406,57.14805603027344,53.19770812988281
2008-08-14,92.95755004882812,57.322731018066406,53.54016876220703
2008-08-15,93.4096450805664,57.5361442565918,54.00450897216797
2008-08-18,92.13233947753906,57.67835998535156,54.21928024291992
2008-08-19,91.1276626586914,57.59431838989258,54.01032638549805
2008-08-20,91.55103302001953,57.76243591308594,54.16123962402344
2008-08-21,91.70892333984375,57.639617919921875,54.06257247924805
2008-08-22,93.03646850585938,57.47142791748047,54.02775573730469
2008-08-25,91.14920043945312,57.852989196777344,54.567562103271484
2008-08-26,91.41474914550781,57.87238693237305,54.61397933959961
2008-08-27,92.30453491210938,57.956485748291016,54.70684051513672
2008-08-28,93.42400360107422,57.87238693237305,54.71268844604492
2008-08-29,92.41937255859375,57.80122756958008,54.468868255615234
2008-09-02,91.84526824951172,58.11592483520508,54.97564697265625
2008-09-03,91.7663345336914,58.2586555480957,55.208702087402344
2008-09-04,89.00361633300781,58.550655364990234,55.6514892578125
2008-09-05,89.28345489501953,58.420875549316406,55.62234115600586
2008-09-08,91.1276626586914,58.42738723754883,55.855350494384766
2008-09-09,88.42234802246094,58.693382263183594,56.408817291259766
2008-09-10,88.7811279296875,58.544158935546875,56.05925750732422
2008-09-11,90.06562805175781,58.440345764160156,56.03011703491211
2008-09-12,90.4818344116211,58.148399353027344,55.30770492553711
2008-09-15,86.17623901367188,59.26434326171875,57.102012634277344
2008-09-16,87.6186294555664,59.095680236816406,57.09035110473633
2008-09-17,83.67902374267578,59.627716064453125,57.375858306884766
2008-09-18,86.16190338134766,58.92692565917969,56.53695297241211
2008-09-19,89.58370971679688,57.8758659362793,54.74267578125
2008-09-22,87.55558776855469,57.75261306762695,54.73686599731445
2008-09-23,85.56358337402344,57.75261306762695,54.52714920043945
2008-09-24,85.83784484863281,57.9018440246582,54.765968322753906
2008-09-25,87.1802749633789,57.72666931152344,54.65530776977539
2008-09-26,87.22361755371094,57.687686920166016,55.05143356323242
2008-09-29,80.38861846923828,58.492244720458984,56.65346908569336
2008-09-30,83.71588134765625,57.72013473510742,55.27276611328125
2008-10-01,83.76640319824219,58.127071380615234,55.96817398071289
2008-10-02,80.72781372070312,58.452579498291016,56.41808319091797
2008-10-03,79.63801574707031,58.67394256591797,56.914791107177734
2008-10-06,75.58172607421875,59.14924621582031,57.94908905029297
2008-10-07,72.19674682617188,59.10364532470703,57.77378845214844
2008-10-08,70.37793731689453,58.348419189453125,56.94403839111328
2008-10-09,65.46282958984375,57.762454986572266,56.46486282348633
2008-10-10,63.87495803833008,57.085391998291016,56.067447662353516
2008-10-13,73.14946746826172,56.69468307495117,55.34878158569336
2008-10-14,72.06681060791016,56.42782974243164,54.992279052734375
2008-10-15,64.9720230102539,56.89002227783203,55.518211364746094
2008-10-16,67.67858123779297,56.90306091308594,55.23188781738281
2008-10-17,67.2744369506836,57.261131286621094,54.85206985473633
2008-10-20,71.31620025634766,57.31974792480469,55.290348052978516
2008-10-21,69.18701171875,57.925193786621094,55.582454681396484
2008-10-22,65.41950225830078,58.36797332763672,56.710269927978516
2008-10-23,66.17733001708984,58.44607925415039,57.13102340698242
2008-10-24,62.821197509765625,58.19865417480469,56.52326202392578
2008-10-27,60.59095001220703,58.166141510009766,56.564178466796875
2008-10-28,67.67138671875,57.6973762512207,55.74025344848633
2008-10-29,67.18054962158203,57.78200912475586,55.45977020263672
2008-10-30,69.5046157836914,57.33928680419922,54.957237243652344
2008-10-31,69.88715362548828,57.22205352783203,54.24437713623047
2008-11-03,70.0892333984375,57.3135986328125,54.39103317260742
2008-11-04,72.47099304199219,57.999691009521484,55.411861419677734
2008-11-05,69.42520904541016,58.306766510009766,56.06891632080078
2008-11-06,65.57826232910156,58.130340576171875,55.66408157348633
2008-11-07,67.74356842041016,57.921287536621094,55.30038070678711
2008-11-10,66.85578918457031,57.98009490966797,55.57027053833008
2008-11-11,64.79154205322266,58.19570541381836,55.73455047607422
2008-11-12,61.940643310546875,58.55509567260742,56.092369079589844
2008-11-13,65.80201721191406,58.130340576171875,54.74887466430664
2008-11-14,62.518062591552734,58.70540237426758,55.834293365478516
2008-11-17,61.68809127807617,58.95374298095703,56.080650329589844
2008-11-18,62.850059509277344,59.411128997802734,56.80230712890625
2008-11-19,58.82270050048828,60.05146026611328,58.2572021484375
2008-11-20,54.45610046386719,61.260353088378906,61.26693344116211
2008-11-21,57.39362335205078,60.698387145996094,60.381038665771484
2008-11-24,61.37045669555664,60.12992477416992,59.436424255371094
2008-11-25,61.825218200683594,61.162353515625,61.184776306152344
2008-11-26,64.21414947509766,61.53486633300781,61.26693344116211
2008-11-28,65.0225601196289,61.65896224975586,62.023719787597656
2008-12-01,59.26295471191406,62.4935417175293,64.39897918701172
2008-12-02,61.54368209838867,62.82139587402344,64.64620208740234
2008-12-03,63.02326583862305,62.919708251953125,64.82867431640625
2008-12-04,61.56538391113281,63.31306457519531,66.10602569580078
2008-12-05,63.46356201171875,62.644378662109375,65.03472137451172
2008-12-08,65.67937469482422,62.40837097167969,64.8934097290039
2008-12-09,64.59671020507812,62.93935775756836,66.17669677734375
2008-12-10,65.03699493408203,62.8803596496582,66.01776123046875
2008-12-11,63.47076416015625,63.26059341430664,66.14726257324219
2008-12-12,64.22857666015625,63.43769454956055,66.14726257324219
2008-12-15,63.3336181640625,63.575321197509766,66.90071868896484
2008-12-16,66.31446838378906,64.5849838256836,68.55485534667969
2008-12-17,65.67212677001953,65.02426147460938,70.41506958007812
2008-12-18,64.44514465332031,65.4635009765625,71.89252471923828
2008-12-19,64.16793060302734,65.24718475341797,71.96907043457031
2008-12-22,63.34574508666992,65.07671356201172,71.41574096679688
2008-12-23,62.69086456298828,65.0439453125,71.32156372070312
2008-12-24,63.05466842651367,64.97836303710938,71.16852569580078
2008-12-26,63.41847610473633,65.32583618164062,71.40393829345703
2008-12-29,63.236576080322266,65.46995544433594,71.3183364868164
2008-12-30,64.73545837402344,65.56208801269531,71.9975357055664
2008-12-31,65.65950775146484,64.83824920654297,70.49141693115234
2009-01-02,67.63861846923828,63.91035079956055,68.71955108642578
2009-01-05,67.55857849121094,63.798526763916016,66.94768524169922
2009-01-06,68.00969696044922,63.75898361206055,66.27436828613281
2009-01-07,65.97237396240234,63.77220153808594,66.53424835205078
2009-01-08,66.2415771484375,63.94326400756836,66.4810791015625
2009-01-09,64.82276153564453,64.23938751220703,66.58146667480469
2009-01-12,63.265689849853516,64.64081573486328,67.27252960205078
2009-01-13,63.382076263427734,64.68682861328125,67.34339904785156
2009-01-14,61.38844680786133,65.04875946044922,68.45379638671875
2009-01-15,61.41028594970703,64.9961166381836,68.56597137451172
2009-01-16,61.89052963256836,64.39734649658203,67.5088119506836
2009-01-20,58.62351608276367,64.29862213134766,67.49695587158203
2009-01-21,61.15559768676758,63.72605514526367,65.36473083496094
2009-01-22,60.20972442626953,63.30491638183594,64.10675811767578
2009-01-23,60.47165298461914,63.3181266784668,63.604713439941406
2009-01-26,60.88639831542969,63.16017532348633,63.04950714111328
2009-01-27,61.50486373901367,63.57475662231445,64.53196716308594
2009-01-28,63.5858268737793,63.16675567626953,62.91957092285156
2009-01-29,61.519439697265625,62.34418869018555,61.472557067871094
2009-01-30,60.26792907714844,62.317832946777344,61.27761459350586
2009-02-02,60.08602523803711,62.823333740234375,62.417701721191406
2009-02-03,60.93007278442383,62.28223419189453,60.93115234375
2009-02-04,60.631744384765625,61.96546173095703,60.717960357666016
2009-02-05,61.53398513793945,62.11063003540039,60.771244049072266
2009-02-06,63.28752899169922,61.73448944091797,60.58174133300781
2009-02-09,63.37480545043945,61.60913848876953,60.7772216796875
2009-02-10,60.47165298461914,62.434051513671875,62.09792709350586
2009-02-11,60.82822036743164,62.915775299072266,62.903385162353516
2009-02-12,60.87184524536133,62.895938873291016,62.311153411865234
2009-02-13,60.217018127441406,62.40105056762695,60.652835845947266
2009-02-17,57.64128112792969,63.45028305053711,62.542076110839844
2009-02-18,57.50300979614258,62.98832702636719,62.00907516479492
2009-02-19,56.88455581665039,62.63860321044922,60.95484161376953
2009-02-20,56.33157730102539,62.81674575805664,61.54708480834961
2009-02-23,54.316078186035156,62.8760986328125,62.115623474121094
2009-02-24,56.37520980834961,62.63860321044922,62.05052947998047
2009-02-25,55.931396484375,62.071022033691406,61.33391571044922
2009-02-26,55.021854400634766,61.91267395019531,60.688350677490234
2009-02-27,53.79219436645508,61.85988998413086,60.33891296386719
2009-03-02,51.36927032470703,62.4804801940918,61.33780288696289
2009-03-03,50.98365020751953,62.401161193847656,60.92804718017578
2009-03-04,52.19147491455078,62.08353805541992,60.64894485473633
2009-03-05,50.059566497802734,62.81132507324219,62.33561325073242
2009-03-06,50.146881103515625,62.51361846923828,61.91984939575195
2009-03-09,49.55751037597656,62.54008483886719,61.5576171875
2009-03-10,52.51160430908203,62.08353805541992,60.37571334838867
2009-03-11,52.85359191894531,62.52688217163086,61.02898406982422
2009-03-12,54.93454360961914,62.7054443359375,61.32003402709961
2009-03-13,55.363826751708984,62.659149169921875,61.011226654052734
2009-03-16,55.19649124145508,62.3018913269043,60.04904556274414
2009-03-17,56.88455581665039,62.18277359008789,59.72243118286133
2009-03-18,58.157875061035156,64.31330871582031,61.98522186279297
2009-03-19,57.43750762939453,64.0949935913086,62.06239700317383
2009-03-20,56.21445846557617,64.0949935913086,61.717933654785156
2009-03-23,60.25230026245117,63.87665939331055,61.18342208862305
2009-03-24,59.065093994140625,63.784000396728516,61.765411376953125
2009-03-25,59.687992095947266,63.40024185180664,60.93394470214844
2009-03-26,60.90447998046875,63.565677642822266,61.64069747924805
2009-03-27,59.805274963378906,63.525943756103516,62.0980224609375
2009-03-30,57.73872375488281,63.797218322753906,62.33561325073242
2009-03-31,58.27366638183594,63.90974044799805,62.78105926513672
2009-04-01,59.40220260620117,64.0662612915039,63.3540153503418
2009-04-02,61.13899612426758,63.64826202392578,62.579673767089844
2009-04-03,61.74724197387695,62.91831970214844,61.29916763305664
2009-04-06,61.26360321044922,62.77238464355469,61.037105560302734
2009-04-07,59.8345832824707,62.931640625,61.19197082519531
2009-04-08,60.47947311401367,63.24349594116211,61.73395919799805
2009-04-09,62.88308334350586,62.8719482421875,60.95964431762695
2009-04-13,62.89774703979492,63.24349594116211,61.51951217651367
2009-04-14,61.81318664550781,63.568634033203125,61.84113311767578
2009-04-15,62.47270965576172,63.628326416015625,61.73395919799805
2009-04-16,63.388763427734375,63.376258850097656,61.24557113647461
2009-04-17,63.81373977661133,62.86520767211914,60.57251739501953
2009-04-20,61.13899612426758,63.303165435791016,61.489749908447266
2009-04-21,62.33351135253906,63.05772399902344,60.882232666015625
2009-04-22,61.952423095703125,62.905052185058594,60.51296615600586
2009-04-23,62.56067657470703,62.891845703125,60.50699996948242
2009-04-24,63.5059814453125,62.646305084228516,59.89948654174805
2009-04-27,62.905059814453125,62.905052185058594,60.15559768676758
2009-04-28,62.707237243652344,62.599857330322266,59.17289352416992
2009-04-29,64.04094696044922,62.261409759521484,58.64873504638672
2009-04-30,64.06295776367188,62.15528869628906,58.416446685791016
2009-05-01,64.4073486328125,61.95560073852539,58.014434814453125
2009-05-04,66.59847259521484,62.0155143737793,58.205596923828125
2009-05-05,66.3713150024414,62.00221633911133,58.1339111328125
2009-05-06,67.52185821533203,62.028831481933594,57.99649429321289
2009-05-07,66.58380126953125,61.50975036621094,56.580631256103516
2009-05-08,68.13741302490234,61.58291244506836,56.718048095703125
2009-05-11,66.86229705810547,62.161922454833984,57.524574279785156
2009-05-12,66.6644058227539,62.122005462646484,57.73360061645508
2009-05-13,64.98631286621094,62.408180236816406,58.36091232299805
2009-05-14,65.543212890625,62.414825439453125,58.587894439697266
2009-05-15,65.00825500488281,62.26173400878906,58.56998825073242
2009-05-18,66.85498046875,61.8957405090332,57.66192626953125
2009-05-19,66.7743911743164,61.8091926574707,57.35726547241211
2009-05-20,66.32735443115234,62.00221633911133,57.96066665649414
2009-05-21,65.37468719482422,61.323360443115234,56.50295639038086
2009-05-22,65.23543548583984,60.96388244628906,55.87569046020508
2009-05-26,66.90623474121094,60.55792236328125,55.03329849243164
2009-05-27,65.71178436279297,59.872413635253906,54.0595703125
2009-05-28,66.6277847290039,60.18524169921875,54.84217071533203
2009-05-29,67.80764770507812,60.86412811279297,56.25804138183594
2009-06-01,69.44915008544922,59.87084197998047,54.59485626220703
2009-06-02,69.50775909423828,60.07111358642578,54.888526916503906
2009-06-03,68.62838745117188,60.43824768066406,55.403968811035156
2009-06-04,69.27326202392578,59.73733139038086,54.259178161621094
2009-06-05,69.28794860839844,59.143245697021484,53.845645904541016
2009-06-08,69.00212860107422,58.84281539916992,53.7077522277832
2009-06-09,69.35387420654297,59.09652328491211,53.701805114746094
2009-06-10,69.17800903320312,58.742733001708984,52.85673904418945
2009-06-11,69.48577880859375,59.143245697021484,53.44408416748047
2009-06-12,69.6762924194336,59.456974029541016,53.92352294921875
2009-06-15,68.07877349853516,59.723968505859375,54.409019470214844
2009-06-16,67.15541076660156,60.0577392578125,55.3559684753418
2009-06-17,67.08948516845703,59.89753341674805,55.04434585571289
2009-06-18,67.58047485351562,59.1699104309082,54.211238861083984
2009-06-19,67.82957458496094,59.443580627441406,54.95443344116211
2009-06-22,65.79551696777344,59.764068603515625,55.48783874511719
2009-06-23,65.84713745117188,59.95759963989258,56.141117095947266
2009-06-24,66.41458892822266,59.730628967285156,55.57776641845703
2009-06-25,67.8590316772461,60.478271484375,56.596656799316406
2009-06-26,67.68213653564453,60.5583610534668,56.692543029785156
2009-06-29,68.31591796875,60.685245513916016,56.7764778137207
2009-06-30,67.76322937011719,60.52505874633789,56.68055725097656
2009-07-01,68.0432357788086,60.486167907714844,56.56813430786133
2009-07-02,66.1861343383789,60.68698501586914,56.700416564941406
2009-07-06,66.17876434326172,60.72715759277344,56.592166900634766
2009-07-07,64.896484375,60.96815490722656,56.97098922729492
2009-07-08,64.85224914550781,61.6710319519043,58.0232048034668
2009-07-09,64.97752380371094,61.309539794921875,57.33174514770508
2009-07-10,64.82278442382812,61.69108963012695,57.86087417602539
2009-07-13,66.39984130859375,61.470191955566406,57.536197662353516
2009-07-14,66.77568054199219,61.06184768676758,56.58015060424805
2009-07-15,68.7286376953125,60.27198028564453,55.125057220458984
2009-07-16,68.61811065673828,60.63345718383789,55.720333099365234
2009-07-17,69.36980438232422,60.22514343261719,54.86048126220703
2009-07-20,70.10673522949219,60.446022033691406,55.14909744262695
2009-07-21,70.43099975585938,61.12211227416992,56.24943923950195
2009-07-22,70.41627502441406,60.76066207885742,55.744361877441406
2009-07-23,71.97125244140625,60.17158889770508,54.72219467163086
2009-07-24,72.26604461669922,60.298770904541016,54.98678970336914
2009-07-27,72.4797592163086,60.017616271972656,54.35544204711914
2009-07-28,72.1407241821289,60.138126373291016,54.83646774291992
2009-07-29,71.96387481689453,60.17823791503906,55.13709259033203
2009-07-30,72.715576171875,60.419212341308594,55.91873550415039
2009-07-31,72.81874084472656,61.02838897705078,57.007015228271484
2009-08-03,74.01998901367188,60.37986755371094,56.14313507080078
2009-08-04,74.21161651611328,60.20537567138672,55.69666290283203
2009-08-05,73.99788665771484,59.8629264831543,54.86415100097656
2009-08-06,73.61465454101562,59.8629264831543,55.0511474609375
2009-08-07,74.58006286621094,59.466880798339844,54.59263610839844
2009-08-10,74.42530059814453,59.849510192871094,55.27438735961914
2009-08-11,73.49678802490234,60.26578140258789,55.91387176513672
2009-08-12,74.2852783203125,60.097965240478516,55.31661605834961
2009-08-13,74.85272979736328,60.567848205566406,56.100921630859375
2009-08-14,74.27792358398438,60.75587463378906,56.31806945800781
2009-08-17,72.45028686523438,61.17206573486328,57.1506462097168
2009-08-18,73.02508544921875,60.95719528198242,56.818824768066406
2009-08-19,73.6662826538086,61.18549728393555,57.28940200805664
2009-08-20,74.42530059814453,61.34663772583008,57.76000213623047
2009-08-21,75.8844985961914,60.72224807739258,56.571441650390625
2009-08-24,75.87712860107422,61.09817123413086,57.59708023071289
2009-08-25,76.0245132446289,61.25933837890625,57.92285919189453
2009-08-26,76.03189086914062,61.339881896972656,58.188350677490234
2009-08-27,76.20137023925781,61.17206573486328,57.959075927734375
2009-08-28,76.18665313720703,61.31303787231445,58.224517822265625
2009-08-31,75.50865936279297,61.49427795410156,58.278831481933594
2009-09-01,73.84312438964844,61.65381622314453,58.1378288269043
2009-09-02,73.56307983398438,61.9904670715332,58.9851188659668
2009-09-03,74.17477416992188,61.768310546875,58.62199783325195
2009-09-04,75.21385955810547,61.39802169799805,57.62332534790039
2009-09-08,75.86238861083984,61.25661087036133,57.21786880493164
2009-09-09,76.44456481933594,61.31051254272461,57.15127944946289
2009-09-10,77.22574615478516,61.768310546875,58.204368591308594
2009-09-11,77.21100616455078,61.95005416870117,58.52515411376953
2009-09-14,77.58684539794922,61.5865592956543,57.94416427612305
2009-09-15,77.91114807128906,61.458648681640625,57.6475715637207
2009-09-16,79.09027862548828,61.41144561767578,57.750431060791016
2009-09-17,78.97232818603516,61.71444320678711,58.476680755615234
2009-09-18,79.02268981933594,61.384552001953125,57.95624542236328
2009-09-21,78.82276916503906,61.34416961669922,58.0893669128418
2009-09-22,79.2818603515625,61.50574493408203,58.210426330566406
2009-09-23,78.62285614013672,61.64040756225586,58.385948181152344
2009-09-24,77.75650024414062,61.80870056152344,58.55540084838867
2009-09-25,77.34181213378906,62.05778503417969,59.299842834472656
2009-09-28,78.72654724121094,62.16552734375,59.8203239440918
2009-09-29,78.48957061767578,62.138614654541016,59.76586151123047
2009-09-30,78.18598937988281,62.18570327758789,59.71138381958008
2009-10-01,76.24595642089844,62.65353012084961,60.52919006347656
2009-10-02,75.8905029296875,62.62650680541992,60.11027145385742
2009-10-05,77.02344512939453,62.61979293823242,60.11635208129883
2009-10-06,78.1267318725586,62.417236328125,59.52136993408203
2009-10-07,78.34146881103516,62.81551742553711,60.21954345703125
2009-10-08,78.9412612915039,62.58601379394531,59.588138580322266
2009-10-09,79.42256164550781,61.98516082763672,58.22211837768555
2009-10-12,79.73353576660156,62.1674690246582,58.31319046020508
2009-10-13,79.57067108154297,62.30928039550781,58.616783142089844
2009-10-14,80.94051361083984,61.883941650390625,57.74858474731445
2009-10-15,81.23670959472656,61.68144607543945,57.4814453125
2009-10-16,80.6294937133789,61.964942932128906,57.948944091796875
2009-10-19,81.29595947265625,62.05944061279297,58.404300689697266
2009-10-20,80.86644744873047,62.20121383666992,58.719974517822266
2009-10-21,80.14080047607422,62.05944061279297,58.36785888671875
2009-10-22,80.95531463623047,61.87718200683594,58.08253860473633
2009-10-23,80.02974700927734,61.57339859008789,57.645362854003906
2009-10-26,79.16337585449219,61.22235870361328,56.89863586425781
2009-10-27,78.80056762695312,61.74895477294922,57.67574691772461
2009-10-28,77.31222534179688,61.93795394897461,57.948944091796875
2009-10-29,78.97087860107422,61.64093017578125,57.31755828857422
2009-10-30,76.68281555175781,62.09995651245117,58.14928436279297
2009-11-02,77.24557495117188,61.93659973144531,57.89221954345703
2009-11-03,77.48992919921875,61.793636322021484,57.3135986328125
2009-11-04,77.68985748291016,61.62339782714844,56.789825439453125
2009-11-05,79.11894226074219,61.637020111083984,56.789825439453125
2009-11-06,79.32628631591797,61.820831298828125,56.844627380371094
2009-11-09,81.1330337524414,61.84811782836914,56.911651611328125
2009-11-10,81.1478500366211,61.895748138427734,56.80809020996094
2009-11-11,81.56246185302734,62.07271957397461,57.0456657409668
2009-11-12,80.73316955566406,62.0931396484375,56.94211196899414
2009-11-13,81.17005920410156,62.14079666137695,57.20399856567383
2009-11-16,82.34735107421875,62.47437286376953,57.87396240234375
2009-11-17,82.44366455078125,62.610557556152344,58.18463134765625
2009-11-18,82.3918228149414,62.4539680480957,57.84354019165039
2009-11-19,81.31814575195312,62.52882766723633,57.947052001953125
2009-11-20,81.02933502197266,62.52201461791992,57.93488693237305
2009-11-23,82.05863189697266,62.4335823059082,57.86178207397461
2009-11-24,82.18448638916016,62.753509521484375,58.227264404296875
2009-11-25,82.47329711914062,62.96455001831055,58.495216369628906
2009-11-27,81.1330337524414,63.250465393066406,58.71451950073242
2009-11-30,81.40702056884766,63.352569580078125,58.854583740234375
2009-12-01,82.41401672363281,63.003273010253906,58.19901657104492
2009-12-02,82.37701416015625,62.87360763549805,58.24784469604492
2009-12-03,81.73281860351562,62.580223083496094,57.64295959472656
2009-12-04,82.1993179321289,62.116302490234375,57.031917572021484
2009-12-07,82.07343292236328,62.28688430786133,57.105262756347656
2009-12-08,81.16265869140625,62.50517272949219,57.19075012207031
2009-12-09,81.46623229980469,62.38237380981445,56.92803955078125
2009-12-10,81.92532348632812,62.17085266113281,56.27429962158203
2009-12-11,82.2733383178711,61.863861083984375,56.268184661865234
2009-12-14,82.83610534667969,61.863861083984375,56.335365295410156
2009-12-15,82.4510498046875,61.66598129272461,56.084869384765625
2009-12-16,82.57691955566406,61.66598129272461,56.01765823364258
2009-12-17,81.5846939086914,62.211788177490234,56.94025802612305
2009-12-18,82.0462875366211,61.904747009277344,56.69587707519531
2009-12-21,82.88005065917969,61.2701530456543,55.68773651123047
2009-12-22,83.17782592773438,60.99729537963867,55.37611389160156
2009-12-23,83.34160614013672,60.96998977661133,55.38832473754883
2009-12-24,83.73621368408203,60.75166320800781,54.81395721435547
2009-12-28,83.91486358642578,60.58792495727539,54.661216735839844
2009-12-29,83.79573059082031,60.74785614013672,55.02173614501953
2009-12-30,83.76596069335938,60.85722351074219,55.3835334777832
2009-12-31,82.96197509765625,60.56327819824219,55.11986541748047
2010-01-04,84.3689956665039,60.713680267333984,55.070858001708984
2010-01-05,84.5923080444336,60.98023986816406,55.426456451416016
2010-01-06,84.65187072753906,60.73419189453125,54.684486389160156
2010-01-07,85.00920867919922,60.73419189453125,54.77649688720703
2010-01-08,85.2920913696289,60.80939483642578,54.75197982788086
2010-01-11,85.4112319946289,60.85038757324219,54.45151901245117
2010-01-12,84.61466979980469,61.28787612915039,55.3835334777832
2010-01-13,85.32928466796875,60.99397659301758,54.739646911621094
2010-01-14,85.5600814819336,61.28103256225586,55.50617980957031
2010-01-15,84.59974670410156,61.5544548034668,55.84956741333008
2010-01-19,85.6568603515625,61.445106506347656,55.69011306762695
2010-01-20,84.7858657836914,61.656986236572266,56.25432205200195
2010-01-21,83.155517578125,61.88257598876953,56.51182174682617
2010-01-22,81.30179595947266,61.937259674072266,56.41374206542969
2010-01-25,81.71871948242188,61.800559997558594,56.156150817871094
2010-01-26,81.37628936767578,61.92360305786133,56.17461395263672
2010-01-27,81.76337432861328,61.78007507324219,56.143917083740234
2010-01-28,80.82535552978516,61.75951385498047,56.11324691772461
2010-01-29,79.9469223022461,61.9987678527832,56.60382080078125
2010-02-01,81.19017028808594,61.78616714477539,56.09000015258789
2010-02-02,82.17283630371094,61.8890380859375,56.24993896484375
2010-02-03,81.76337432861328,61.5941162109375,55.59763717651367
2010-02-04,79.23966979980469,62.101661682128906,56.47762680053711
2010-02-05,79.40349578857422,62.30055618286133,56.60075378417969
2010-02-08,78.83024597167969,62.24568176269531,56.67459487915039
2010-02-09,79.82035827636719,61.909603118896484,56.108463287353516
2010-02-10,79.6640396118164,61.73811721801758,55.573055267333984
2010-02-11,80.497802734375,61.66272735595703,55.27152633666992
2010-02-12,80.43081665039062,61.8067626953125,55.49925231933594
2010-02-16,81.69637298583984,61.94392395019531,55.60383987426758
2010-02-17,82.08350372314453,61.614742279052734,54.970027923583984
2010-02-18,82.56739807128906,61.39525604248047,54.74847412109375
2010-02-19,82.7386245727539,61.42955780029297,55.04386901855469
2010-02-22,82.7535171508789,61.381591796875,54.81616973876953
2010-02-23,81.74848175048828,61.8479118347168,55.671539306640625
2010-02-24,82.50041198730469,61.88221740722656,55.80690383911133
2010-02-25,82.38872528076172,62.10855484008789,56.120750427246094
2010-02-26,82.44082641601562,62.20454788208008,56.40994644165039
2010-03-01,83.29698181152344,62.269187927246094,56.38527297973633
2010-03-02,83.52772521972656,62.30356979370117,56.311195373535156
2010-03-03,83.60221099853516,62.241661071777344,56.169219970703125
2010-03-04,83.85527801513672,62.35169982910156,56.46553039550781
2010-03-05,85.05387878417969,62.05595779418945,55.7247428894043
2010-03-08,85.0687484741211,61.890953063964844,55.43464279174805
2010-03-09,85.21021270751953,62.04911804199219,55.44694519042969
2010-03-10,85.58989715576172,61.94594192504883,55.30497741699219
2010-03-11,85.94719696044922,61.890953063964844,55.508670806884766
2010-03-12,85.95465850830078,61.98723220825195,55.8543815612793
2010-03-15,85.97700500488281,61.98723220825195,55.780296325683594
2010-03-16,86.66187286376953,62.22789764404297,56.224761962890625
2010-03-17,87.1755599975586,62.30356979370117,56.46553039550781
2010-03-18,87.13087463378906,62.1385612487793,56.28034591674805
2010-03-19,86.68984985351562,62.05595779418945,56.33588790893555
2010-03-22,87.15333557128906,62.26230239868164,56.397605895996094
2010-03-23,87.76630401611328,62.13161849975586,56.13216781616211
2010-03-24,87.3402099609375,61.512699127197266,55.1074104309082
2010-03-25,87.19816589355469,61.28582000732422,54.755558013916016
2010-03-26,87.14584350585938,61.430267333984375,54.90986633300781
2010-03-29,87.69902801513672,61.34082794189453,54.700016021728516
2010-03-30,87.75885009765625,61.40268325805664,54.87282943725586
2010-03-31,87.45978546142578,61.54717254638672,55.24940872192383
2010-04-01,88.05785369873047,61.41950988769531,55.11433410644531
2010-04-05,88.77545166015625,60.86783218383789,54.19734191894531
2010-04-06,88.9847640991211,61.047080993652344,54.28407669067383
2010-04-07,88.4764633178711,61.42643356323242,54.9780158996582
2010-04-08,88.78290557861328,61.35749435424805,55.00279998779297
2010-04-09,89.36600494384766,61.42643356323242,55.13292694091797
2010-04-12,89.50800323486328,61.59189987182617,55.42414474487305
2010-04-13,89.57527160644531,61.70922088623047,55.60380554199219
2010-04-14,90.59190368652344,61.543663024902344,55.21345901489258
2010-04-15,90.66667938232422,61.64711380004883,55.27546310424805
2010-04-16,89.22395324707031,62.019527435302734,55.678192138671875
2010-04-19,89.56033325195312,61.86777877807617,55.54185485839844
2010-04-20,90.36016845703125,61.89535903930664,55.74015808105469
2010-04-21,90.19572448730469,62.09537124633789,56.19862747192383
2010-04-22,90.46484375,61.950531005859375,56.03135681152344
2010-04-23,91.05538940429688,61.77817916870117,55.833091735839844
2010-04-26,90.71150207519531,61.81950759887695,55.89504623413086
2010-04-27,88.56614685058594,62.39884567260742,56.68191909790039
2010-04-28,89.23894500732422,62.08153533935547,56.19862747192383
2010-04-29,90.34522247314453,62.185020446777344,56.434085845947266
2010-04-30,88.81283569335938,62.56431198120117,57.0847053527832
2010-05-03,89.96398162841797,62.400394439697266,57.01009750366211
2010-05-04,87.84852600097656,62.82234191894531,58.03602981567383
2010-05-05,87.32527160644531,63.0644645690918,58.377967834472656
2010-05-06,84.42489624023438,63.75617980957031,60.181087493896484
2010-05-07,83.16902923583984,63.58327865600586,59.42879104614258
2010-05-10,86.8319091796875,63.09907150268555,58.19767761230469
2010-05-11,86.58523559570312,63.17517852783203,58.04846954345703
2010-05-12,87.79618835449219,63.015987396240234,57.60696792602539
2010-05-13,86.70482635498047,63.188987731933594,57.98625564575195
2010-05-14,85.1350326538086,63.59705352783203,58.99353790283203
2010-05-17,85.17989349365234,63.45869064331055,58.77592468261719
2010-05-18,84.0212173461914,63.922218322753906,59.67748260498047
2010-05-19,83.5428237915039,63.9775390625,59.876468658447266
2010-05-20,80.3882827758789,64.60001373291016,61.13862609863281
2010-05-21,81.56188201904297,64.63471221923828,61.20083999633789
2010-05-24,80.5153579711914,64.63471221923828,60.989444732666016
2010-05-25,80.59758758544922,64.85598754882812,61.28786849975586
2010-05-26,80.11167907714844,64.724609375,61.1137580871582
2010-05-27,82.79528045654297,64.10896301269531,59.72725296020508
2010-05-28,81.7562255859375,64.3995132446289,60.000823974609375
2010-06-01,80.38080596923828,64.482666015625,60.42255783081055
2010-06-02,82.4738540649414,64.11505126953125,59.84858703613281
2010-06-03,82.75791931152344,64.02490234375,59.41187286376953
2010-06-04,79.85006713867188,64.91276550292969,61.00894546508789
2010-06-07,78.85586547851562,65.1764144897461,61.476898193359375
2010-06-08,79.70053100585938,64.97518920898438,61.17117691040039
2010-06-09,79.27447509765625,64.98220825195312,61.10258483886719
2010-06-10,81.59176635742188,64.3786392211914,60.01082229614258
2010-06-11,81.98797607421875,64.78791046142578,60.771949768066406
2010-06-14,81.86087036132812,64.73241424560547,60.45998001098633
2010-06-15,83.72219848632812,64.53128051757812,60.21044158935547
2010-06-16,83.69231414794922,64.71167755126953,60.55354309082031
2010-06-17,83.82686614990234,65.01685333251953,61.046409606933594
2010-06-18,83.91773223876953,64.88504028320312,60.9466552734375
2010-06-21,83.67742156982422,64.83649444580078,60.771949768066406
2010-06-22,82.29541778564453,65.22492218017578,61.495601654052734
2010-06-23,82.04004669189453,65.46768951416016,61.913631439208984
2010-06-24,80.68062591552734,65.4122314453125,61.54550552368164
2010-06-25,81.01860809326172,65.51627349853516,61.79503631591797
2010-06-28,80.76323699951172,65.98103332519531,62.37529754638672
2010-06-29,78.2696304321289,66.26541900634766,63.05526351928711
2010-06-30,77.52607727050781,66.36254119873047,63.479549407958984
2010-07-01,77.18058776855469,66.33329772949219,63.57964324951172
2010-07-02,76.75996398925781,66.21504974365234,63.072784423828125
2010-07-06,77.2632064819336,66.37509155273438,63.59213638305664
2010-07-07,79.69668579101562,66.1664810180664,62.84748840332031
2010-07-08,80.48529052734375,66.00646209716797,62.44696044921875
2010-07-09,81.08617401123047,65.83259582519531,62.09025192260742
2010-07-12,81.13874816894531,65.94386291503906,62.06526184082031
2010-07-13,82.363037109375,65.61698150634766,61.53331756591797
2010-07-14,82.35550689697266,65.94386291503906,62.15289306640625
2010-07-15,82.3780517578125,66.28467559814453,62.77241134643555
2010-07-16,80.10979461669922,66.66719818115234,63.079044342041016
2010-07-19,80.58296203613281,66.49330139160156,62.69104766845703
2010-07-20,81.47675323486328,66.56285095214844,62.784908294677734
2010-07-21,80.417724609375,66.98707580566406,63.84876251220703
2010-07-22,82.21278381347656,66.61843872070312,63.11030578613281
2010-07-23,82.92632293701172,66.40287780761719,62.44072341918945
2010-07-26,83.7900390625,66.38201904296875,62.33430862426758
2010-07-27,83.78254699707031,66.15251159667969,61.73358917236328
2010-07-28,83.2417984008789,66.43766784667969,61.93388366699219
2010-07-29,82.83618927001953,66.57672882080078,61.91510009765625
2010-07-30,82.82118225097656,66.96619415283203,62.878753662109375
2010-08-02,84.69132995605469,66.75914001464844,61.99607467651367
2010-08-03,84.2857666015625,67.07289123535156,62.35394287109375
2010-08-04,84.84905242919922,66.7939682006836,61.876808166503906
2010-08-05,84.75895690917969,67.11470794677734,62.16560363769531
2010-08-06,84.41345977783203,67.5540542602539,62.84361267089844
2010-08-09,84.8641128540039,67.54009246826172,62.61130905151367
2010-08-10,84.40592956542969,67.88177490234375,62.743194580078125
2010-08-11,82.09263610839844,68.2652359008789,63.58441162109375
2010-08-12,81.58942413330078,68.0909423828125,63.427513122558594
2010-08-13,81.34906768798828,68.38378143310547,64.21854400634766
2010-08-16,81.31151580810547,68.87889862060547,65.82571411132812
2010-08-17,82.31043243408203,68.53022003173828,65.44902038574219
2010-08-18,82.46068572998047,68.46048736572266,65.62483215332031
2010-08-19,81.0261001586914,68.767333984375,66.64818572998047
2010-08-20,80.76323699951172,68.54417419433594,66.57283782958984
2010-08-23,80.45527648925781,68.63482666015625,66.5853500366211
2010-08-24,79.26106262207031,69.17876434326172,67.65267181396484
2010-08-25,79.56900787353516,68.86494445800781,67.43293762207031
2010-08-26,79.03575134277344,69.17876434326172,68.06704711914062
2010-08-27,80.26000213623047,68.38378143310547,66.13963317871094
2010-08-30,79.09583282470703,68.90680694580078,67.40778350830078
2010-08-31,79.09583282470703,69.21361541748047,68.15489196777344
2010-09-01,81.46173095703125,68.7152099609375,66.74571990966797
2010-09-02,82.22029113769531,68.42859649658203,66.0404281616211
2010-09-03,83.28687286376953,68.03711700439453,65.22187042236328
2010-09-07,82.34798431396484,68.57536315917969,66.5567626953125
2010-09-08,82.92632293701172,68.38665771484375,66.02787017822266
2010-09-09,83.30936431884766,67.84838104248047,64.72444152832031
2010-09-10,83.72998809814453,67.65263366699219,64.42852783203125
2010-09-13,84.66130065917969,67.9742202758789,64.74331665039062
2010-09-14,84.60875701904297,68.31671142578125,65.36669158935547
2010-09-15,84.93168640136719,68.07903289794922,64.39700317382812
2010-09-16,84.90918731689453,67.84139251708984,63.76100540161133
2010-09-17,84.94084930419922,67.9951400756836,64.0191421508789
2010-09-20,86.23963928222656,68.20487213134766,64.39067077636719
2010-09-21,86.06598663330078,68.84099578857422,65.28482055664062
2010-09-22,85.64311218261719,68.94587707519531,65.87041473388672
2010-09-23,84.94843292236328,69.04373931884766,66.05936431884766
2010-09-24,86.70024108886719,68.70126342773438,65.1714859008789
2010-09-27,86.28494262695312,69.23251342773438,66.30492401123047
2010-09-28,86.58699798583984,69.46312713623047,66.75822448730469
2010-09-29,86.43598937988281,69.29537200927734,66.4812240600586
2010-09-30,86.17923736572266,69.21151733398438,66.43714904785156
2010-10-01,86.54167938232422,69.24866485595703,66.11605072021484
2010-10-04,85.89230346679688,69.49386596679688,66.28670501708984
2010-10-05,87.6214828491211,69.50791931152344,65.88851165771484
2010-10-06,87.61395263671875,69.95630645751953,66.71646118164062
2010-10-07,87.5082015991211,70.0263900756836,66.16027069091797
2010-10-08,87.99900817871094,70.05441284179688,65.86959838867188
2010-10-11,88.08209991455078,70.12451171875,65.88224029541016
2010-10-12,88.35394287109375,69.9212875366211,65.23123168945312
2010-10-13,89.04105377197266,69.9212875366211,65.13011932373047
2010-10-14,88.69369506835938,69.52189636230469,64.15679931640625
2010-10-15,88.87491607666016,69.22057342529297,63.373069763183594
2010-10-18,89.3128662109375,69.54989624023438,63.88497543334961
2010-10-19,88.14247131347656,69.78824615478516,64.27056884765625
2010-10-20,89.00330352783203,69.74610137939453,64.4096450805664
2010-10-21,89.19963073730469,69.36073303222656,63.64482879638672
2010-10-22,89.36573028564453,69.38175964355469,64.07459259033203
2010-10-25,89.6300048828125,69.36073303222656,64.25785827636719
2010-10-26,89.64515686035156,68.89825439453125,63.26559829711914
2010-10-27,89.38838195800781,68.49885559082031,62.7094612121582
2010-10-28,89.40353393554688,68.89825439453125,62.8801155090332
2010-10-29,89.4714584350586,69.2065658569336,63.467891693115234
2010-11-01,89.50167083740234,69.09075164794922,63.194602966308594
2010-11-02,90.21141815185547,69.3224868774414,64.02521514892578
2010-11-03,90.57390594482422,69.5472412109375,62.719058990478516
2010-11-04,92.31816864013672,70.1091079711914,63.20734786987305
2010-11-05,92.66551971435547,69.81414794921875,62.12308120727539
2010-11-08,92.4918441772461,69.8351821899414,62.40207290649414
2010-11-09,91.82738494873047,69.24527740478516,61.02620315551758
2010-11-10,92.19734954833984,69.50509643554688,61.10862350463867
2010-11-11,91.85003662109375,69.42782592773438,61.07688903808594
2010-11-12,90.76268768310547,68.85188293457031,60.747222900390625
2010-11-15,90.63432312011719,67.96692657470703,59.479164123535156
2010-11-16,89.22228240966797,68.47259521484375,60.956443786621094
2010-11-17,89.26760864257812,68.27594757080078,60.62043380737305
2010-11-18,90.58148193359375,68.11441040039062,60.867706298828125
2010-11-19,90.83065795898438,68.25492095947266,61.24175262451172
2010-11-22,90.7551040649414,68.6200942993164,61.501739501953125
2010-11-23,89.44124603271484,68.76057434082031,61.80604553222656
2010-11-24,90.76268768310547,68.0230941772461,60.70282745361328
2010-11-26,89.70555114746094,68.318115234375,61.54610061645508
2010-11-29,89.97736358642578,68.46560668945312,62.072364807128906
2010-11-30,89.4714584350586,68.58499145507812,62.395713806152344
2010-12-01,91.37432861328125,67.68306732177734,61.00870132446289
2010-12-02,92.54468536376953,67.51409912109375,60.849639892578125
2010-12-03,92.79388427734375,67.52117156982422,60.37247848510742
2010-12-06,92.69573211669922,67.94357299804688,61.225032806396484
2010-12-07,92.74858093261719,66.81707763671875,59.91438674926758
2010-12-08,93.0883560180664,66.24676513671875,59.33541488647461
2010-12-09,93.4508285522461,66.3875503540039,59.62808609008789
2010-12-10,93.99451446533203,65.82427978515625,59.265438079833984
2010-12-13,94.05491638183594,66.0355453491211,59.488162994384766
2010-12-14,94.13795471191406,65.33851623535156,58.622798919677734
2010-12-15,93.70755004882812,65.07095336914062,57.859352111816406
2010-12-16,94.251220703125,65.4581527709961,58.260162353515625
2010-12-17,94.3521728515625,66.02146911621094,59.322669982910156
2010-12-20,94.57991027832031,66.01437377929688,59.25904083251953
2010-12-21,95.1795654296875,66.1552505493164,59.67265319824219
2010-12-22,95.47562408447266,65.97213745117188,59.24635314941406
2010-12-23,95.33895111083984,65.7398452758789,59.125484466552734
2010-12-27,95.37694549560547,65.99330139160156,59.65354919433594
2010-12-28,95.51356506347656,65.300048828125,58.485233306884766
2010-12-29,95.58186340332031,66.0342788696289,59.474796295166016
2010-12-30,95.4300537109375,65.90010833740234,59.43006896972656
2010-12-31,95.45284271240234,66.23191833496094,60.087677001953125
2011-01-03,96.43962097167969,66.02714538574219,59.634403228759766
2011-01-04,96.38648986816406,66.18251037597656,59.70457077026367
2011-01-05,96.88748168945312,65.4695053100586,58.3895149230957
2011-01-06,96.69770812988281,65.80836486816406,58.64484405517578
2011-01-07,96.5079116821289,66.24601745605469,58.95761489868164
2011-01-10,96.38648986816406,66.471923828125,59.27683639526367
2011-01-11,96.72808074951172,66.21073150634766,58.944915771484375
2011-01-12,97.60098266601562,66.0201416015625,58.485233306884766
2011-01-13,97.44158935546875,66.46492004394531,59.00875473022461
2011-01-14,98.14752197265625,66.28128814697266,58.63203430175781
2011-01-18,98.31451416015625,66.11893463134766,58.357547760009766
2011-01-19,97.35050201416016,66.2884292602539,58.778900146484375
2011-01-20,97.2214584350586,65.77301025390625,57.96818161010742
2011-01-21,97.44158935546875,65.99188995361328,58.427757263183594
2011-01-24,97.99571228027344,65.99893188476562,58.45330047607422
2011-01-25,98.04883575439453,66.33075714111328,59.00875473022461
2011-01-26,98.42838287353516,65.9283218383789,58.11494827270508
2011-01-27,98.67127227783203,66.17536926269531,58.37672805786133
2011-01-28,96.94820404052734,66.47901153564453,58.683128356933594
2011-01-31,97.67688751220703,66.21781158447266,58.23626708984375
2011-02-01,99.2405776977539,65.90998840332031,57.947994232177734
2011-02-02,99.0508041381836,65.75423431396484,57.96077346801758
2011-02-03,99.27093505859375,65.37915802001953,57.48024368286133
2011-02-04,99.55182647705078,64.97576904296875,56.89728546142578
2011-02-07,100.17423248291016,64.94742584228516,57.191986083984375
2011-02-08,100.62967681884766,64.5015869140625,56.66664123535156
2011-02-09,100.40198516845703,64.86956024169922,57.15995788574219
2011-02-10,100.43992614746094,64.6572494506836,56.50007247924805
2011-02-11,101.03959655761719,64.95448303222656,57.31370544433594
2011-02-14,101.28245544433594,64.97576904296875,57.35215759277344
2011-02-15,100.96367645263672,65.12433624267578,57.6084098815918
2011-02-16,101.60128784179688,65.0323715209961,57.422603607177734
2011-02-17,101.90492248535156,65.27294921875,57.5123176574707
2011-02-18,102.11742401123047,65.25884246826172,57.33293151855469
2011-02-22,100.0679702758789,65.888671875,58.19139862060547
2011-02-23,99.453125,65.72592163085938,58.402809143066406
2011-02-24,99.3847885131836,65.89571380615234,58.77442932128906
2011-02-25,100.4474868774414,66.10811614990234,59.12038803100586
2011-02-28,101.0699234008789,66.07978057861328,59.19727325439453
2011-03-01,99.3847885131836,66.15497589111328,59.36886215209961
2011-03-02,99.59736633300781,65.80738830566406,58.45616912841797
2011-03-03,101.31283569335938,65.36046600341797,57.884117126464844
2011-03-04,100.55376434326172,65.8286361694336,58.36622619628906
2011-03-07,99.76435089111328,65.6655502319336,57.99344253540039
2011-03-08,100.63726806640625,65.50943756103516,57.63995361328125
2011-03-09,100.49305725097656,65.89250946044922,58.199100494384766
2011-03-10,98.63335418701172,66.45291137695312,59.176063537597656
2011-03-11,99.31648254394531,66.29684448242188,58.84185028076172
2011-03-14,98.7168197631836,66.44580841064453,58.81610107421875
2011-03-15,97.58582305908203,66.68700408935547,59.696678161621094
2011-03-16,95.77922821044922,67.25446319580078,60.37155532836914
2011-03-17,97.046875,67.04873657226562,59.9088020324707
2011-03-18,97.39985656738281,67.0062026977539,60.06943893432617
2011-03-21,98.90937042236328,66.65863037109375,59.715972900390625
2011-03-22,98.56626892089844,66.69405364990234,59.915191650390625
2011-03-23,98.84835815429688,66.60897064208984,59.83806610107422
2011-03-24,99.79369354248047,66.26846313476562,59.38817596435547
2011-03-25,100.0986099243164,66.09107208251953,59.24028015136719
2011-03-28,99.85465240478516,66.11241149902344,59.32387161254883
2011-03-29,100.52556610107422,65.92089080810547,58.867557525634766
2011-03-30,101.21934509277344,66.1478500366211,59.336708068847656
2011-03-31,101.08209228515625,65.97761535644531,59.21463394165039
2011-04-01,101.50900268554688,66.11844635009766,59.50251388549805
2011-04-04,101.59285736083984,66.26783752441406,59.56702423095703
2011-04-05,101.57763671875,65.9334716796875,59.32821273803711
2011-04-06,101.89781188964844,65.64904022216797,58.4375114440918
2011-04-07,101.63860321044922,65.65613555908203,58.32130432128906
2011-04-08,101.28789520263672,65.46412658691406,58.01152801513672
2011-04-11,100.98296356201172,65.5494613647461,58.06315231323242
2011-04-12,100.22821044921875,65.91926574707031,58.68921661376953
2011-04-13,100.22061920166016,66.1754150390625,59.0571174621582
2011-04-14,100.29683685302734,65.95486450195312,59.01194763183594
2011-04-15,100.66276550292969,66.43852996826172,59.812278747558594
2011-04-18,99.53446960449219,66.60211181640625,59.94780349731445
2011-04-19,100.10625457763672,66.6874771118164,60.20597839355469
2011-04-20,101.47087860107422,66.42427062988281,59.81873321533203
2011-04-21,101.9892807006836,66.47407531738281,59.76710510253906
2011-04-25,101.88257598876953,66.708740234375,59.99294662475586
2011-04-26,102.7592544555664,66.99327850341797,60.57387924194336
2011-04-27,103.43020629882812,66.80127716064453,59.95426940917969
2011-04-28,103.76563262939453,67.05731964111328,60.412540435791016
2011-04-29,104.00955200195312,67.19246673583984,60.599727630615234
2011-05-02,103.84947204589844,67.17181396484375,60.696956634521484
2011-05-03,103.47591400146484,67.35002899169922,61.04044723510742
2011-05-04,102.78983306884766,67.52117156982422,61.31270980834961
2011-05-05,101.85969543457031,67.8563461303711,61.89606475830078
2011-05-06,102.30952453613281,67.89202117919922,61.62384796142578
2011-05-09,102.70591735839844,67.99175262451172,61.55905532836914
2011-05-10,103.58260345458984,67.663818359375,61.11824417114258
2011-05-11,102.492431640625,67.90619659423828,61.468265533447266
2011-05-12,102.98036193847656,67.7564697265625,61.07942199707031
2011-05-13,102.18748474121094,68.02037048339844,61.630340576171875
2011-05-16,101.53951263427734,68.1843490600586,61.97385025024414
2011-05-17,101.52426147460938,68.38400268554688,62.60909652709961
2011-05-18,102.43148803710938,67.99175262451172,61.779396057128906
2011-05-19,102.67542266845703,68.06309509277344,61.75350570678711
2011-05-20,101.85969543457031,68.22711944580078,61.785919189453125
2011-05-23,100.67803192138672,68.31979370117188,62.08406066894531
2011-05-24,100.59415435791016,68.39110565185547,62.31741714477539
2011-05-25,100.92961120605469,68.39826965332031,62.02573013305664
2011-05-26,101.39462280273438,68.77619934082031,62.55724334716797
2011-05-27,101.7834701538086,68.76909637451172,62.531341552734375
2011-05-31,102.84314727783203,68.87602996826172,62.673980712890625
2011-06-01,100.53315734863281,69.44364929199219,63.52097702026367
2011-06-02,100.42646789550781,69.02900695800781,62.31090545654297
2011-06-03,99.42777252197266,69.30068969726562,62.668704986572266
2011-06-06,98.37567138671875,69.25772857666016,62.1938362121582
2011-06-07,98.31468963623047,69.38648223876953,62.48004150390625
2011-06-08,97.90299224853516,69.53658294677734,62.96797561645508
2011-06-09,98.65011596679688,69.25772857666016,62.714271545410156
2011-06-10,97.27787780761719,69.47936248779297,63.195674896240234
2011-06-13,97.35411834716797,69.3292465209961,62.87696075439453
2011-06-14,98.58914184570312,68.77877807617188,61.92710876464844
2011-06-15,96.8356704711914,69.52229309082031,63.05256652832031
2011-06-16,97.04914855957031,69.7153091430664,63.33882141113281
2011-06-17,97.33877563476562,69.66529083251953,63.03955841064453
2011-06-20,97.8367691040039,69.55807495117188,63.11761474609375
2011-06-21,99.17749786376953,69.46508026123047,62.83787536621094
2011-06-22,98.57991027832031,69.43651580810547,62.87696075439453
2011-06-23,98.29646301269531,69.80111694335938,63.35829544067383
2011-06-24,97.15489196777344,70.09420013427734,63.09161376953125
2011-06-27,98.0206527709961,69.82251739501953,62.22633361816406
2011-06-28,99.30010223388672,69.17916107177734,61.72541809082031
2011-06-29,100.1504898071289,68.76451110839844,61.31557083129883
2011-06-30,101.10820007324219,68.52857208251953,61.21797561645508
2011-07-01,102.60221862792969,68.35729217529297,61.120052337646484
2011-07-05,102.51790618896484,68.78726196289062,61.25714111328125
2011-07-06,102.64049530029297,68.90913391113281,61.57048797607422
2011-07-07,103.70541381835938,68.64398193359375,61.387699127197266
2011-07-08,102.96993255615234,69.3749008178711,62.255855560302734
2011-07-11,101.10820007324219,69.90521240234375,63.189369201660156
2011-07-12,100.6714859008789,70.00554656982422,63.404788970947266
2011-07-13,101.00859832763672,70.12017059326172,63.5810546875
2011-07-14,100.31140899658203,69.71888732910156,62.67369079589844
2011-07-15,100.89370727539062,70.00554656982422,62.77814483642578
2011-07-18,100.06624603271484,69.9625473022461,62.17105484008789
2011-07-19,101.69051361083984,70.2276840209961,63.46359634399414
2011-07-20,101.62915802001953,69.88371276855469,62.712833404541016
2011-07-21,103.0389175415039,69.49675750732422,62.229774475097656
2011-07-22,103.10784912109375,69.76191711425781,62.69979476928711
2011-07-25,102.53321075439453,69.53970336914062,62.014404296875
2011-07-26,102.150146484375,69.83354187011719,62.438716888427734
2011-07-27,100.05860900878906,69.71888732910156,62.44519805908203
2011-07-28,99.7674789428711,69.8550796508789,62.68021011352539
2011-07-29,99.08558654785156,70.70067596435547,63.920501708984375
2011-08-01,98.66423797607422,70.95780181884766,64.56562042236328
2011-08-02,96.14360046386719,71.61148834228516,66.50432586669922
2011-08-03,96.66458129882812,71.66895294189453,66.63526916503906
2011-08-04,92.13663482666016,72.61717987060547,69.00624084472656
2011-08-05,91.99874114990234,71.77672576904297,67.01514434814453
2011-08-08,86.00747680664062,72.91889953613281,69.13064575195312
2011-08-09,90.00675201416016,73.34270477294922,69.34027099609375
2011-08-10,86.03044128417969,74.31242370605469,71.40336608886719
2011-08-11,89.89179992675781,73.22058868408203,67.8010482788086
2011-08-12,90.49708557128906,73.7305679321289,69.14378356933594
2011-08-15,92.41244506835938,73.45764923095703,68.44297790527344
2011-08-16,91.62332153320312,73.79528045654297,69.57603454589844
2011-08-17,91.68461608886719,74.31242370605469,70.79428100585938
2011-08-18,87.73130798339844,74.70040130615234,72.24825286865234
2011-08-19,86.29859924316406,74.77935028076172,72.83113098144531
2011-08-22,86.36753845214844,74.64292907714844,72.64776611328125
2011-08-23,89.20999145507812,74.34121704101562,71.64569854736328
2011-08-24,90.46643829345703,73.54383087158203,69.60880279541016
2011-08-25,89.08737182617188,73.99639892578125,70.36198425292969
2011-08-26,90.38217163085938,74.2334213256836,71.0562744140625
2011-08-29,92.97937774658203,73.74496459960938,70.07382202148438
2011-08-30,93.22454071044922,74.25501251220703,71.20034790039062
2011-08-31,93.6382827758789,73.98917388916016,70.09998321533203
2011-09-01,92.65760803222656,74.5788345336914,71.58594512939453
2011-09-02,90.29022979736328,75.2627944946289,73.91154479980469
2011-09-06,89.63136291503906,75.36357116699219,74.68012237548828
2011-09-07,92.1596450805664,74.9604263305664,73.25460052490234
2011-09-08,91.20191955566406,75.32757568359375,73.91154479980469
2011-09-09,88.81157684326172,75.69473266601562,74.69982147216797
2011-09-12,89.38616943359375,75.46439361572266,74.7786636352539
2011-09-13,90.20597076416016,75.24118041992188,73.71443176269531
2011-09-14,91.45478820800781,75.28437042236328,74.33854675292969
2011-09-15,93.03305053710938,74.72280883789062,73.2020492553711
2011-09-16,93.58365631103516,74.86679077148438,73.7341537475586
2011-09-19,92.6518325805664,75.47875213623047,75.13997650146484
2011-09-20,92.54400634765625,75.57955932617188,75.45527648925781
2011-09-21,89.81781005859375,75.90349578857422,77.95169067382812
2011-09-22,86.91452026367188,76.60908508300781,80.88162994384766
2011-09-23,87.4382095336914,75.97554016113281,79.3771743774414
2011-09-26,89.5174789428711,75.65880584716797,78.10277557373047
2011-09-27,90.51863098144531,75.15479278564453,76.9071273803711
2011-09-28,88.67035675048828,75.1692123413086,76.88084411621094
2011-09-29,89.37117004394531,75.1692123413086,77.41303253173828
2011-09-30,87.1378402709961,75.64432525634766,79.35752868652344
2011-10-03,84.65809631347656,76.34476470947266,81.54141235351562
2011-10-04,86.51406860351562,75.95529174804688,80.50735473632812
2011-10-05,88.11587524414062,75.63786315917969,79.92781829833984
2011-10-06,89.70999145507812,75.11124420166016,78.45258331298828
2011-10-07,89.10928344726562,74.72174072265625,77.87300109863281
2011-10-10,92.08963775634766,73.93535614013672,76.77317810058594
2011-10-11,92.18203735351562,74.18062591552734,76.51628112792969
2011-10-12,92.99067687988281,73.92817687988281,75.40325164794922
2011-10-13,92.80587768554688,74.22396087646484,76.15409088134766
2011-10-14,94.39229583740234,73.85607147216797,75.04765319824219
2011-10-17,92.5902328491211,74.33935546875,76.34505462646484
2011-10-18,94.4000015258789,74.25997924804688,75.87089538574219
2011-10-19,93.28331756591797,74.37541198730469,75.84452819824219
2011-10-20,93.69146728515625,74.22396087646484,75.30448913574219
2011-10-21,95.47045135498047,74.08688354492188,74.50755310058594
2011-10-24,96.64100646972656,74.0508041381836,74.63273620605469
2011-10-25,94.76193237304688,74.68565368652344,76.52945709228516
2011-10-26,95.72455596923828,74.13737487792969,75.19249725341797
2011-10-27,99.05914306640625,73.24284362792969,72.6436996459961
2011-10-28,99.03602600097656,73.68287658691406,73.40769958496094
2011-10-31,96.64871215820312,74.67121124267578,76.3187255859375
2011-11-01,93.95332336425781,75.56681823730469,78.87345886230469
2011-11-02,95.48583984375,75.38609313964844,77.88959503173828
2011-11-03,97.22628784179688,75.03192138671875,76.81990051269531
2011-11-04,96.63331604003906,75.25596618652344,76.91234588623047
2011-11-07,97.23397827148438,75.34274291992188,77.4009780883789
2011-11-08,98.48153686523438,75.00300598144531,76.41046905517578
2011-11-09,94.84662628173828,75.66798400878906,77.99522399902344
2011-11-10,95.73997497558594,75.2993392944336,76.83306121826172
2011-11-11,97.54202270507812,74.95237731933594,76.36427307128906
2011-11-14,96.61790466308594,75.42225646972656,77.59246826171875
2011-11-15,97.09535217285156,75.32103729248047,77.48681640625
2011-11-16,95.5551528930664,75.59568786621094,78.19329833984375
2011-11-17,94.03800201416016,75.74758911132812,78.82061004638672
2011-11-18,93.93791198730469,75.46556854248047,78.80079650878906
2011-11-21,92.15129089355469,75.67524719238281,79.26962280273438
2011-11-22,91.78929138183594,75.9065933227539,80.15442657470703
2011-11-23,89.763916015625,76.1667709350586,80.940185546875
2011-11-25,89.59447479248047,75.68245697021484,79.76483917236328
2011-11-28,92.18978881835938,75.68970489501953,79.7252426147461
2011-11-29,92.45159912109375,75.54513549804688,79.071533203125
2011-11-30,96.25593566894531,75.10418701171875,77.83677673339844
2011-12-01,96.24053955078125,75.08245086669922,77.44622802734375
2011-12-02,96.15580749511719,75.41559600830078,78.53179168701172
2011-12-05,97.20317840576172,75.37215423583984,78.37294006347656
2011-12-06,97.23397827148438,75.1766128540039,77.62490844726562
2011-12-07,97.59593200683594,75.5169906616211,77.90296173095703
2011-12-08,95.45503234863281,75.90086364746094,78.87594604492188
2011-12-09,97.072265625,75.37937927246094,77.25425720214844
2011-12-12,95.65525817871094,75.6401596069336,78.1147689819336
2011-12-13,94.76193237304688,75.98771667480469,78.84290313720703
2011-12-14,93.75309753417969,76.30643463134766,80.33223724365234
2011-12-15,94.0919418334961,76.24121856689453,80.034423828125
2011-12-16,94.2314453125,76.61061096191406,80.96773529052734
2011-12-19,93.22395324707031,76.871337890625,81.99368286132812
2011-12-20,96.04491424560547,76.1760482788086,79.9483413696289
2011-12-21,96.23092651367188,75.92982482910156,78.8363265991211
2011-12-22,97.08340454101562,76.02397918701172,79.16722869873047
2011-12-23,97.95138549804688,75.71257019042969,78.2868881225586
2011-12-27,98.02889251708984,75.75538635253906,78.65874481201172
2011-12-28,96.74241638183594,76.23422241210938,80.1130599975586
2011-12-29,97.74212646484375,76.32849884033203,80.25914764404297
2011-12-30,97.26167297363281,76.59703063964844,80.51812744140625
2012-01-03,98.81163024902344,76.11091613769531,79.30953979492188
2012-01-04,98.96664428710938,75.87144470214844,78.36656951904297
2012-01-05,99.23015594482422,75.8859634399414,78.22711181640625
2012-01-06,98.97437286376953,76.18342590332031,78.84467315673828
2012-01-09,99.2146224975586,76.19793701171875,78.70520782470703
2012-01-10,100.07486724853516,76.04556274414062,78.57243347167969
2012-01-11,100.12914276123047,76.48816680908203,79.59505462646484
2012-01-12,100.36933898925781,76.32849884033203,79.4822006225586
2012-01-13,99.85010528564453,76.6695327758789,80.27244567871094
2012-01-17,100.2376480102539,76.74212646484375,80.64432525634766
2012-01-18,101.34589385986328,76.50259399414062,79.66810607910156
2012-01-19,101.88062286376953,76.04556274414062,78.57243347167969
2012-01-20,102.26034545898438,75.78434753417969,77.68257904052734
2012-01-23,101.99685668945312,75.61751556396484,77.1911849975586
2012-01-24,101.88062286376953,75.70459747314453,77.33069610595703
2012-01-25,102.73312377929688,76.06734466552734,77.14469909667969
2012-01-26,102.20610809326172,76.47364807128906,78.16739654541016
2012-01-27,102.15961456298828,76.70584869384766,78.41305541992188
2012-01-30,101.81088256835938,76.96705627441406,79.3360824584961
2012-01-31,101.77212524414062,77.2572021484375,80.25244903564453
2012-02-01,102.66331481933594,76.98900604248047,79.3332290649414
2012-02-02,102.82610321044922,77.09806823730469,79.29994201660156
2012-02-03,104.26762390136719,76.48751068115234,77.59588623046875
2012-02-06,104.19782257080078,76.69831848144531,78.36804962158203
2012-02-07,104.46131134033203,76.20401000976562,77.39614868164062
2012-02-08,104.7713623046875,76.24037170410156,77.45611572265625
2012-02-09,104.90306091308594,76.06596374511719,76.87694549560547
2012-02-10,104.12811279296875,76.4947738647461,77.8753890991211
2012-02-13,104.90306091308594,76.44387817382812,77.97530364990234
2012-02-14,104.7713623046875,76.60379028320312,78.38799285888672
2012-02-15,104.28308868408203,76.66199493408203,78.2481918334961
2012-02-16,105.43785095214844,76.31306457519531,77.62249755859375
2012-02-17,105.71684265136719,76.23314666748047,77.6025390625
2012-02-21,105.7633056640625,75.95687103271484,76.74384307861328
2012-02-22,105.42233276367188,76.25492095947266,77.70903015136719
2012-02-23,105.88732147216797,76.36394500732422,77.70903015136719
2012-02-24,106.11982727050781,76.42210388183594,78.21495056152344
2012-02-27,106.29808044433594,76.67650604248047,78.90718841552734
2012-02-28,106.60807800292969,76.71281433105469,78.64759063720703
2012-02-29,106.18959045410156,76.40754699707031,78.16832733154297
2012-03-01,106.73980712890625,76.15998840332031,77.43241119384766
2012-03-02,106.41429901123047,76.46578979492188,78.15966033935547
2012-03-05,105.9803695678711,76.31290435791016,77.5391845703125
2012-03-06,104.43035888671875,76.63323211669922,78.47989654541016
2012-03-07,105.15884399414062,76.48763275146484,77.99954223632812
2012-03-08,106.205078125,76.26193237304688,77.21894073486328
2012-03-09,106.61583709716797,76.20372009277344,77.37239074707031
2012-03-12,106.62357330322266,76.18190002441406,77.35906982421875
2012-03-13,108.54554748535156,75.63587951660156,75.99800109863281
2012-03-14,108.42931365966797,74.76945495605469,74.08322143554688
2012-03-15,109.05708312988281,74.74762725830078,74.1966552734375
2012-03-16,109.2080307006836,74.72579956054688,74.34343719482422
2012-03-19,109.63619995117188,74.26709747314453,73.45602416992188
2012-03-20,109.31706237792969,74.3035659790039,73.74966430664062
2012-03-21,109.13801574707031,74.68214416503906,74.5836410522461
2012-03-22,108.351806640625,74.77674102783203,74.82374572753906
2012-03-23,108.7021255493164,75.05339813232422,75.5309829711914
2012-03-26,110.2277603149414,74.96603393554688,75.14403533935547
2012-03-27,109.8852310180664,75.3810043334961,75.68444061279297
2012-03-28,109.34040069580078,75.24999237060547,75.57767486572266
2012-03-29,109.15357208251953,75.56299591064453,76.144775390625
2012-03-30,109.60501861572266,75.19175720214844,74.85714721679688
2012-04-02,110.40679168701172,75.37187194824219,75.2718505859375
2012-04-03,109.95530700683594,74.81763458251953,73.9675064086914
2012-04-04,108.86555480957031,75.19686889648438,74.98429107666016
2012-04-05,108.8110580444336,75.53230285644531,75.52606964111328
2012-04-09,107.58900451660156,76.30530548095703,77.29195404052734
2012-04-10,105.78311920166016,76.6627197265625,78.1682357788086
2012-04-11,106.6393814086914,76.36367797851562,77.23175811767578
2012-04-12,108.03266906738281,76.21054077148438,76.91065979003906
2012-04-13,106.74835205078125,76.67002868652344,78.15483093261719
2012-04-16,106.67826843261719,76.64812469482422,78.0411605834961
2012-04-17,108.25838470458984,76.56794738769531,77.99434661865234
2012-04-18,107.892578125,76.7210464477539,78.22174072265625
2012-04-19,107.19979095458984,76.80858612060547,78.29529571533203
2012-04-20,107.37882232666016,76.81582641601562,78.30866241455078
2012-04-23,106.47591400146484,76.96896362304688,78.87730407714844
2012-04-24,106.88066101074219,76.77212524414062,78.32209014892578
2012-04-25,108.34404754638672,76.67729949951172,77.92073059082031
2012-04-26,109.09906768798828,76.93255615234375,78.38896942138672
2012-04-27,109.27814483642578,77.01271057128906,78.45584869384766
2012-04-30,108.87335205078125,77.07836151123047,78.4759521484375
2012-05-01,109.55055236816406,76.93814849853516,78.06890869140625
2012-05-02,109.22362518310547,77.0842514038086,78.6187744140625
2012-05-03,108.3907470703125,77.07693481445312,78.5986099243164
2012-05-04,106.6393814086914,77.38372802734375,79.21546173095703
2012-05-07,106.71720123291016,77.36181640625,79.22889709472656
2012-05-08,106.28910064697266,77.5371322631836,79.65132904052734
2012-05-09,105.65862274169922,77.60284423828125,79.7049789428711
2012-05-10,105.87654876708984,77.49324798583984,79.47029876708984
2012-05-11,105.5573501586914,77.74897003173828,80.12740325927734
2012-05-14,104.38981628417969,78.0922622680664,81.24722290039062
2012-05-15,103.79044342041016,78.11414337158203,81.57572174072266
2012-05-16,103.39348602294922,78.17264556884766,81.81045532226562
2012-05-17,101.86003112792969,78.46482849121094,83.25877380371094
2012-05-18,100.98826599121094,78.41364288330078,83.27887725830078
2012-05-21,102.72405242919922,78.20909881591797,83.1045150756836
2012-05-22,102.903076171875,78.0411605834961,82.1792221069336
2012-05-23,102.95761108398438,78.24567413330078,82.7491226196289
2012-05-24,103.15996551513672,78.07762145996094,82.43403625488281
2012-05-25,102.8252944946289,78.30406188964844,82.74246978759766
2012-05-29,104.07066345214844,78.23831939697266,82.48766326904297
2012-05-30,102.56059265136719,78.98340606689453,84.5796890258789
2012-05-31,102.33486938476562,79.2901840209961,85.55863952636719
2012-06-01,99.75840759277344,79.97135162353516,87.58980560302734
2012-06-04,99.71172332763672,79.5103988647461,86.89771270751953
2012-06-05,100.46672821044922,79.24702453613281,85.73535919189453
2012-06-06,102.72405242919922,78.72762298583984,84.02196502685547
2012-06-07,102.78633117675781,78.91783142089844,84.149658203125
2012-06-08,103.60365295410156,78.97638702392578,84.1295394897461
2012-06-11,102.28819274902344,79.18859100341797,84.5124740600586
2012-06-12,103.46354675292969,78.76419830322266,83.73980712890625
2012-06-13,102.80192565917969,79.18121337890625,84.56623077392578
2012-06-14,103.89164733886719,78.96903991699219,84.4587173461914
2012-06-15,104.95419311523438,79.33486938476562,84.92906951904297
2012-06-18,105.15760040283203,79.31288146972656,85.38597869873047
2012-06-19,106.17481231689453,79.04214477539062,84.2706298828125
2012-06-20,106.00267791748047,78.88126373291016,84.68717956542969
2012-06-21,103.62406158447266,79.0494384765625,85.13732147216797
2012-06-22,104.42214965820312,78.70561981201172,84.0018539428711
2012-06-25,102.74776458740234,79.13726043701172,85.22469329833984
2012-06-26,103.26417541503906,78.96171569824219,84.88874816894531
2012-06-27,104.19525146484375,79.07144165039062,85.0231704711914
2012-06-28,103.8979263305664,79.3275146484375,85.23139953613281
2012-06-29,106.48778533935547,78.96171569824219,84.12276458740234
2012-07-02,106.80852508544922,79.32803344726562,84.99064636230469
2012-07-03,107.51271057128906,79.13018798828125,84.33757019042969
2012-07-05,107.0276107788086,79.3427505493164,84.76847076416016
2012-07-06,106.01050567626953,79.62110900878906,85.55635070800781
2012-07-09,105.87744903564453,79.84097290039062,86.31049346923828
2012-07-10,104.95419311523438,79.8775863647461,86.4855728149414
2012-07-11,104.9698257446289,79.8042984008789,86.59333801269531
2012-07-12,104.46126556396484,79.98748779296875,87.20602416992188
2012-07-13,106.21390533447266,79.92155456542969,86.97712707519531
2012-07-16,105.96353149414062,80.0973892211914,87.38114929199219
2012-07-17,106.6911392211914,79.89221954345703,86.69429779052734
2012-07-18,107.48140716552734,79.9728012084961,86.74147033691406
2012-07-19,107.76307678222656,79.85557556152344,86.51929473876953
2012-07-20,106.7772445678711,80.17066192626953,87.57637023925781
2012-07-23,105.69750213623047,80.30252838134766,88.06800842285156
2012-07-24,104.78987121582031,80.45635986328125,88.7615737915039
2012-07-25,104.81336212158203,80.50033569335938,88.99044799804688
2012-07-26,106.54249572753906,80.2511978149414,88.17571258544922
2012-07-27,108.50640869140625,79.67241668701172,86.51251983642578
2012-07-30,108.50640869140625,79.92884063720703,87.15895080566406
2012-07-31,107.74745178222656,80.06808471679688,87.33403015136719
2012-08-01,107.65354919433594,79.7760238647461,86.89739227294922
2012-08-02,106.91024780273438,79.9668197631836,87.38996124267578
2012-08-03,109.03065490722656,79.54857635498047,85.97970581054688
2012-08-06,109.24190521240234,79.59993743896484,86.01344299316406
2012-08-07,109.78956604003906,79.18163299560547,84.90679168701172
2012-08-08,109.92256927490234,79.07164764404297,84.45475006103516
2012-08-09,110.01649475097656,79.01287841796875,84.39403533935547
2012-08-10,110.19639587402344,79.24039459228516,84.81912994384766
2012-08-13,110.14164733886719,79.18900299072266,84.67740631103516
2012-08-14,110.15729522705078,78.80010986328125,83.53031158447266
2012-08-15,110.2824935913086,78.4038314819336,82.35620880126953
2012-08-16,111.0962142944336,78.21305847167969,81.65446472167969
2012-08-17,111.24488067626953,78.30845642089844,82.05256652832031
2012-08-20,111.25271606445312,78.35248565673828,82.22124481201172
2012-08-21,110.91622924804688,78.41856384277344,82.58563995361328
2012-08-22,110.96322631835938,79.02759552001953,83.94866943359375
2012-08-23,110.05559539794922,79.1669921875,84.29953002929688
2012-08-24,110.72063446044922,79.13033294677734,84.21859741210938
2012-08-27,110.74412536621094,79.33578491210938,84.71114349365234
2012-08-28,110.63459777832031,79.3651123046875,84.91358947753906
2012-08-29,110.72063446044922,79.31372833251953,84.54248809814453
2012-08-30,109.92256927490234,79.46053314208984,84.98109436035156
2012-08-31,110.4468002319336,79.97412109375,86.18217468261719
2012-09-04,110.34508514404297,79.79117584228516,86.09562683105469
2012-09-05,110.25120544433594,79.76178741455078,85.68989562988281
2012-09-06,112.48896789550781,79.21805572509766,84.26303100585938
2012-09-07,112.92708587646484,79.3208999633789,83.87086486816406
2012-09-10,112.28546142578125,79.35760498046875,84.0737075805664
2012-09-11,112.59851837158203,79.21068572998047,83.5462875366211
2012-09-12,112.97401428222656,78.82121276855469,82.50492095947266
2012-09-13,114.69535827636719,79.04906463623047,82.1803207397461
2012-09-14,115.20393371582031,78.30690002441406,79.99614715576172
2012-09-17,114.8127212524414,78.46853637695312,80.9564208984375
2012-09-18,114.71883392333984,78.66695404052734,81.36212921142578
2012-09-19,114.78137969970703,78.85065460205078,81.89631652832031
2012-09-20,114.78925323486328,78.89476776123047,82.09918212890625
2012-09-21,114.74122619628906,79.06376647949219,82.19385528564453
2012-09-24,114.56817626953125,79.24012756347656,82.83621978759766
2012-09-25,113.34900665283203,79.53404235839844,83.65443420410156
2012-09-26,112.71186828613281,79.86461639404297,84.5538558959961
2012-09-27,113.77374267578125,79.69567108154297,83.95201110839844
2012-09-28,113.24673461914062,79.69567108154297,83.99933624267578
2012-10-01,113.54561614990234,79.84352111816406,84.31111145019531
2012-10-02,113.66364288330078,79.79205322265625,84.19589233398438
2012-10-03,114.12772369384766,79.87291717529297,84.22296142578125
2012-10-04,114.94580078125,79.55663299560547,83.17264556884766
2012-10-05,114.95368194580078,79.19610595703125,82.0952377319336
2012-10-08,114.5603256225586,79.45362854003906,82.7863998413086
2012-10-09,113.42762756347656,79.29169464111328,82.63731384277344
2012-10-10,112.7039794921875,79.48303985595703,83.22005462646484
2012-10-11,112.76691436767578,79.55663299560547,83.79610443115234
2012-10-12,112.39720153808594,79.56398010253906,84.00617218017578
2012-10-15,113.333251953125,79.58602905273438,83.8164291381836
2012-10-16,114.48165893554688,79.21078491210938,82.65766143798828
2012-10-17,115.00079345703125,78.71049499511719,81.89189910888672
2012-10-18,114.70195007324219,78.57067108154297,81.39048767089844
2012-10-19,112.79052734375,78.90177154541016,82.49497985839844
2012-10-22,112.80620574951172,78.63691711425781,81.96646881103516
2012-10-23,111.2408676147461,79.01214599609375,83.13874053955078
2012-10-24,110.92626190185547,78.84297180175781,82.3188247680664
2012-10-25,111.24873352050781,78.55599212646484,81.89869689941406
2012-10-26,111.18586730957031,79.05625915527344,83.10489654541016
2012-10-31,111.18586730957031,79.38002014160156,83.59281921386719
2012-11-01,112.3499755859375,79.22161102294922,82.90839385986328
2012-11-02,111.35102844238281,79.28794860839844,82.84738159179688
2012-11-05,111.5791244506836,79.47946166992188,83.31498718261719
2012-11-06,112.45227813720703,79.11843872070312,82.52890014648438
2012-11-07,109.9036636352539,79.78156280517578,84.0264663696289
2012-11-08,108.5821762084961,80.13520812988281,85.27326202392578
2012-11-09,108.67660522460938,80.14256286621094,85.3681869506836
2012-11-12,108.76312255859375,80.19413757324219,85.5104751586914
2012-11-13,108.38551330566406,80.28994750976562,85.79507446289062
2012-11-14,106.92245483398438,80.31198120117188,85.87640380859375
2012-11-15,106.74159240722656,80.27513122558594,85.70701599121094
2012-11-16,107.2685546875,80.32675170898438,85.63245391845703
2012-11-19,109.43960571289062,80.16464233398438,85.15135192871094
2012-11-20,109.48677062988281,79.8331069946289,84.29747009277344
2012-11-21,109.6913070678711,79.71524810791016,84.25007629394531
2012-11-23,111.18586730957031,79.67103576660156,84.168701171875
2012-11-26,110.94984436035156,79.80364990234375,84.56858825683594
2012-11-27,110.38349151611328,79.98782348632812,84.90060424804688
2012-11-28,111.2723388671875,80.09099578857422,84.77859497070312
2012-11-29,111.79153442382812,80.17201232910156,84.79217529296875
2012-11-30,111.81513977050781,80.15724182128906,84.561767578125
2012-12-03,111.26448822021484,80.12554931640625,84.63988494873047
2012-12-04,111.107177734375,80.26573181152344,85.12872314453125
2012-12-05,111.3038101196289,80.33212280273438,85.08798217773438
2012-12-06,111.681396484375,80.37635803222656,85.27131652832031
2012-12-07,112.0196533203125,80.14774322509766,84.48371124267578
2012-12-10,112.06681823730469,80.22148132324219,84.85718536376953
2012-12-11,112.8298110961914,80.06657409667969,84.2121353149414
2012-12-12,112.8848648071289,79.72723388671875,83.23441314697266
2012-12-13,112.19268798828125,79.57231140136719,83.29552459716797
2012-12-14,111.77577209472656,79.74939727783203,83.92020416259766
2012-12-17,113.0894546508789,79.32888793945312,82.6640853881836
2012-12-18,114.34797668457031,79.01904296875,81.82215881347656
2012-12-19,113.49848937988281,79.1297607421875,82.09374237060547
2012-12-20,114.15130615234375,79.18140411376953,82.10735321044922
2012-12-21,113.11515045166016,79.395263671875,83.00357055664062
2012-12-24,112.76661682128906,79.31414031982422,82.85420989990234
2012-12-26,112.29127502441406,79.47734069824219,83.1522216796875
2012-12-27,112.14077758789062,79.6399154663086,83.43122100830078
2012-12-28,110.92872619628906,79.82455444335938,83.90753173828125
2012-12-31,112.81412506103516,79.40350341796875,82.45817565917969
2013-01-02,115.70557403564453,79.04154968261719,81.35579681396484
2013-01-03,115.44415283203125,78.63525390625,80.25349426269531
2013-01-04,115.9511489868164,78.67218780517578,80.56649780273438
2013-01-07,115.63422393798828,78.71649932861328,80.60047912597656
2013-01-08,115.30158996582031,78.90860748291016,81.1312484741211
2013-01-09,115.59461212158203,78.95291137695312,81.05641174316406
2013-01-10,116.51359558105469,78.723876953125,80.83186340332031
2013-01-11,116.50565338134766,78.97502899169922,81.55314636230469
2013-01-14,116.42650604248047,78.94551849365234,81.32862091064453
2013-01-15,116.50565338134766,79.13754272460938,81.70283508300781
2013-01-16,116.4898452758789,79.24101257324219,81.87300109863281
2013-01-17,117.24243927001953,78.87905883789062,81.05641174316406
2013-01-18,117.50386047363281,79.1006851196289,81.68241882324219
2013-01-22,118.13756561279297,79.1671371459961,81.83897399902344
2013-01-23,118.32769775390625,79.20403289794922,81.71646881103516
2013-01-24,118.35939025878906,79.07113647460938,81.4306640625
2013-01-25,119.02481842041016,78.54663848876953,80.31473541259766
2013-01-28,118.8822250366211,78.38407897949219,80.02214050292969
2013-01-29,119.34961700439453,78.26596069335938,79.579833984375
2013-01-30,118.8822250366211,78.310302734375,79.44373321533203
2013-01-31,118.5890884399414,78.37667083740234,79.83157348632812
2013-02-01,119.80907440185547,78.1104507446289,78.79499816894531
2013-02-04,118.46233367919922,78.5616455078125,79.80426025390625
2013-02-05,119.65857696533203,78.28054809570312,79.0950698852539
2013-02-06,119.74565887451172,78.51722717285156,79.74293518066406
2013-02-07,119.58722686767578,78.5542221069336,79.56561279296875
2013-02-08,120.25267791748047,78.61344909667969,79.87247467041016
2013-02-11,120.2289047241211,78.53203582763672,79.81111145019531
2013-02-12,120.42694854736328,78.45071411132812,79.61335754394531
2013-02-13,120.52993774414062,78.17703247070312,78.96550750732422
2013-02-14,120.6408462524414,78.50985717773438,79.68153381347656
2013-02-15,120.49824523925781,78.43589782714844,79.4496841430664
2013-02-19,121.4013671875,78.3101806640625,79.0541000366211
2013-02-20,119.88822174072266,78.480224609375,79.29279327392578
2013-02-21,119.15946197509766,78.63561248779297,79.75658416748047
2013-02-22,120.3239517211914,78.73175048828125,79.81111145019531
2013-02-25,118.03461456298828,79.33828735351562,81.37966918945312
2013-02-26,118.84263610839844,79.19035339355469,80.90910339355469
2013-02-27,120.33982849121094,79.15342712402344,80.67037963867188
2013-02-28,120.1021728515625,79.26436614990234,80.82042694091797
2013-03-01,120.49824523925781,79.46204376220703,81.26061248779297
2013-03-04,121.13996887207031,79.27690887451172,80.82996368408203
2013-03-05,122.2252197265625,79.19548797607422,80.59766387939453
2013-03-06,122.39154052734375,78.9436264038086,79.86634826660156
2013-03-07,122.6133804321289,78.6400375366211,79.25127410888672
2013-03-08,123.13619995117188,78.24014282226562,78.42430877685547
2013-03-11,123.60359191894531,78.27715301513672,78.49945831298828
2013-03-12,123.32630157470703,78.49191284179688,79.0667724609375
2013-03-13,123.5006103515625,78.42525482177734,78.9847183227539
2013-03-14,124.15808868408203,78.44746398925781,78.74554443359375
2013-03-15,123.99422454833984,78.72154235839844,79.11454772949219
2013-03-18,123.30990600585938,78.98072814941406,79.71600341796875
2013-03-19,123.02342987060547,79.2251205444336,80.25593566894531
2013-03-20,123.88285064697266,78.92141723632812,79.36060333251953
2013-03-21,122.82450103759766,79.12876892089844,80.1260757446289
2013-03-22,123.8111801147461,79.1584243774414,80.18761444091797
2013-03-25,123.29396057128906,79.21766662597656,80.11237335205078
2013-03-26,124.28068542480469,79.2990951538086,80.20809936523438
2013-03-27,124.28068542480469,79.63976287841797,80.89152526855469
2013-03-28,124.6625747680664,79.49165344238281,80.48146057128906
2013-04-01,124.16923522949219,79.70301818847656,81.08763885498047
2013-04-02,124.78196716308594,79.54730987548828,80.75886535644531
2013-04-03,123.51673126220703,79.88103485107422,81.48487091064453
2013-04-04,124.01802825927734,80.1999282836914,82.45747375488281
2013-04-05,123.46107482910156,80.45203399658203,84.1218032836914
2013-04-08,124.29656982421875,80.19244384765625,83.47797393798828
2013-04-09,124.72624206542969,80.22213745117188,83.2724838256836
2013-04-10,126.2539291381836,79.8884506225586,82.12867736816406
2013-04-11,126.66771697998047,79.97735595703125,82.2862548828125
2013-04-12,126.35742950439453,80.4223403930664,83.51219940185547
2013-04-15,123.42926025390625,80.6003189086914,84.23823547363281
2013-04-16,125.25141906738281,80.37040710449219,83.54650115966797
2013-04-17,123.42129516601562,80.5186996459961,84.10127258300781
2013-04-18,122.6494140625,80.56322479248047,84.30671691894531
2013-04-19,123.71570587158203,80.5186996459961,84.12870025634766
2013-04-22,124.2647476196289,80.56322479248047,84.19031524658203
2013-04-23,125.54581451416016,80.51130676269531,83.89580535888672
2013-04-24,125.62540435791016,80.54843139648438,84.10810089111328
2013-04-25,126.1346435546875,80.45943450927734,83.7450942993164
2013-04-26,125.91181945800781,80.74861907958984,84.51219940185547
2013-04-29,126.75532531738281,80.71895599365234,84.20401763916016
2013-04-30,127.05763244628906,80.7041244506836,84.25191497802734
2013-05-01,125.9436264038086,80.96772003173828,85.11746978759766
2013-05-02,127.1133041381836,80.96772003173828,85.00765991210938
2013-05-03,128.4024200439453,80.2772445678711,83.00349426269531
2013-05-06,128.72860717773438,80.17327117919922,82.79755401611328
2013-05-07,129.38104248046875,80.06190490722656,82.47490692138672
2013-05-08,129.96990966796875,80.1584243774414,82.60530090332031
2013-05-09,129.6038818359375,80.14358520507812,82.39253997802734
2013-05-10,130.02565002441406,79.69065856933594,81.50713348388672
2013-05-13,130.1290740966797,79.54959869384766,80.88251495361328
2013-05-14,131.47377014160156,79.23031616210938,80.0039291381836
2013-05-15,132.18194580078125,79.43821716308594,80.5393295288086
2013-05-16,131.56129455566406,79.81684112548828,81.37669372558594
2013-05-17,132.83447265625,79.38624572753906,80.3471450805664
2013-05-20,132.8264617919922,79.32682037353516,80.25105285644531
2013-05-21,133.0174560546875,79.53477478027344,80.88251495361328
2013-05-22,132.0308074951172,78.90365600585938,79.68130493164062
2013-05-23,131.6488800048828,78.98529052734375,80.05888366699219
2013-05-24,131.5374755859375,79.01500701904297,80.16871643066406
2013-05-28,132.32521057128906,78.08690643310547,78.13703155517578
2013-05-29,131.46583557128906,78.4061508178711,79.01554870605469
2013-05-30,131.95123291015625,78.41360473632812,78.82341003417969
2013-05-31,130.05740356445312,78.1982421875,78.55571746826172
2013-06-03,130.77357482910156,78.31120300292969,78.97190856933594
2013-06-04,130.14498901367188,78.11058044433594,78.2426528930664
2013-06-05,128.32284545898438,78.48969268798828,79.32289123535156
2013-06-06,129.48452758789062,78.58639526367188,79.27470397949219
2013-06-07,131.1316375732422,77.9767074584961,77.85735321044922
2013-06-10,131.1316375732422,77.78336334228516,77.48580169677734
2013-06-11,129.7789764404297,77.9767074584961,78.40779876708984
2013-06-12,128.7047882080078,77.62725830078125,77.28630828857422
2013-06-13,130.6621856689453,78.21463775634766,78.49724578857422
2013-06-14,129.8426055908203,78.31871032714844,78.31144714355469
2013-06-17,130.84519958496094,78.13286590576172,77.89866638183594
2013-06-18,131.879638671875,78.0882339477539,77.93994903564453
2013-06-19,130.05740356445312,77.01759338378906,77.13492584228516
2013-06-20,126.8348388671875,76.66820526123047,75.86894989013672
2013-06-21,127.24199676513672,75.85773468017578,74.58232116699219
2013-06-24,125.63422393798828,75.67185974121094,74.8919448852539
2013-06-25,126.8420639038086,75.58272552490234,74.22459411621094
2013-06-26,128.097900390625,75.88753509521484,74.7061767578125
2013-06-27,128.8498077392578,76.29644012451172,75.46989440917969
2013-06-28,128.32188415527344,76.20723724365234,75.98590087890625
2013-07-01,129.0737762451172,76.23622131347656,76.13898468017578
2013-07-02,128.95384216308594,76.26607513427734,76.09072875976562
2013-07-03,129.00987243652344,76.11713409423828,75.86316680908203
2013-07-05,130.4016571044922,74.83660888671875,73.277099609375
2013-07-08,131.1455841064453,75.27582550048828,73.98747253417969
2013-07-09,132.08950805664062,75.40240478515625,74.0632553100586
2013-07-10,132.137451171875,75.13438415527344,73.48402404785156
2013-07-11,133.93731689453125,75.8863296508789,74.34602355957031
2013-07-12,133.9932861328125,75.82677459716797,74.28398895263672
2013-07-15,134.50521850585938,76.06497192382812,74.67707061767578
2013-07-16,134.00131225585938,76.10227966308594,74.9321517944336
2013-07-17,134.34524536132812,76.437255859375,75.07012176513672
2013-07-18,135.08111572265625,76.07988739013672,74.13227844238281
2013-07-19,135.3211212158203,76.49681854248047,75.30455780029297
2013-07-22,135.58505249023438,76.48937225341797,75.41490936279297
2013-07-23,135.29718017578125,76.40006256103516,75.09769439697266
2013-07-24,134.80117797851562,75.8863296508789,74.14604949951172
2013-07-25,135.12913513183594,75.99803924560547,74.11845397949219
2013-07-26,135.27316284179688,76.06497192382812,74.5736083984375
2013-07-29,134.857177734375,75.90868377685547,74.02880859375
2013-07-30,134.857177734375,75.8863296508789,74.00123596191406
2013-07-31,134.95318603515625,75.93844604492188,74.27020263671875
2013-08-01,136.51303100585938,75.26820373535156,72.83911895751953
2013-08-02,136.74501037597656,75.90939331054688,73.64110565185547
2013-08-05,136.54498291015625,75.6707763671875,73.0741958618164
2013-08-06,135.7690887451172,75.69314575195312,73.28849792480469
2013-08-07,135.3291015625,75.96900177001953,73.83464050292969
2013-08-08,135.82505798339844,76.08088684082031,74.03515625
2013-08-09,135.4331512451172,76.13301849365234,74.15265655517578
2013-08-12,135.27316284179688,75.9839096069336,73.64796447753906
2013-08-13,135.67306518554688,75.2980728149414,72.58332061767578
2013-08-14,134.97720336914062,75.36512756347656,72.69398498535156
2013-08-15,133.08937072753906,74.9476089477539,71.71223449707031
2013-08-16,132.64944458007812,74.6568832397461,71.46343231201172
2013-08-19,131.80157470703125,74.33636474609375,70.84114837646484
2013-08-20,132.44949340820312,74.73890686035156,71.38729858398438
2013-08-21,131.63356018066406,74.26921081542969,70.6061019897461
2013-08-22,132.8333282470703,74.23934936523438,71.32505798339844
2013-08-23,133.28134155273438,74.6568832397461,72.09941864013672
2013-08-26,132.7854461669922,74.80596160888672,72.45889282226562
2013-08-27,130.64967346191406,75.23094940185547,73.37145233154297
2013-08-28,131.11358642578125,74.92523956298828,72.77690887451172
2013-08-29,131.32156372070312,74.99981689453125,73.35760498046875
2013-08-30,130.90557861328125,74.8581771850586,73.27466583251953
2013-09-03,131.49752807617188,74.4333267211914,72.24116516113281
2013-09-04,132.58535766601562,74.1869125366211,72.0817642211914
2013-09-05,132.7534637451172,73.61949920654297,71.07660675048828
2013-09-06,132.81735229492188,74.06748962402344,71.43016815185547
2013-09-09,134.0892791748047,74.21678924560547,71.46479034423828
2013-09-10,135.08111572265625,73.87333679199219,70.9657211303711
2013-09-11,135.50511169433594,74.24664306640625,71.59652709960938
2013-09-12,135.14515686035156,74.2541732788086,71.49947357177734
2013-09-13,135.4490966796875,74.3511734008789,71.77670288085938
2013-09-16,136.23300170898438,74.51548767089844,71.2984619140625
2013-09-17,136.84095764160156,74.66483306884766,71.88762664794922
2013-09-18,138.42481994628906,75.59063720703125,72.77491760253906
2013-09-19,138.1927947998047,75.32926940917969,72.34513854980469
2013-09-20,137.2266387939453,75.40394592285156,72.72637939453125
2013-09-23,136.59161376953125,75.68772888183594,73.26011657714844
2013-09-24,136.2701416015625,75.96394348144531,74.0502700805664
2013-09-25,135.87628173828125,76.17301940917969,74.20284271240234
2013-09-26,136.3987579345703,76.00875854492188,73.68292236328125
2013-09-27,135.771728515625,76.11328887939453,73.86315155029297
2013-09-30,135.04830932617188,76.24021911621094,73.75228118896484
2013-10-01,136.11732482910156,76.07048034667969,73.52848815917969
2013-10-02,135.98870849609375,76.19757843017578,73.63967895507812
2013-10-03,134.73483276367188,76.30226135253906,73.52151489257812
2013-10-04,135.75567626953125,76.09292602539062,73.46592712402344
2013-10-07,134.5820770263672,76.1601791381836,73.76476287841797
2013-10-08,133.01463317871094,76.12283325195312,73.78568267822266
2013-10-09,133.11111450195312,75.98821258544922,73.19490814208984
2013-10-10,135.980712890625,75.8237075805664,73.31302642822266
2013-10-11,136.85690307617188,75.93585968017578,73.29216766357422
2013-10-14,137.4034881591797,75.6816177368164,72.70146942138672
2013-10-15,136.4066925048828,75.69656372070312,72.65277862548828
2013-10-16,138.31178283691406,76.06297302246094,73.56319427490234
2013-10-17,139.23614501953125,76.4967041015625,74.23042297363281
2013-10-18,140.17665100097656,76.50419616699219,74.39022827148438
2013-10-21,140.1846160888672,76.45187377929688,74.15394592285156
2013-10-22,140.99655151367188,76.98274230957031,74.98097229003906
2013-10-23,140.32125854492188,77.1173324584961,75.27287292480469
2013-10-24,140.7875213623047,76.96031188964844,74.98097229003906
2013-10-25,141.4305877685547,77.09494018554688,75.25896453857422
2013-10-28,141.65565490722656,77.02017211914062,75.0018310546875
2013-10-29,142.41123962402344,77.1248550415039,75.0990982055664
2013-10-30,141.70388793945312,76.92292022705078,74.64737701416016
2013-10-31,141.30189514160156,76.83318328857422,74.80719757080078
2013-11-01,141.63951110839844,76.40702056884766,73.99752044677734
2013-11-04,142.13790893554688,76.55686950683594,74.06716918945312
2013-11-05,141.68775939941406,76.21229553222656,73.18220520019531
2013-11-06,142.41123962402344,76.44450378417969,73.21704864501953
2013-11-07,140.6106414794922,76.64672088623047,73.83721160888672
2013-11-08,142.5076446533203,75.78543090820312,72.06031036376953
2013-11-11,142.5318145751953,75.74795532226562,71.78850555419922
2013-11-12,142.24237060546875,75.68059539794922,72.12297821044922
2013-11-13,143.38388061523438,75.99515533447266,72.3878173828125
2013-11-14,144.09921264648438,76.36209869384766,72.83377838134766
2013-11-15,144.72613525390625,76.30216979980469,72.98013305664062
2013-11-18,144.2198028564453,76.57181549072266,73.41912078857422
2013-11-19,143.9062957763672,76.28723907470703,72.86164093017578
2013-11-20,143.45619201660156,75.8677749633789,71.62129211425781
2013-11-21,144.6136474609375,75.93516540527344,71.73966979980469
2013-11-22,145.33706665039062,76.15238189697266,72.40869903564453
2013-11-25,145.19241333007812,76.21229553222656,72.61772155761719
2013-11-26,145.2326202392578,76.3770751953125,72.8895492553711
2013-11-27,145.58628845214844,76.204833984375,72.76408386230469
2013-11-29,145.4898681640625,76.15985870361328,72.78499603271484
2013-12-02,145.11196899414062,75.83285522460938,72.21885681152344
2013-12-03,144.48504638671875,75.96784973144531,72.48446655273438
2013-12-04,144.46896362304688,75.62279510498047,71.79252624511719
2013-12-05,143.833984375,75.43526458740234,71.58983612060547
2013-12-06,145.4416046142578,75.50275421142578,71.93231201171875
2013-12-09,145.81134033203125,75.59280395507812,72.1000747680664
2013-12-10,145.28892517089844,75.90790557861328,72.61727905273438
2013-12-11,143.6571807861328,75.6153335571289,72.05811309814453
2013-12-12,143.18284606933594,75.39776611328125,71.78556823730469
2013-12-13,143.1668243408203,75.51029205322266,72.13501739501953
2013-12-16,144.05897521972656,75.47274780273438,71.86937713623047
2013-12-17,143.60084533691406,75.7127914428711,72.19092559814453
2013-12-18,146.05245971679688,75.42774200439453,71.8275146484375
2013-12-19,145.88369750976562,75.11267852783203,71.75761413574219
2013-12-20,146.7322540283203,75.34526062011719,72.86188507080078
2013-12-23,147.51622009277344,75.1052017211914,72.44954681396484
2013-12-24,147.8394317626953,74.8125991821289,71.86937713623047
2013-12-26,148.59104919433594,74.74807739257812,71.59243774414062
2013-12-27,148.5829620361328,74.70294189453125,71.38908386230469
2013-12-30,148.5587615966797,74.90581512451172,71.87996673583984
2013-12-31,149.26185607910156,74.56765747070312,71.42414855957031
2014-01-02,147.83135986328125,74.86070251464844,71.64154052734375
2014-01-03,147.80709838867188,74.815673828125,71.64154052734375
2014-01-06,147.37881469726562,75.02600860595703,71.9430160522461
2014-01-07,148.28395080566406,75.14622497558594,72.1253433227539
2014-01-08,148.31631469726562,74.77808380126953,71.92903900146484
2014-01-09,148.4132537841797,74.97340393066406,72.34977722167969
2014-01-10,148.81736755371094,75.6045913696289,73.21220397949219
2014-01-13,146.8373565673828,75.82246398925781,73.57682800292969
2014-01-14,148.4375,75.53697204589844,73.24028015136719
2014-01-15,149.23757934570312,75.4693603515625,73.16316986083984
2014-01-16,149.04368591308594,75.67974090576172,73.65398406982422
2014-01-17,148.4132537841797,75.86006927490234,73.9625473022461
2014-01-21,148.84967041015625,75.77738189697266,74.01859283447266
2014-01-22,148.94667053222656,75.56707000732422,73.83628845214844
2014-01-23,147.72630310058594,76.07795715332031,74.88108825683594
2014-01-24,144.5744171142578,76.38604736328125,75.36490631103516
2014-01-27,143.86325073242188,76.15308380126953,74.83898162841797
2014-01-28,144.71987915039062,76.26581573486328,75.02130126953125
2014-01-29,143.32989501953125,76.62644958496094,75.63838958740234
2014-01-30,144.84921264648438,76.55132293701172,75.42098999023438
2014-01-31,144.0006561279297,76.85186767578125,75.92587280273438
2014-02-03,140.75985717773438,77.26963806152344,76.85100555419922
2014-02-04,141.7458038330078,77.03630828857422,76.0354995727539
2014-02-05,141.56796264648438,76.7577896118164,75.3325424194336
2014-02-06,143.43487548828125,76.61477661132812,75.0091552734375
2014-02-07,145.21287536621094,76.8179931640625,75.07244110107422
2014-02-10,145.4796142578125,76.85565185546875,75.28329467773438
2014-02-11,147.07167053222656,76.51698303222656,74.84748840332031
2014-02-12,147.14447021484375,76.33628845214844,74.46085357666016
2014-02-13,147.90414428710938,76.69761657714844,74.88263702392578
2014-02-14,148.7203826904297,76.6449203491211,74.9247817993164
2014-02-18,148.898193359375,76.83306121826172,75.0934829711914
2014-02-19,147.91217041015625,76.68252563476562,74.77716064453125
2014-02-20,148.78501892089844,76.59976959228516,74.59437561035156
2014-02-21,148.61534118652344,76.69761657714844,74.98810577392578
2014-02-24,149.43966674804688,76.622314453125,74.79828643798828
2014-02-25,149.3831024169922,76.88575744628906,75.46613311767578
2014-02-26,149.39114379882812,77.1115951538086,75.86681365966797
2014-02-27,150.17506408691406,77.20191955566406,76.28157043457031
2014-02-28,150.5548858642578,77.12660217285156,76.32373046875
2014-03-03,149.49623107910156,77.50808715820312,76.833251953125
2014-03-04,151.59750366210938,76.91248321533203,75.67752838134766
2014-03-05,151.73489379882812,76.99544525146484,75.8396224975586
2014-03-06,152.08233642578125,76.66374206542969,75.09268188476562
2014-03-07,152.1470184326172,76.33200073242188,74.62049865722656
2014-03-10,152.0662384033203,76.41493225097656,74.72624969482422
2014-03-11,151.31459045410156,76.49034881591797,74.92353820800781
2014-03-12,151.35504150390625,76.79187774658203,75.44501495361328
2014-03-13,149.6579132080078,77.24423217773438,76.45972442626953
2014-03-14,149.23757934570312,77.25182342529297,76.47383880615234
2014-03-17,150.5872802734375,76.94267272949219,75.90303802490234
2014-03-18,151.66209411621094,77.13115692138672,76.17787170410156
2014-03-19,150.85394287109375,76.41493225097656,75.5859146118164
2014-03-20,151.73489379882812,76.43002319335938,75.45201110839844
2014-03-21,151.14634704589844,76.5732650756836,76.26949310302734
2014-03-24,150.5212860107422,76.6034164428711,76.8121337890625
2014-03-25,151.2356414794922,76.55818176269531,76.52314758300781
2014-03-26,150.14791870117188,76.88235473632812,77.12214660644531
2014-03-27,149.83132934570312,76.9577407836914,77.509765625
2014-03-28,150.57000732421875,76.68631744384766,77.07280731201172
2014-03-31,151.80386352539062,76.69387817382812,76.88262176513672
2014-04-01,152.81040954589844,76.5352783203125,76.22554779052734
2014-04-02,153.32180786132812,76.20289611816406,75.78749084472656
2014-04-03,153.11888122558594,76.25577545166016,76.1195068359375
2014-04-04,151.30862426757812,76.7241439819336,76.62821197509766
2014-04-07,149.63648986816406,76.90536499023438,77.08743286132812
2014-04-08,150.25338745117188,77.01109313964844,77.27112579345703
2014-04-09,151.86880493164062,76.98841857910156,76.88964080810547
2014-04-10,148.6786651611328,77.31326293945312,77.60320281982422
2014-04-11,147.3393096923828,77.47185516357422,78.23206329345703
2014-04-14,148.50010681152344,77.35105895996094,78.02713012695312
2014-04-15,149.5229034423828,77.44161987304688,78.51463317871094
2014-04-16,151.0895538330078,77.32080078125,78.613525390625
2014-04-17,151.3005828857422,76.88272857666016,77.75160217285156
2014-04-21,151.82821655273438,76.86762237548828,77.68799591064453
2014-04-22,152.51820373535156,76.83741760253906,77.94941711425781
2014-04-23,152.16099548339844,77.0337905883789,78.39452362060547
2014-04-24,152.46946716308594,77.01109313964844,78.54285430908203
2014-04-25,151.2194366455078,77.11682891845703,78.65591430664062
2014-04-28,151.69837951660156,77.00357055664062,78.27442169189453
2014-04-29,152.40457153320312,77.07154083251953,78.16842651367188
2014-04-30,152.85914611816406,77.27547454833984,78.49342346191406
2014-05-01,152.8754119873047,77.4980239868164,79.33548736572266
2014-05-02,152.6562042236328,77.6114730834961,79.82418823242188
2014-05-05,152.9484405517578,77.5660629272461,79.34257507324219
2014-05-06,151.6171417236328,77.6568832397461,79.66133880615234
2014-05-07,152.5100860595703,77.71741485595703,79.37798309326172
2014-05-08,152.34771728515625,77.80065155029297,79.03803253173828
2014-05-09,152.57501220703125,77.7401123046875,78.78312683105469
2014-05-12,154.06051635742188,77.5357666015625,78.46440887451172
2014-05-13,154.1985321044922,77.83849334716797,79.1443099975586
2014-05-14,153.4678955078125,78.19416809082031,80.00125122070312
2014-05-15,152.12045288085938,78.47418975830078,80.6386489868164
2014-05-16,152.64805603027344,78.3077163696289,80.4120101928711
2014-05-19,153.20816040039062,78.20929718017578,79.81707763671875
2014-05-20,152.24221801757812,78.4363021850586,79.99417114257812
2014-05-21,153.5247344970703,78.31524658203125,79.50544738769531
2014-05-22,153.8981475830078,78.23197937011719,79.39218139648438
2014-05-23,154.51510620117188,78.39092254638672,79.81707763671875
2014-05-27,155.4647979736328,78.4135971069336,80.28453063964844
2014-05-28,155.3511505126953,78.84498596191406,81.27603912353516
2014-05-29,156.15484619140625,78.74653625488281,80.84400939941406
2014-05-30,156.4064178466797,78.68603515625,80.80860900878906
2014-06-02,156.58502197265625,78.32599639892578,80.20792388916016
2014-06-03,156.5038299560547,77.93181610107422,79.22096252441406
2014-06-04,156.8204345703125,77.8711929321289,79.19962310791016
2014-06-05,157.84329223632812,77.98489379882812,79.2351303100586
2014-06-06,158.59820556640625,77.9242172241211,79.2351303100586
2014-06-09,158.7604522705078,77.8105697631836,79.12155151367188
2014-06-10,158.77670288085938,77.67411041259766,78.83037567138672
2014-06-11,158.2247314453125,77.78024291992188,78.9724349975586
2014-06-12,157.10455322265625,78.08344268798828,79.67534637451172
2014-06-13,157.5834503173828,77.93181610107422,79.6327896118164
2014-06-16,157.7133331298828,77.93181610107422,79.83155059814453
2014-06-17,158.15170288085938,77.60585021972656,79.19962310791016
2014-06-18,159.31251525878906,78.01516723632812,79.81029510498047
2014-06-19,159.4910430908203,77.81808471679688,78.78777313232422
2014-06-20,159.8148956298828,77.90904998779297,79.38423156738281
2014-06-23,159.76589965820312,77.85603332519531,79.1357421875
2014-06-24,158.80345153808594,78.17439270019531,79.93804931640625
2014-06-25,159.5211944580078,78.25019073486328,80.14403533935547
2014-06-26,159.40704345703125,78.45482635498047,80.5274429321289
2014-06-27,159.71702575683594,78.45482635498047,80.40672302246094
2014-06-30,159.63543701171875,78.5154800415039,80.60554504394531
2014-07-01,160.70384216308594,78.25881958007812,79.93063354492188
2014-07-02,160.86703491210938,77.93984985351562,79.07643127441406
2014-07-03,161.658203125,77.78036499023438,78.7916488647461
2014-07-07,161.09539794921875,77.9702377319336,79.36829376220703
2014-07-08,160.05953979492188,78.32718658447266,80.25812530517578
2014-07-09,160.7772216796875,78.34231567382812,80.32219696044922
2014-07-10,160.14112854003906,78.50939178466797,80.3436050415039
2014-07-11,160.36131286621094,78.63851928710938,80.85612487792969
2014-07-14,161.16883850097656,78.4638442993164,80.50731658935547
2014-07-15,160.86703491210938,78.39549255371094,80.3436050415039
2014-07-16,161.46246337890625,78.50939178466797,80.7707290649414
2014-07-17,159.62722778320312,78.96505737304688,81.78875732421875
2014-07-18,161.258544921875,78.80561828613281,81.52533721923828
2014-07-21,160.9567413330078,78.82835388183594,81.93106079101562
2014-07-22,161.658203125,78.92711639404297,82.10195922851562
2014-07-23,162.01705932617188,78.91948699951172,81.99514770507812
2014-07-24,162.02517700195312,78.60051727294922,81.38292694091797
2014-07-25,161.2666778564453,78.90428161621094,82.34393310546875
2014-07-28,161.3319091796875,78.81317138671875,82.23006439208984
2014-07-29,160.638671875,78.91948699951172,82.52904510498047
2014-07-30,160.66314697265625,78.36510467529297,81.38292694091797
2014-07-31,157.49032592773438,78.34231567382812,81.1408462524414
2014-08-01,157.009033203125,78.803466796875,81.76898193359375
2014-08-04,158.14279174804688,78.84908294677734,81.55492401123047
2014-08-05,156.60943603515625,78.88709259033203,81.81893157958984
2014-08-06,156.6583709716797,78.95558166503906,81.86894989013672
2014-08-07,155.81008911132812,79.31317138671875,82.63267517089844
2014-08-08,157.6126251220703,79.24472045898438,82.45419311523438
2014-08-11,158.06939697265625,79.20669555664062,82.4470443725586
2014-08-12,157.84922790527344,79.0925521850586,81.91173553466797
2014-08-13,158.91766357421875,79.35124206542969,82.4470443725586
2014-08-14,159.66806030273438,79.510986328125,83.11087799072266
2014-08-15,159.63543701171875,79.83060455322266,84.01736450195312
2014-08-18,160.9730682373047,79.57951354980469,83.18226623535156
2014-08-19,161.81312561035156,79.495849609375,82.9253158569336
2014-08-20,162.2454376220703,79.25996398925781,82.78968048095703
2014-08-21,162.718505859375,79.42735290527344,83.25361633300781
2014-08-22,162.46563720703125,79.4349136352539,83.71754455566406
2014-08-25,163.28941345214844,79.495849609375,84.0316390991211
2014-08-26,163.39549255371094,79.48057556152344,83.76036071777344
2014-08-27,163.33026123046875,79.70124816894531,84.47418212890625
2014-08-28,163.2405242919922,79.80779266357422,84.91668701171875
2014-08-29,163.7054443359375,79.81538391113281,84.97380828857422
2014-09-02,163.6238555908203,79.30550384521484,83.5079574584961
2014-09-03,163.5341033935547,79.41979217529297,83.97299194335938
2014-09-04,163.29762268066406,79.13780975341797,82.949951171875
2014-09-05,164.03167724609375,79.16065216064453,82.79258728027344
2014-09-08,163.60755920410156,79.07677459716797,82.82830810546875
2014-09-09,162.57164001464844,78.8939208984375,82.76390838623047
2014-09-10,163.1834716796875,78.69575500488281,82.24172973632812
2014-09-11,163.3710479736328,78.59669494628906,81.96981048583984
2014-09-12,162.41668701171875,78.29938507080078,81.11138916015625
2014-09-15,162.2943878173828,78.44422149658203,81.23302459716797
2014-09-16,163.51783752441406,78.42135620117188,80.9039535522461
2014-09-17,163.73805236816406,78.22317504882812,80.69644927978516
2014-09-18,164.6107635498047,78.16983795166016,80.95401763916016
2014-09-19,164.46243286132812,78.46710205078125,81.98422241210938
2014-09-22,163.19232177734375,78.63479614257812,82.08428192138672
2014-09-23,162.2581024169922,78.80242156982422,82.59223937988281
2014-09-24,163.52830505371094,78.58136749267578,82.13440704345703
2014-09-25,160.8896942138672,78.96249389648438,83.1073226928711
2014-09-26,162.16798400878906,78.79483795166016,82.98568725585938
2014-09-29,161.87306213378906,79.04632568359375,83.6510009765625
2014-09-30,161.4468994140625,78.97775268554688,83.17888641357422
2014-10-01,159.25897216796875,79.64130401611328,84.79183197021484
2014-10-02,159.2835693359375,79.40459442138672,84.0530776977539
2014-10-03,161.0371856689453,79.38165283203125,84.41170501708984
2014-10-06,160.84872436523438,79.51148986816406,84.46190643310547
2014-10-07,158.3658447265625,79.97724151611328,85.60218048095703
2014-10-08,161.13552856445312,80.25979614257812,85.62371063232422
2014-10-09,157.93968200683594,80.12235260009766,85.25080108642578
2014-10-10,156.13687133789062,80.4354019165039,86.09706115722656
2014-10-13,153.57200622558594,80.85543060302734,86.62062072753906
2014-10-14,153.80967712402344,81.0157470703125,87.18717956542969
2014-10-15,152.76898193359375,81.47391510009766,87.87570190429688
2014-10-16,152.6378936767578,81.25244140625,87.31624603271484
2014-10-17,154.44065856933594,81.0157470703125,86.82862091064453
2014-10-20,155.94020080566406,81.13024139404297,87.14414978027344
2014-10-21,159.02955627441406,80.9088363647461,86.44847869873047
2014-10-22,157.89874267578125,80.88589477539062,86.54169464111328
2014-10-23,159.73431396484375,80.54991912841797,85.77436828613281
2014-10-24,160.96339416503906,80.61869812011719,85.86042022705078
2014-10-27,160.7422332763672,80.7026596069336,86.01818084716797
2014-10-28,162.5859832763672,80.50411224365234,85.48028564453125
2014-10-29,162.34010314941406,80.23690032958984,85.67396545410156
2014-10-30,163.38076782226562,80.32085418701172,85.74565887451172
2014-10-31,165.24911499023438,80.19107055664062,85.5233383178711
2014-11-03,165.3392791748047,80.16123962402344,85.5233383178711
2014-11-04,164.76560974121094,80.15355682373047,85.78931427001953
2014-11-05,165.8063507080078,80.17649841308594,85.66716766357422
2014-11-06,166.4700927734375,79.9317398071289,85.113525390625
2014-11-07,166.62579345703125,80.44426727294922,86.09131622314453
2014-11-10,167.15020751953125,80.11531066894531,85.30040740966797
2014-11-11,167.3141326904297,80.12303924560547,85.35800170898438
2014-11-12,167.13385009765625,80.0923843383789,85.28607177734375
2014-11-13,167.32229614257812,80.222412109375,85.48738861083984
2014-11-14,167.3633575439453,80.39067840576172,85.90433502197266
2014-11-17,167.4698486328125,80.29893493652344,85.68868255615234
2014-11-18,168.43678283691406,80.39067840576172,85.92595672607422
2014-11-19,168.1663055419922,80.17649841308594,85.3795166015625
2014-11-20,168.46131896972656,80.3218765258789,85.82528686523438
2014-11-21,169.3627166748047,80.48245239257812,86.34290313720703
2014-11-24,169.83799743652344,80.57429504394531,86.41478729248047
2014-11-25,169.71511840820312,80.77313995361328,87.13375091552734
2014-11-26,170.14938354492188,80.91082000732422,87.3709716796875
2014-11-28,169.78878784179688,81.2244644165039,88.06119537353516
2014-12-01,168.60882568359375,81.02526092529297,87.54741668701172
2014-12-02,169.69869995117188,80.66510772705078,86.69717407226562
2014-12-03,170.354248046875,80.69580841064453,87.03578186035156
2014-12-04,170.16583251953125,80.979248046875,87.76356506347656
2014-12-05,170.4443817138672,80.52718353271484,87.25196838378906
2014-12-08,169.30535888671875,80.79540252685547,88.31835174560547
2014-12-09,169.1906280517578,81.09419250488281,88.7723388671875
2014-12-10,166.478271484375,81.46192932128906,89.42086029052734
2014-12-11,167.32229614257812,81.32405853271484,89.7883071899414
2014-12-12,164.61814880371094,81.99063873291016,91.00602722167969
2014-12-15,163.48731994628906,81.69182586669922,90.81869506835938
2014-12-16,162.17620849609375,82.10552978515625,91.9427719116211
2014-12-17,165.35560607910156,81.53858184814453,91.11410522460938
2014-12-18,169.44471740722656,81.0788345336914,89.492919921875
2014-12-19,170.16566467285156,81.37769317626953,90.69620513916016
2014-12-22,170.9484100341797,81.37769317626953,90.81869506835938
2014-12-23,171.17909240722656,80.70344543457031,89.01729583740234
2014-12-24,171.19564819335938,80.76174926757812,89.5018539428711
2014-12-26,171.74774169921875,80.86920928955078,89.83399963378906
2014-12-29,171.97836303710938,81.14543151855469,90.5054931640625
2014-12-30,171.0554962158203,81.2374496459961,90.75102996826172
2014-12-31,169.3581085205078,81.32958984375,90.9243392944336
2015-01-02,169.26747131347656,81.74393463134766,91.93524169921875
2015-01-05,166.21055603027344,82.24270629882812,93.37937927246094
2015-01-06,164.64501953125,82.79517364501953,95.0618667602539
2015-01-07,166.69674682617188,82.7798080444336,94.87407684326172
2015-01-08,169.65480041503906,82.44220733642578,93.61767578125
2015-01-09,168.29525756835938,82.84891510009766,94.6430435180664
2015-01-12,166.9768524169922,83.14049530029297,95.18458557128906
2015-01-13,166.50718688964844,83.21719360351562,95.18458557128906
2015-01-14,165.501953125,83.60086059570312,95.90669250488281
2015-01-15,163.9859161376953,84.31452178955078,97.4158706665039
2015-01-16,166.1364288330078,83.69294738769531,96.17387390136719
2015-01-20,166.49075317382812,83.88480377197266,97.45195770263672
2015-01-21,167.3312530517578,83.48576354980469,96.3254623413086
2015-01-22,169.819580078125,83.27864074707031,95.9788589477539
2015-01-23,168.88848876953125,83.82337951660156,97.31476593017578
2015-01-26,169.2839813232422,83.63155364990234,97.01866149902344
2015-01-27,167.0510711669922,83.7466812133789,97.17030334472656
2015-01-28,164.9087677001953,84.39126586914062,98.75890350341797
2015-01-29,166.43310546875,84.09198760986328,98.10902404785156
2015-01-30,164.3402099609375,84.8286361694336,99.8492660522461
2015-02-02,166.3754119873047,84.72257995605469,99.47222900390625
2015-02-03,168.78140258789062,84.00774383544922,97.36676025390625
2015-02-04,168.13865661621094,84.14611053466797,97.5331802368164
2015-02-05,169.83607482910156,83.8386459350586,96.4623031616211
2015-02-06,169.3664093017578,82.90098571777344,94.75483703613281
2015-02-09,168.60833740234375,82.86253356933594,94.60282135009766
2015-02-10,170.4046173095703,82.6550064086914,93.85031127929688
2015-02-11,170.5035400390625,82.62428283691406,94.02398681640625
2015-02-12,172.14317321777344,82.6550064086914,93.71289825439453
2015-02-13,172.851806640625,82.37835693359375,92.75054168701172
2015-02-17,173.12367248535156,81.79415893554688,91.35414123535156
2015-02-18,173.14016723632812,82.1861343383789,91.89679718017578
2015-02-19,173.0165557861328,81.97869873046875,91.2890396118164
2015-02-20,174.05477905273438,81.93257141113281,91.5567855834961
2015-02-23,174.03009033203125,82.30914306640625,92.60587310791016
2015-02-24,174.5244140625,82.85482025146484,93.8214340209961
2015-02-25,174.37612915039062,82.93167877197266,94.22657775878906
2015-02-26,174.1701202392578,82.4398193359375,92.93870544433594
2015-02-27,173.57687377929688,82.73187255859375,93.72014617919922
2015-03-02,174.67274475097656,82.11604309082031,91.97442626953125
2015-03-03,173.95584106445312,81.93894958496094,91.64096069335938
2015-03-04,173.2226104736328,82.00051879882812,91.66996765136719
2015-03-05,173.41209411621094,82.0467758178711,91.55397033691406
2015-03-06,170.97305297851562,81.20764923095703,89.53133392333984
2015-03-09,171.6818084716797,81.58485412597656,90.35778045654297
2015-03-10,168.89666748046875,81.9312744140625,91.5467300415039
2015-03-11,168.50123596191406,82.0775146484375,92.21368408203125
2015-03-12,170.6435546875,82.15449523925781,92.14834594726562
2015-03-13,169.59710693359375,82.03132629394531,91.86571502685547
2015-03-16,171.86309814453125,82.31616973876953,92.75013732910156
2015-03-17,171.3521270751953,82.48554229736328,93.51856994628906
2015-03-18,173.41209411621094,83.43240356445312,95.32373809814453
2015-03-19,172.62107849121094,83.03978729248047,94.83800506591797
2015-03-20,174.144775390625,83.37857055664062,95.33818817138672
2015-03-23,173.8054656982422,83.48628997802734,95.2222671508789
2015-03-24,172.82882690429688,83.7403564453125,96.14290618896484
2015-03-25,170.29620361328125,83.37857055664062,95.3309555053711
2015-03-26,169.8906707763672,82.90888214111328,93.84481811523438
2015-03-27,170.27964782714844,83.23226928710938,95.0119857788086
2015-03-30,172.3570556640625,83.22455596923828,94.5407943725586
2015-03-31,170.85069274902344,83.44010162353516,94.74373626708984
2015-04-01,170.24655151367188,83.83724212646484,95.98825073242188
2015-04-02,170.85903930664062,83.59810638427734,94.97113037109375
2015-04-06,172.0094451904297,83.70613861083984,94.44083404541016
2015-04-07,171.5542449951172,83.77552795410156,95.23263549804688
2015-04-08,172.13356018066406,83.69840240478516,95.26177215576172
2015-04-09,172.89501953125,83.35913848876953,94.02671813964844
2015-04-10,173.8385009765625,83.33605194091797,94.16477966308594
2015-04-13,173.0522918701172,83.50567626953125,94.29548645019531
2015-04-14,173.38330078125,83.75242614746094,94.9638900756836
2015-04-15,174.16131591796875,83.79867553710938,94.88400268554688
2015-04-16,174.1116485595703,83.86029815673828,94.41180419921875
2015-04-17,172.1087646484375,84.02998352050781,95.49417877197266
2015-04-20,173.68128967285156,83.87577056884766,94.65150451660156
2015-04-21,173.474365234375,83.69840240478516,94.22285461425781
2015-04-22,174.32684326171875,83.21259307861328,92.78446960449219
2015-04-23,174.76553344726562,83.46707916259766,93.18402099609375
2015-04-24,175.1710662841797,83.76009368896484,93.76518249511719
2015-04-27,174.4427032470703,83.62902069091797,93.76518249511719
2015-04-28,174.9972686767578,83.24347686767578,92.47207641601562
2015-04-29,174.27719116210938,82.93506622314453,91.33879089355469
2015-04-30,172.53082275390625,82.91197967529297,91.4986572265625
2015-05-01,174.40135192871094,82.4586181640625,90.26690673828125
2015-05-04,174.89793395996094,82.28870391845703,89.41522216796875
2015-05-05,172.89501953125,82.14970397949219,89.29145050048828
2015-05-06,172.18321228027344,81.74817657470703,87.76276397705078
2015-05-07,172.8702392578125,82.0956802368164,88.94206237792969
2015-05-08,175.1461944580078,82.41231536865234,89.18223571777344
2015-05-11,174.31031799316406,81.60145568847656,87.012939453125
2015-05-12,173.7888641357422,81.66323852539062,87.23861694335938
2015-05-13,173.82196044921875,81.55513763427734,86.5397720336914
2015-05-14,175.63458251953125,81.8331069946289,86.7726821899414
2015-05-15,175.8248748779297,82.4200439453125,88.51254272460938
2015-05-18,176.37115478515625,81.86402893066406,87.02753448486328
2015-05-19,176.313232421875,81.5010757446289,86.255859375
2015-05-20,176.18905639648438,81.67871856689453,86.40145874023438
2015-05-21,176.70220947265625,82.16519927978516,87.60984802246094
2015-05-22,176.2801055908203,81.97986602783203,87.6462631225586
2015-05-26,174.38478088378906,82.48957824707031,89.14584350585938
2015-05-27,176.0400848388672,82.44315338134766,89.34970092773438
2015-05-28,175.8414764404297,82.52041625976562,89.1313247680664
2015-05-29,174.7489471435547,82.56674194335938,89.32785034179688
2015-06-01,175.1048583984375,82.20243835449219,88.3677749633789
2015-06-02,174.93104553222656,81.6301040649414,87.13487243652344
2015-06-03,175.39450073242188,80.93401336669922,85.7341537475586
2015-06-04,173.9130096435547,81.32843780517578,86.85034942626953
2015-06-05,173.61505126953125,80.7406234741211,85.79256439208984
2015-06-08,172.5474090576172,80.85663604736328,85.69772338867188
2015-06-09,172.52255249023438,80.59365844726562,85.01924133300781
2015-06-10,174.59173583984375,80.2842788696289,84.275146484375
2015-06-11,175.1544952392578,80.91854858398438,86.04792022705078
2015-06-12,173.8136749267578,80.87207794189453,86.04792022705078
2015-06-15,173.06878662109375,81.06544494628906,86.18648529052734
2015-06-16,174.0123291015625,81.37486267089844,86.86499786376953
2015-06-17,174.2937469482422,81.42132568359375,86.19377899169922
2015-06-18,176.10626220703125,81.35932159423828,85.77066040039062
2015-06-19,175.32447814941406,81.79251861572266,86.87224578857422
2015-06-22,176.22268676757812,81.10413360595703,85.09951782226562
2015-06-23,176.34747314453125,80.85663604736328,84.5888442993164
2015-06-24,175.0667266845703,81.0964126586914,85.318359375
2015-06-25,174.53443908691406,80.89533233642578,85.01924133300781
2015-06-26,174.50111389160156,80.5085678100586,84.06359100341797
2015-06-29,170.84182739257812,81.44446563720703,86.28860473632812
2015-06-30,171.19944763183594,81.2201919555664,85.69039154052734
2015-07-01,172.5717010498047,80.79566192626953,84.53379821777344
2015-07-02,172.41371154785156,81.08228302001953,84.81159973144531
2015-07-06,171.9229736328125,81.65550994873047,86.3835220336914
2015-07-07,173.00418090820312,81.87239074707031,87.19503784179688
2015-07-08,170.10159301757812,82.1977767944336,87.94817352294922
2015-07-09,170.4093475341797,81.6245346069336,86.21537780761719
2015-07-10,172.55506896972656,81.05905151367188,84.84812927246094
2015-07-13,174.45956420898438,80.8421401977539,84.5849380493164
2015-07-14,175.21641540527344,81.09779357910156,84.86273193359375
2015-07-15,175.158203125,81.4076156616211,85.7620620727539
2015-07-16,176.56370544433594,81.37664031982422,86.35428619384766
2015-07-17,176.7134552001953,81.3843994140625,86.80027770996094
2015-07-20,176.8048858642578,81.22171783447266,86.43474578857422
2015-07-21,176.10626220703125,81.44638061523438,86.90269470214844
2015-07-22,175.7902374267578,81.54705810546875,87.44367980957031
2015-07-23,174.80056762695312,81.88015747070312,88.53306579589844
2015-07-24,172.987548828125,81.95763397216797,88.75238037109375
2015-07-27,171.98123168945312,82.22880554199219,89.22766876220703
2015-07-28,174.0936279296875,81.99633026123047,88.57695770263672
2015-07-29,175.29124450683594,81.88015747070312,88.24789428710938
2015-07-30,175.3328399658203,81.97311401367188,88.92787170410156
2015-07-31,175.0667266845703,82.45338439941406,89.58588409423828
2015-08-03,174.47621154785156,82.70475006103516,90.52892303466797
2015-08-04,174.13522338867188,82.27806091308594,89.81082916259766
2015-08-05,174.7091064453125,81.9599380493164,89.13675689697266
2015-08-06,173.27859497070312,82.24707794189453,89.92811584472656
2015-08-07,172.94590759277344,82.57290649414062,91.1077880859375
2015-08-10,175.12490844726562,82.2314453125,89.97933197021484
2015-08-11,173.54473876953125,82.77458190917969,91.4082260131836
2015-08-12,173.75267028808594,82.74352264404297,90.90995788574219
2015-08-13,173.5364532470703,82.52629852294922,90.61688995361328
2015-08-14,174.1685028076172,82.44097900390625,90.82933044433594
2015-08-17,175.14151000976562,82.58843231201172,91.23966979980469
2015-08-18,174.63421630859375,82.45649719238281,90.52165985107422
2015-08-19,173.25364685058594,82.96074676513672,91.41554260253906
2015-08-20,169.63589477539062,83.18580627441406,92.33878326416016
2015-08-21,164.5294647216797,83.5193862915039,92.61723327636719
2015-08-24,157.6016082763672,83.65906524658203,92.58788299560547
2015-08-25,155.7470245361328,83.20130920410156,91.10047149658203
2015-08-26,161.72671508789062,82.68924713134766,89.34190368652344
2015-08-27,165.72705078125,82.64271545410156,89.39323425292969
2015-08-28,165.7353515625,82.65821838378906,89.65699005126953
2015-08-31,164.39637756347656,82.5185546875,88.96822357177734
2015-09-01,159.4895477294922,82.88922119140625,89.6092529296875
2015-09-02,162.5167694091797,82.66390991210938,88.8382568359375
2015-09-03,162.63320922851562,82.86592864990234,89.27149200439453
2015-09-04,160.17153930664062,83.12236022949219,90.08654022216797
2015-09-08,164.1967315673828,82.75714874267578,88.75743865966797
2015-09-09,162.0011749267578,82.7882080078125,89.183349609375
2015-09-10,162.88275146484375,82.6017074584961,88.58121490478516
2015-09-11,163.62295532226562,82.81928253173828,89.13932037353516
2015-09-14,163.0157928466797,82.8969497680664,89.27880859375
2015-09-15,165.05337524414062,82.24427795410156,87.56786346435547
2015-09-16,166.4838104248047,82.22098541259766,87.2374267578125
2015-09-17,166.10963439941406,82.90473937988281,88.30221557617188
2015-09-18,163.39515686035156,83.29327392578125,89.66067504882812
2015-09-21,164.23951721191406,82.81928253173828,88.19937896728516
2015-09-22,162.10768127441406,83.23114013671875,89.42569732666016
2015-09-23,161.84849548339844,83.13788604736328,89.41838836669922
2015-09-24,161.2633514404297,83.26222229003906,90.0278549194336
2015-09-25,161.22157287597656,83.04464721679688,89.24946594238281
2015-09-28,157.17529296875,83.51864624023438,90.77686309814453
2015-09-29,157.2672882080078,83.80615997314453,91.03388214111328
2015-09-30,160.20164489746094,83.82173919677734,90.71809387207031
2015-10-01,160.61964416503906,83.88706970214844,91.10514068603516
2015-10-02,163.01889038085938,84.29178619384766,91.65705108642578
2015-10-05,165.91986083984375,83.8248062133789,90.41345977783203
2015-10-06,165.35133361816406,83.99603271484375,90.80347442626953
2015-10-07,166.70570373535156,83.78591918945312,90.50177764892578
2015-10-08,168.2104034423828,83.56797790527344,89.74382781982422
2015-10-09,168.31077575683594,83.61470794677734,89.97927856445312
2015-10-12,168.4696502685547,83.89486694335938,90.66363525390625
2015-10-13,167.40786743164062,83.97264099121094,90.81813049316406
2015-10-14,166.6053466796875,84.43184661865234,91.6128921508789
2015-10-15,169.16351318359375,84.14387512207031,91.1640396118164
2015-10-16,169.9325714111328,84.07381439208984,91.19343566894531
2015-10-19,170.0161895751953,84.03499603271484,90.94329071044922
2015-10-20,169.79881286621094,83.74699401855469,90.3840103149414
2015-10-21,168.74545288085938,84.03499603271484,91.28174591064453
2015-10-22,171.5962371826172,84.12053680419922,91.43629455566406
2015-10-23,173.47720336914062,83.64582061767578,90.65628814697266
2015-10-26,173.05084228515625,83.8637466430664,91.25968170166016
2015-10-27,172.7164306640625,84.07381439208984,91.48776245117188
2015-10-28,174.68106079101562,83.63811492919922,91.11986541748047
2015-10-29,174.5807342529297,83.1244125366211,89.67027282714844
2015-10-30,173.82833862304688,83.287841796875,90.34723663330078
2015-11-02,175.88485717773438,83.04854583740234,89.93202209472656
2015-11-03,176.3948516845703,82.8302993774414,89.19458770751953
2015-11-04,175.8597869873047,82.74456787109375,89.29785919189453
2015-11-05,175.6842498779297,82.68997192382812,89.0618667602539
2015-11-06,175.5922393798828,82.1288070678711,87.756591796875
2015-11-09,173.9537353515625,81.9885025024414,87.26250457763672
2015-11-10,174.35494995117188,82.1443862915039,87.5206069946289
2015-11-11,173.6695098876953,82.10539245605469,87.33625030517578
2015-11-12,171.2450714111328,82.15217590332031,87.756591796875
2015-11-13,169.32232666015625,82.46397399902344,88.25804138183594
2015-11-16,171.8971710205078,82.57308959960938,88.17694091796875
2015-11-17,171.77178955078125,82.5497055053711,88.32442474365234
2015-11-18,174.4971160888672,82.5107421875,88.50875091552734
2015-11-19,174.34661865234375,82.68997192382812,89.09872436523438
2015-11-20,174.98196411132812,82.58089447021484,88.82586669921875
2015-11-23,174.7813720703125,82.68997192382812,89.09872436523438
2015-11-24,175.01539611816406,82.76795196533203,89.09135437011719
2015-11-25,174.99034118652344,82.81476593017578,89.29785919189453
2015-11-27,175.19100952148438,82.9004135131836,89.2093505859375
2015-11-30,174.4636993408203,82.93167877197266,89.56332397460938
2015-12-01,176.12734985351562,83.37264251708984,90.77303314208984
2015-12-02,174.32994079589844,83.1385269165039,90.80265808105469
2015-12-03,171.8888397216797,82.26416778564453,88.33433532714844
2015-12-04,175.24114990234375,82.56867980957031,89.11034393310547
2015-12-07,174.17942810058594,82.83406066894531,89.97496032714844
2015-12-08,173.0090789794922,82.8808822631836,90.01927185058594
2015-12-09,171.6630859375,83.00579071044922,89.9232177734375
2015-12-10,172.1061248779297,82.82628631591797,90.04145812988281
2015-12-11,168.77061462402344,83.48977661132812,91.46038055419922
2015-12-14,169.62327575683594,82.87307739257812,90.27790832519531
2015-12-15,171.40396118164062,82.66230773925781,89.74581909179688
2015-12-16,173.91192626953125,82.44374084472656,89.5537109375
2015-12-17,171.26187133789062,82.78715515136719,90.56621551513672
2015-12-18,168.21080017089844,83.0838851928711,91.06873321533203
2015-12-21,169.59840393066406,83.12288665771484,91.0465316772461
2015-12-22,171.13739013671875,82.88873291015625,90.38878631591797
2015-12-23,173.2566680908203,82.70132446289062,89.70886993408203
2015-12-24,172.97067260742188,82.8530044555664,90.22285461425781
2015-12-28,172.575439453125,82.86860656738281,90.48944854736328
2015-12-29,174.41712951660156,82.43077850341797,88.98613739013672
2015-12-30,173.1809539794922,82.46211242675781,88.89729309082031
2015-12-31,171.44851684570312,82.5558853149414,89.29717254638672
2016-01-04,169.05178833007812,82.90770721435547,89.9414291381836
2016-01-05,169.33770751953125,82.8843002319336,89.57857513427734
2016-01-06,167.20164489746094,83.3846664428711,90.7856674194336
2016-01-07,163.1902313232422,83.56450653076172,90.94856262207031
2016-01-08,161.39892578125,83.77558898925781,91.35588836669922
2016-01-11,161.55868530273438,83.50981140136719,90.35613250732422
2016-01-12,162.86221313476562,83.88506317138672,91.65953826904297
2016-01-13,158.8003692626953,84.21344757080078,92.56302642822266
2016-01-14,161.4073486328125,84.04141998291016,91.69660186767578
2016-01-15,157.94252014160156,84.43233489990234,93.12584686279297
2016-01-19,158.1527557373047,84.32292175292969,92.8370361328125
2016-01-20,156.1260528564453,84.73725891113281,93.81462097167969
2016-01-21,157.00064086914062,84.52619171142578,93.177734375
2016-01-22,160.2216033935547,84.33853149414062,92.82222747802734
2016-01-25,157.79959106445312,84.62004089355469,93.32581329345703
2016-01-26,159.95248413085938,84.68257141113281,93.37029266357422
2016-01-27,158.21165466308594,84.74510955810547,93.34803009033203
2016-01-28,159.03579711914062,84.85453796386719,93.48133087158203
2016-01-29,162.9126434326172,85.30803680419922,94.27375793457031
2016-02-01,162.8538360595703,85.11154174804688,93.9851303100586
2016-02-02,159.9187774658203,85.7143783569336,95.72874450683594
2016-02-03,160.87757873535156,85.62043762207031,94.934814453125
2016-02-04,161.12982177734375,85.82403564453125,95.39488220214844
2016-02-05,158.06028747558594,85.93360900878906,95.50614929199219
2016-02-08,155.93263244628906,86.57572937011719,97.56143188476562
2016-02-09,155.9410400390625,86.59135437011719,97.66527557373047
2016-02-10,155.80650329589844,86.84974670410156,98.5260238647461
2016-02-11,153.77972412109375,87.24907684326172,99.21601104736328
2016-02-12,156.9501953125,86.58350372314453,97.5688247680664
2016-02-16,159.59930419921875,86.32512664794922,96.5374984741211
2016-02-17,162.2062225341797,86.11376190185547,95.94393157958984
2016-02-18,161.5419158935547,86.51305389404297,97.1236572265625
2016-02-19,161.46621704101562,86.51305389404297,97.20523834228516
2016-02-22,163.80413818359375,86.42694091796875,97.1533432006836
2016-02-23,161.73532104492188,86.59918212890625,97.54655456542969
2016-02-24,162.47540283203125,86.59918212890625,97.35369110107422
2016-02-25,164.4432830810547,86.85755920410156,97.7023696899414
2016-02-26,164.06480407714844,86.43475341796875,96.76006317138672
2016-02-29,162.7781219482422,86.57572937011719,97.18301391601562
2016-03-01,166.60455322265625,85.89899444580078,95.47171783447266
2016-03-02,167.35299682617188,85.75001525878906,95.86573791503906
2016-03-03,168.00897216796875,85.85197448730469,96.21513366699219
2016-03-04,168.5556182861328,85.56187438964844,95.59815216064453
2016-03-07,168.6901397705078,85.38932800292969,95.5683822631836
2016-03-08,166.84840393066406,85.88331604003906,96.62399291992188
2016-03-09,167.67259216308594,85.54615783691406,96.03670501708984
2016-03-10,167.80712890625,85.2403564453125,95.64273834228516
2016-03-11,170.51507568359375,84.99728393554688,94.67631530761719
2016-03-14,170.29640197753906,85.06000518798828,94.97371673583984
2016-03-15,170.0188751220703,85.04434967041016,95.06287384033203
2016-03-16,171.0028076171875,85.49127197265625,95.3453369140625
2016-03-17,172.0876922607422,85.58536529541016,95.73936462402344
2016-03-18,172.7639617919922,85.734375,95.94010925292969
2016-03-21,173.00904846191406,85.49127197265625,95.20415496826172
2016-03-22,172.9160614013672,85.31095886230469,95.18185424804688
2016-03-23,171.77488708496094,85.70299530029297,96.2597427368164
2016-03-24,171.6988067626953,85.61670684814453,96.29688262939453
2016-03-28,171.8002471923828,85.74217224121094,96.42330169677734
2016-03-29,173.38941955566406,86.32241821289062,97.43425750732422
2016-03-30,174.1502685546875,86.20482635498047,96.40840911865234
2016-03-31,173.7275390625,86.51841735839844,97.09232330322266
2016-04-01,174.91099548339844,86.49331665039062,97.34558868408203
2016-04-04,174.34466552734375,86.59542083740234,97.40516662597656
2016-04-05,172.60324096679688,86.94092559814453,98.4703598022461
2016-04-06,174.48831176757812,86.7524642944336,97.7552490234375
2016-04-07,172.40040588378906,87.20010375976562,98.9620590209961
2016-04-08,172.8654022216797,87.06661987304688,98.33631134033203
2016-04-11,172.45956420898438,87.0509262084961,98.20965576171875
2016-04-12,174.06565856933594,86.70536041259766,97.53179931640625
2016-04-13,175.82391357421875,86.76815795898438,97.87445068359375
2016-04-14,175.83233642578125,86.56401824951172,97.40516662597656
2016-04-15,175.63796997070312,86.82312774658203,98.23950958251953
2016-04-18,176.8721160888672,86.73677062988281,97.81488800048828
2016-04-19,177.42999267578125,86.59542083740234,97.50946044921875
2016-04-20,177.59909057617188,86.15567016601562,96.43675994873047
2016-04-21,176.64389038085938,86.01427459716797,95.86320495605469
2016-04-22,176.64389038085938,85.9200668334961,95.61731719970703
2016-04-25,176.33953857421875,85.8258285522461,95.22259521484375
2016-04-26,176.60157775878906,85.64519500732422,94.79051208496094
2016-04-27,176.96505737304688,86.11642456054688,95.73655700683594
2016-04-28,175.3590087890625,86.4148178100586,96.1313705444336
2016-04-29,174.41224670410156,86.38340759277344,96.37718963623047
2016-05-02,175.79856872558594,86.13249969482422,95.40682983398438
2016-05-03,174.26856994628906,86.64372253417969,96.6085433959961
2016-05-04,173.29641723632812,86.80094909667969,97.13849639892578
2016-05-05,173.26260375976562,87.03697204589844,97.78787994384766
2016-05-06,173.8966064453125,86.83244323730469,97.36988830566406
2016-05-09,174.04029846191406,86.99765014648438,97.67591857910156
2016-05-10,176.20425415039062,86.98190307617188,97.68341827392578
2016-05-11,174.555908203125,87.11563110351562,98.23577880859375
2016-05-12,174.60670471191406,86.87966918945312,97.78787994384766
2016-05-13,173.08506774902344,87.2099609375,98.73584747314453
2016-05-16,174.7926483154297,86.89537811279297,97.88492584228516
2016-05-17,173.1612548828125,86.77739715576172,98.04916381835938
2016-05-18,173.2119598388672,86.07747650146484,96.65338134765625
2016-05-19,172.6117401123047,86.16395568847656,97.0713882446289
2016-05-20,173.7021942138672,86.21905517578125,97.14596557617188
2016-05-23,173.4655303955078,86.27407836914062,97.36249542236328
2016-05-24,175.71400451660156,86.13249969482422,96.92951965332031
2016-05-25,176.90594482421875,86.0931396484375,96.56381225585938
2016-05-26,176.9565887451172,86.36055755615234,97.06391906738281
2016-05-27,177.7174072265625,86.1954345703125,96.92208099365234
2016-05-31,177.37925720214844,86.29766082763672,97.1534652709961
2016-06-01,177.74278259277344,86.2685546875,97.54763793945312
2016-06-02,178.2837677001953,86.53633117675781,98.25076293945312
2016-06-03,177.751220703125,87.33971405029297,99.64937591552734
2016-06-06,178.6556854248047,87.1113052368164,98.90888214111328
2016-06-07,178.93460083007812,87.23731231689453,99.14826202392578
2016-06-08,179.51800537109375,87.33971405029297,99.67929077148438
2016-06-09,179.2727508544922,87.47359466552734,100.32247161865234
2016-06-10,177.57373046875,87.78073120117188,100.8086929321289
2016-06-13,176.20425415039062,87.95402526855469,101.25746154785156
2016-06-14,175.8577117919922,87.93040466308594,101.18260955810547
2016-06-15,175.6125946044922,88.19822692871094,101.57157897949219
2016-06-16,176.1366424560547,88.29273223876953,102.06520080566406
2016-06-17,175.480712890625,87.99343872070312,101.4294662475586
2016-06-20,176.61080932617188,87.6153335571289,100.34494018554688
2016-06-21,177.1121368408203,87.41847229003906,99.8812255859375
2016-06-22,176.8232879638672,87.59171295166016,100.04579162597656
2016-06-23,179.12594604492188,87.17430114746094,98.90139770507812
2016-06-24,172.69366455078125,88.37937927246094,101.55663299560547
2016-06-27,169.60076904296875,89.14335632324219,104.09215545654297
2016-06-28,172.65969848632812,89.12763977050781,104.30908966064453
2016-06-29,175.5996551513672,88.76529693603516,103.50881958007812
2016-06-30,177.99581909179688,88.96221160888672,103.89026641845703
2016-07-01,178.3696746826172,89.19719696044922,105.33275604248047
2016-07-05,177.0866241455078,89.6862564086914,106.65150451660156
2016-07-06,178.1488037109375,89.7020263671875,106.8238525390625
2016-07-07,178.03829956054688,89.58372497558594,106.81633758544922
2016-07-08,180.68936157226562,89.75723266601562,107.60308074951172
2016-07-11,181.32666015625,89.28404235839844,106.65901184082031
2016-07-12,182.64378356933594,88.75550842285156,104.90555572509766
2016-07-13,182.6181640625,88.98426818847656,106.1419677734375
2016-07-14,183.63787841796875,88.61359405517578,104.59830474853516
2016-07-15,183.39141845703125,88.27445983886719,103.69918823242188
2016-07-18,183.88429260253906,88.25077056884766,103.60173797607422
2016-07-19,183.69737243652344,88.48736572265625,104.18620300292969
2016-07-20,184.46206665039062,88.30597686767578,103.61673736572266
2016-07-21,183.76527404785156,88.50318908691406,103.8265609741211
2016-07-22,184.58950805664062,88.43216705322266,104.00637817382812
2016-07-25,184.0882110595703,88.3612060546875,103.93143463134766
2016-07-26,184.17318725585938,88.41643524169922,104.09630584716797
2016-07-27,183.97775268554688,88.79497528076172,105.39259338378906
2016-07-28,184.19021606445312,88.84235382080078,105.19782257080078
2016-07-29,184.4875030517578,89.18150329589844,106.07447052001953
2016-08-01,184.33460998535156,88.87183380126953,104.92444610595703
2016-08-02,183.15353393554688,88.6585922241211,103.84349060058594
2016-08-03,183.68885803222656,88.70599365234375,103.90351867675781
2016-08-04,183.88429260253906,88.9192123413086,104.68423461914062
2016-08-05,185.38824462890625,88.36634063720703,103.5957260131836
2016-08-08,185.27781677246094,88.3189697265625,103.79088592529297
2016-08-09,185.38824462890625,88.63489532470703,104.81184387207031
2016-08-10,184.92942810058594,88.87183380126953,105.21724700927734
2016-08-11,185.78761291503906,88.44535827636719,104.27887725830078
2016-08-12,185.62619018554688,88.76128387451172,105.15718078613281
2016-08-15,186.16151428222656,88.50064849853516,104.16630554199219
2016-08-16,185.20132446289062,88.3505859375,103.8885269165039
2016-08-17,185.54969787597656,88.49272918701172,104.51155090332031
2016-08-18,185.9660186767578,88.65076446533203,104.67667388916016
2016-08-19,185.69415283203125,88.3505859375,104.12881469726562
2016-08-22,185.6856231689453,88.54804992675781,105.00704956054688
2016-08-23,186.0594940185547,88.54012298583984,105.1196517944336
2016-08-24,185.10781860351562,88.50850677490234,104.87191772460938
2016-08-25,184.98040771484375,88.36634063720703,104.47402954101562
2016-08-26,184.6320343017578,88.02671813964844,103.86600494384766
2016-08-29,185.54122924804688,88.3900146484375,105.25471496582031
2016-08-30,185.23532104492188,88.38212585449219,104.84937286376953
2016-08-31,184.70849609375,88.27947998046875,104.99954986572266
2016-09-01,184.71697998046875,88.41793060302734,105.11531066894531
2016-09-02,185.54969787597656,88.18852996826172,104.25799560546875
2016-09-06,186.11053466796875,88.59979248046875,105.01759338378906
2016-09-07,186.09349060058594,88.64727020263672,104.94237518310547
2016-09-08,185.6686553955078,88.21224975585938,103.62622833251953
2016-09-09,181.2246856689453,87.7930679321289,101.91911315917969
2016-09-12,183.82473754882812,87.87214660644531,101.97174072265625
2016-09-13,181.18223571777344,87.54785919189453,100.81358337402344
2016-09-14,181.1142120361328,87.74561309814453,100.96395874023438
2016-09-15,182.92413330078125,87.76933288574219,100.52782440185547
2016-09-16,182.21701049804688,87.86422729492188,101.34001922607422
2016-09-19,182.25112915039062,87.71395874023438,101.00911712646484
2016-09-20,182.25970458984375,87.84841918945312,101.3625717163086
2016-09-21,184.30931091308594,87.99076080322266,102.18235778808594
2016-09-22,185.47073364257812,88.25180053710938,102.99453735351562
2016-09-23,184.45449829101562,88.29135131835938,102.89677429199219
2016-09-26,182.95999145507812,88.54444885253906,103.55106353759766
2016-09-27,184.09584045410156,88.69471740722656,104.31063842773438
2016-09-28,185.00950622558594,88.6551513671875,104.08504486083984
2016-09-29,183.33575439453125,88.71056365966797,104.34821319580078
2016-09-30,184.7192840576172,88.48905944824219,103.41571044921875
2016-10-03,184.27508544921875,88.28314208984375,103.07442474365234
2016-10-04,183.33575439453125,87.87928771972656,101.86893463134766
2016-10-05,184.1470489501953,87.6812515258789,101.39431762695312
2016-10-06,184.27508544921875,87.49909210205078,100.82918548583984
2016-10-07,183.64317321777344,87.62578582763672,100.89705657958984
2016-10-10,184.59967041015625,87.3961181640625,100.30182647705078
2016-10-11,182.2681884765625,87.37239074707031,100.0758285522461
2016-10-12,182.50733947753906,87.37239074707031,100.17376708984375
2016-10-13,181.90957641601562,87.55452728271484,100.55044555664062
2016-10-14,182.0034637451172,87.2852554321289,99.14158630371094
2016-10-17,181.37161254882812,87.47528076171875,99.7744369506836
2016-10-18,182.50733947753906,87.64956665039062,100.09842681884766
2016-10-19,182.99407958984375,87.68913269042969,100.18131256103516
2016-10-20,182.6525421142578,87.60997772216797,100.28673553466797
2016-10-21,182.7379150390625,87.70501708984375,100.43743896484375
2016-10-24,183.51507568359375,87.58623504638672,100.0005111694336
2016-10-25,182.9002227783203,87.57039642333984,100.2641830444336
2016-10-26,182.53298950195312,87.3802719116211,99.58610534667969
2016-10-27,182.0461883544922,87.07930755615234,98.50116729736328
2016-10-28,181.50819396972656,87.09516906738281,98.28269958496094
2016-10-31,181.51675415039062,87.16645812988281,98.88543701171875
2016-11-01,180.20155334472656,87.16960144042969,98.89299774169922
2016-11-02,179.1169891357422,87.43135070800781,99.32324981689453
2016-11-03,178.29713439941406,87.37581634521484,98.56082916259766
2016-11-04,178.1007537841797,87.6455078125,99.44402313232422
2016-11-07,182.0290985107422,87.28069305419922,98.59859466552734
2016-11-08,182.8489990234375,86.97135925292969,98.19847869873047
2016-11-09,184.78746032714844,85.64684295654297,94.03172302246094
2016-11-10,185.24867248535156,85.13138580322266,92.64279174804688
2016-11-11,184.82168579101562,84.95686340332031,92.12199401855469
2016-11-14,184.96688842773438,84.46514129638672,91.57093048095703
2016-11-15,186.41014099121094,84.46514129638672,92.02383422851562
2016-11-16,186.06002807617188,84.54447937011719,92.85417938232422
2016-11-17,187.01641845703125,84.17172241210938,91.48790740966797
2016-11-18,186.59800720214844,83.7989730834961,91.22371673583984
2016-11-21,188.00709533691406,83.87032318115234,91.45013427734375
2016-11-22,188.37429809570312,83.94963836669922,91.41997528076172
2016-11-23,188.476806640625,83.64828491210938,91.06513977050781
2016-11-25,189.17706298828125,83.57685852050781,91.20103454589844
2016-11-28,188.28890991210938,83.95762634277344,91.87283325195312
2016-11-29,188.65614318847656,84.04480743408203,92.25787353515625
2016-11-30,188.2035369873047,83.48173522949219,90.76317596435547
2016-12-01,187.51177978515625,83.16321563720703,89.8049545288086
2016-12-02,187.60568237304688,83.53650665283203,90.4629898071289
2016-12-05,188.7329559326172,83.50474548339844,90.36461639404297
2016-12-06,189.33078002929688,83.53650665283203,90.2965087890625
2016-12-07,191.80735778808594,83.81452941894531,91.06803894042969
2016-12-08,192.27706909179688,83.49679565429688,89.99397277832031
2016-12-09,193.43850708007812,83.06791687011719,88.87455749511719
2016-12-12,193.21649169921875,83.0838394165039,89.04095458984375
2016-12-13,194.50601196289062,83.13147735595703,89.35860443115234
2016-12-14,192.90052795410156,82.44046783447266,88.36018371582031
2016-12-15,193.6947021484375,82.21014404296875,88.80644989013672
2016-12-16,193.31590270996094,82.3133773803711,88.60224914550781
2016-12-19,193.7367706298828,82.69462585449219,89.55531311035156
2016-12-20,194.48411560058594,82.51993560791016,89.10905456542969
2016-12-21,193.94296264648438,82.65493774414062,89.50235748291016
2016-12-22,193.60792541503906,82.61912536621094,89.34233093261719
2016-12-23,193.89141845703125,82.69866180419922,89.52436065673828
2016-12-27,194.3724822998047,82.5793685913086,89.23615264892578
2016-12-28,192.76609802246094,82.88162994384766,89.88832092285156
2016-12-29,192.72314453125,83.13616180419922,90.20689392089844
2016-12-30,192.0187225341797,83.38276672363281,90.3433609008789
2017-01-03,193.4876708984375,83.34298706054688,90.73011016845703
2017-01-04,194.6387939453125,83.43846130371094,91.07896423339844
2017-01-05,194.48411560058594,83.97943878173828,92.50469970703125
2017-01-06,195.17996215820312,83.59761047363281,91.65535736083984
2017-01-09,194.53567504882812,83.9157485961914,92.39093780517578
2017-01-10,194.53567504882812,83.87599182128906,92.33025360107422
2017-01-11,195.08551025390625,83.97142028808594,92.64122009277344
2017-01-12,194.5958251953125,84.0191879272461,92.43646240234375
2017-01-13,195.04251098632812,83.83621215820312,91.99658203125
2017-01-17,194.35533142089844,84.2578125,92.95972442626953
2017-01-18,194.7848358154297,83.66120147705078,91.7690658569336
2017-01-19,194.063232421875,83.34298706054688,91.13967895507812
2017-01-20,194.77622985839844,83.38276672363281,90.95763397216797
2017-01-23,194.2694091796875,83.82029724121094,91.8676986694336
2017-01-24,195.5149688720703,83.50211334228516,91.23822784423828
2017-01-25,197.20724487304688,83.08843231201172,90.0931396484375
2017-01-26,197.00115966796875,83.1998291015625,90.3964614868164
2017-01-27,196.69183349609375,83.30328369140625,90.72254180908203
2017-01-30,195.47207641601562,83.27935028076172,90.44953155517578
2017-01-31,195.45484924316406,83.56575775146484,91.07896423339844
2017-02-01,195.53216552734375,83.40560913085938,90.5158462524414
2017-02-02,195.6610565185547,83.43746948242188,90.47782135009766
2017-02-03,197.00965881347656,83.50120544433594,90.43984985351562
2017-02-06,196.657470703125,83.89956665039062,90.98703002929688
2017-02-07,196.6660919189453,84.05094909667969,91.65583038330078
2017-02-08,196.92376708984375,84.39354705810547,92.90222930908203
2017-02-09,198.092041015625,83.8916244506836,91.83065795898438
2017-02-10,198.87374877929688,83.83585357666016,91.77742004394531
2017-02-13,199.9561309814453,83.70834350585938,91.48860168457031
2017-02-14,200.7550811767578,83.40560913085938,90.8274154663086
2017-02-15,201.80307006835938,83.24628448486328,90.40938568115234
2017-02-16,201.63125610351562,83.5809097290039,90.90345001220703
2017-02-17,201.94911193847656,83.803955078125,91.44300842285156
2017-02-21,203.15174865722656,83.76412963867188,91.283447265625
2017-02-22,202.9713897705078,83.89956665039062,91.4354248046875
2017-02-23,203.10885620117188,84.1226577758789,91.70901489257812
2017-02-24,203.3665008544922,84.51298522949219,92.72740173339844
2017-02-27,203.68435668945312,84.21028900146484,92.18021392822266
2017-02-28,203.13462829589844,84.17042541503906,92.52218627929688
2017-03-01,205.9779510498047,83.58405303955078,90.97187042236328
2017-03-02,204.68084716796875,83.34474182128906,90.64447784423828
2017-03-03,204.80966186523438,83.42451477050781,90.88052368164062
2017-03-06,204.19973754882812,83.4085464477539,90.44650268554688
2017-03-07,203.58982849121094,83.28890228271484,90.17236328125
2017-03-08,203.2118682861328,83.0096664428711,89.6850357055664
2017-03-09,203.4696044921875,82.7782974243164,88.96923828125
2017-03-10,204.18252563476562,82.95384216308594,89.28143310546875
2017-03-13,204.28562927246094,82.74639892578125,88.71795654296875
2017-03-14,203.5040283203125,82.83415222167969,89.14437103271484
2017-03-15,205.26495361328125,83.56012725830078,90.23326110839844
2017-03-16,204.8612518310547,83.32878112792969,89.7763671875
2017-03-17,204.50143432617188,83.5521469116211,90.33985900878906
2017-03-20,204.2771453857422,83.75161743164062,90.72822570800781
2017-03-21,201.65431213378906,84.03083801269531,91.4820327758789
2017-03-22,202.12884521484375,84.1904067993164,91.84756469726562
2017-03-23,201.91314697265625,84.10260772705078,91.71810150146484
2017-03-24,201.7664794921875,84.1505126953125,92.0455322265625
2017-03-27,201.55941772460938,84.35792541503906,92.46431732177734
2017-03-28,203.02609252929688,84.07070922851562,91.84756469726562
2017-03-29,203.21592712402344,84.31005096435547,92.39581298828125
2017-03-30,203.8629608154297,84.07070922851562,91.64956665039062
2017-03-31,203.38848876953125,84.23823547363281,91.91606140136719
2017-04-03,203.03472900390625,84.6529312133789,92.84320831298828
2017-04-04,203.16416931152344,84.53306579589844,92.33958435058594
2017-04-05,202.5602264404297,84.69287109375,92.62194061279297
2017-04-06,203.12962341308594,84.63694763183594,92.4845962524414
2017-04-07,202.92257690429688,84.38128662109375,92.11067199707031
2017-04-10,203.04335021972656,84.53306579589844,92.53797912597656
2017-04-11,202.80174255371094,84.9245834350586,93.4155502319336
2017-04-12,201.91314697265625,85.1882553100586,93.92680358886719
2017-04-13,200.60177612304688,85.44393157958984,94.21674346923828
2017-04-17,202.37901306152344,85.30807495117188,93.92680358886719
2017-04-18,201.77508544921875,85.79547119140625,95.15535736083984
2017-04-19,201.4041290283203,85.5718002319336,94.63646697998047
2017-04-20,203.04335021972656,85.3800048828125,94.27020263671875
2017-04-21,202.39630126953125,85.41996765136719,94.27020263671875
2017-04-24,204.62220764160156,85.24415588378906,93.80470275878906
2017-04-25,205.8128662109375,84.80474853515625,92.67537689208984
2017-04-26,205.68345642089844,85.0284652709961,93.18660736083984
2017-04-27,205.85597229003906,85.0843734741211,93.15608978271484
2017-04-28,205.40731811523438,85.17224884033203,93.36211395263672
2017-05-01,205.9250030517578,84.98822021484375,92.5859375
2017-05-02,206.00267028808594,85.16425323486328,93.06005096435547
2017-05-03,205.75245666503906,84.98822021484375,93.12126922607422
2017-05-04,205.9940643310547,84.79621124267578,92.6624526977539
2017-05-05,206.80499267578125,84.8121566772461,92.74658966064453
2017-05-08,206.7705078125,84.60413360595703,92.24188995361328
2017-05-09,206.58071899414062,84.50814819335938,92.23423767089844
2017-05-10,206.95166015625,84.47614288330078,92.12718963623047
2017-05-11,206.52896118164062,84.54012298583984,92.12718963623047
2017-05-12,206.18380737304688,84.97221374511719,92.82301330566406
2017-05-15,207.3226318359375,84.91624450683594,92.57064056396484
2017-05-16,207.1328582763672,85.02825927734375,92.91480255126953
2017-05-17,203.45748901367188,85.70838165283203,94.26826477050781
2017-05-18,204.2771453857422,85.68438720703125,94.37530517578125
2017-05-19,205.60572814941406,85.6603775024414,94.59706115722656
2017-05-22,206.6497344970703,85.56439971923828,94.3370590209961
2017-05-23,207.1069793701172,85.34033203125,93.70238494873047
2017-05-24,207.59017944335938,85.51638793945312,94.23001098632812
2017-05-25,208.58233642578125,85.56439971923828,94.2606430053711
2017-05-26,208.53921508789062,85.6203842163086,94.4211654663086
2017-05-30,208.3580322265625,85.83642578125,94.88761901855469
2017-05-31,208.3061981201172,85.8764419555664,95.12467956542969
2017-06-01,209.96275329589844,85.83161163330078,95.13462829589844
2017-06-02,210.6615753173828,86.20823669433594,96.26107788085938
2017-06-05,210.50631713867188,86.06396484375,95.66337585449219
2017-06-06,209.83331298828125,86.33641815185547,96.1844711303711
2017-06-07,210.22157287597656,86.17618560791016,95.7247085571289
2017-06-08,210.3250732421875,86.03992462158203,95.47181701660156
2017-06-09,210.00588989257812,85.95979309082031,95.32622528076172
2017-06-12,209.96275329589844,85.9437255859375,95.29557037353516
2017-06-13,210.9894561767578,85.9758071899414,95.3109130859375
2017-06-14,210.72198486328125,86.42466735839844,96.78217315673828
2017-06-15,210.31646728515625,86.27234649658203,96.62889099121094
2017-06-16,210.36244201660156,86.32042694091797,96.82049560546875
2017-06-19,212.11376953125,86.08000183105469,96.68254852294922
2017-06-20,210.6831817626953,86.29637908935547,97.54843139648438
2017-06-21,210.63119506835938,86.28836059570312,97.74769592285156
2017-06-22,210.53585815429688,86.36853790283203,97.96220397949219
2017-06-23,210.7872314453125,86.39253234863281,97.9162826538086
2017-06-26,210.92596435546875,86.46467590332031,98.28406524658203
2017-06-27,209.22665405273438,86.03992462158203,97.23426055908203
2017-06-28,211.09942626953125,85.95979309082031,96.91242218017578
2017-06-29,209.2440643310547,85.63920593261719,96.10015106201172
2017-06-30,209.63418579101562,85.43885040283203,95.87791442871094
2017-07-03,209.9896240234375,85.12503814697266,95.56927490234375
2017-07-05,210.47518920898438,85.18923950195312,95.59229278564453
2017-07-06,208.55050659179688,85.02874755859375,94.80140686035156
2017-07-07,209.90293884277344,84.89229583740234,94.23320770263672
2017-07-10,210.1283721923828,85.00465393066406,94.37134552001953
2017-07-11,209.9723358154297,85.11698913574219,94.53260803222656
2017-07-12,211.55020141601562,85.36576843261719,95.1853256225586
2017-07-13,211.9056396484375,85.27754211425781,94.58638000488281
2017-07-14,212.89401245117188,85.39793395996094,94.70156860351562
2017-07-17,212.86798095703125,85.5022964477539,94.96265411376953
2017-07-18,212.9806671142578,85.81529235839844,95.79195404052734
2017-07-19,214.13375854492188,85.81529235839844,95.8303451538086
2017-07-20,214.22918701171875,85.83937072753906,96.10672760009766
2017-07-21,214.0384521484375,85.99188232421875,96.51375579833984
2017-07-24,213.98635864257812,85.93568420410156,96.13749694824219
2017-07-25,214.506591796875,85.45414733886719,94.88587188720703
2017-07-26,214.51519775390625,85.72703552246094,95.03943634033203
2017-07-27,214.3158416748047,85.59058380126953,94.571044921875
2017-07-28,214.0644073486328,85.73501586914062,95.13155364990234
2017-07-31,213.94305419921875,85.75911712646484,95.24673461914062
2017-08-01,214.41993713378906,85.97213745117188,95.91549682617188
2017-08-02,214.52392578125,85.89175415039062,95.96934509277344
2017-08-03,214.1077423095703,86.18914794921875,96.9620590209961
2017-08-04,214.49790954589844,85.9560546875,96.13864135742188
2017-08-07,214.89666748046875,86.00430297851562,96.24638366699219
2017-08-08,214.36785888671875,85.93192291259766,95.90008544921875
2017-08-09,214.35916137695312,86.03645324707031,96.42333984375
2017-08-10,211.3334503173828,86.35794830322266,97.24678039550781
2017-08-11,211.6455535888672,86.45447540283203,97.29297637939453
2017-08-14,213.74363708496094,86.24545288085938,96.79276275634766
2017-08-15,213.71763610839844,85.98822021484375,96.38489532470703
2017-08-16,214.0904083251953,86.14899444580078,96.7388687133789
2017-08-17,210.75257873535156,86.45447540283203,97.46223449707031
2017-08-18,210.4231414794922,86.47050476074219,97.43920135498047
2017-08-21,210.58787536621094,86.52676391601562,97.67774963378906
2017-08-22,212.7899627685547,86.35794830322266,97.30066680908203
2017-08-23,212.0270233154297,86.6554183959961,97.9624252319336
2017-08-24,211.53286743164062,86.51873779296875,97.60076904296875
2017-08-25,212.0270233154297,86.66344451904297,97.97784423828125
2017-08-28,212.03570556640625,86.74384307861328,97.9162826538086
2017-08-29,212.27850341796875,86.9448013305664,98.2318115234375
2017-08-30,213.28411865234375,86.8724365234375,98.20104217529297
2017-08-31,214.56729125976562,87.00914764404297,98.4934310913086
2017-09-01,214.87071228027344,86.75311279296875,97.74005889892578
2017-09-05,213.3275146484375,87.35691833496094,99.29002380371094
2017-09-06,214.05575561523438,87.14756774902344,98.68085479736328
2017-09-07,214.0297393798828,87.5259780883789,99.6910171508789
2017-09-08,213.7783203125,87.46155548095703,99.4751205444336
2017-09-11,216.05848693847656,86.96244049072266,98.28755950927734
2017-09-12,216.78668212890625,86.75311279296875,97.77088928222656
2017-09-13,216.89077758789062,86.57601928710938,97.38534545898438
2017-09-14,216.8214111328125,86.59210968017578,97.78632354736328
2017-09-15,217.11326599121094,86.69677734375,97.82484436035156
2017-09-18,217.5750274658203,86.35861206054688,97.2619400024414
2017-09-19,217.7928924560547,86.26202392578125,97.02288818359375
2017-09-20,217.87127685546875,86.09296417236328,97.09228515625
2017-09-21,217.2875213623047,85.9802474975586,97.03832244873047
2017-09-22,217.33102416992188,86.13320922851562,97.31595611572266
2017-09-25,216.88677978515625,86.39083099365234,97.92510986328125
2017-09-26,217.0174560546875,86.31834411621094,97.74774169921875
2017-09-27,217.86253356933594,85.87559509277344,96.2748794555664
2017-09-28,218.12399291992188,85.85948181152344,95.98961639404297
2017-09-29,218.8906707763672,85.75482940673828,96.20552825927734
2017-10-02,219.84039306640625,85.65726470947266,96.02935028076172
2017-10-03,220.31085205078125,85.77825164794922,96.1220932006836
2017-10-04,220.57223510742188,85.75399017333984,96.12981414794922
2017-10-05,221.87916564941406,85.66533660888672,95.7666015625
2017-10-06,221.62648010253906,85.56053924560547,95.4961929321289
2017-10-09,221.26052856445312,85.65726470947266,95.79755401611328
2017-10-10,221.84429931640625,85.6895523071289,95.95207214355469
2017-10-11,222.19281005859375,85.7862548828125,96.1374740600586
2017-10-12,221.8617401123047,85.86688995361328,96.54702758789062
2017-10-13,222.1318359375,86.15715789794922,97.24248504638672
2017-10-16,222.4280548095703,86.0120620727539,97.17293548583984
2017-10-17,222.58486938476562,85.97982025146484,97.29654693603516
2017-10-18,222.80267333984375,85.76204681396484,96.65521240234375
2017-10-19,222.86366271972656,85.85079956054688,96.82521057128906
2017-10-20,224.0137939453125,85.49600982666016,95.79755401611328
2017-10-23,223.1424560546875,85.57666015625,95.96752166748047
2017-10-24,223.5345916748047,85.31867218017578,95.37256622314453
2017-10-25,222.4280548095703,85.18154907226562,94.91666412353516
2017-10-26,222.715576171875,85.06869506835938,94.59988403320312
2017-10-27,224.53651428222656,85.34282684326172,95.22575378417969
2017-10-30,223.7001495361328,85.64920806884766,96.1374740600586
2017-10-31,224.04859924316406,85.5927505493164,96.16844940185547
2017-11-01,224.34487915039062,85.64443969726562,96.59661102294922
2017-11-02,224.4320068359375,85.75749969482422,97.02247619628906
2017-11-03,225.18124389648438,85.8947525024414,97.28570556640625
2017-11-06,225.52984619140625,85.99979400634766,97.64972686767578
2017-11-07,225.3729705810547,86.03205108642578,98.06009674072266
2017-11-08,225.75633239746094,85.9271011352539,97.84331512451172
2017-11-09,224.9373779296875,85.8947525024414,97.56450653076172
2017-11-10,224.86764526367188,85.45870971679688,96.09332275390625
2017-11-13,225.07669067382812,85.41836547851562,96.2946548461914
2017-11-14,224.55398559570312,85.53949737548828,96.9450912475586
2017-11-15,223.43008422851562,85.84628295898438,97.99813842773438
2017-11-16,225.3294219970703,85.62831115722656,97.14640045166016
2017-11-17,224.667236328125,85.7413558959961,97.86650085449219
2017-11-20,225.05059814453125,85.60406494140625,97.82780456542969
2017-11-21,226.52304077148438,85.62024688720703,98.13753509521484
2017-11-22,226.32264709472656,85.8947525024414,98.45503234863281
2017-11-24,226.84544372558594,85.82213592529297,98.1839599609375
2017-11-27,226.73219299316406,85.87860870361328,98.04463195800781
2017-11-28,229.03236389160156,85.8947525024414,98.17623138427734
2017-11-29,228.89291381835938,85.62024688720703,97.20831298828125
2017-11-30,230.8968963623047,85.35372161865234,96.88313293457031
2017-12-01,230.4176788330078,85.66917419433594,98.19053649902344
2017-12-04,230.13885498046875,85.62872314453125,98.23710632324219
2017-12-05,229.3110809326172,85.69341278076172,98.72587585449219
2017-12-06,229.3546905517578,85.871337890625,99.06729888916016
2017-12-07,230.07781982421875,85.71765899658203,98.29139709472656
2017-12-08,231.33245849609375,85.65296936035156,98.29913330078125
2017-12-11,232.0295867919922,85.59638977050781,98.09745025634766
2017-12-12,232.43899536132812,85.52362060546875,98.05862426757812
2017-12-13,232.4128875732422,85.871337890625,98.79572296142578
2017-12-14,231.46315002441406,85.8390121459961,99.21467590332031
2017-12-15,233.3907012939453,85.8228530883789,99.58716583251953
2017-12-18,234.87071228027344,85.62872314453125,98.6793212890625
2017-12-19,233.96864318847656,85.24053192138672,97.39912414550781
2017-12-20,233.8460693359375,84.98979949951172,96.32059478759766
2017-12-21,234.32769775390625,85.04972839355469,96.88194274902344
2017-12-22,234.26638793945312,85.08214569091797,97.01417541503906
2017-12-26,233.98617553710938,85.1146011352539,97.30191040039062
2017-12-27,234.09996032714844,85.47903442382812,98.56922149658203
2017-12-28,234.58168029785156,85.37377166748047,98.48374938964844
2017-12-29,233.69711303710938,85.51143646240234,98.63922882080078
2018-01-02,235.3697967529297,85.2279281616211,97.57403564453125
2018-01-03,236.8585662841797,85.31706237792969,98.04055786132812
2018-01-04,237.85682678222656,85.27655029296875,98.02498626708984
2018-01-05,239.44198608398438,85.17130279541016,97.74507141113281
2018-01-08,239.87982177734375,85.13075256347656,97.682861328125
2018-01-09,240.42279052734375,84.72576141357422,96.37654876708984
2018-01-10,240.054931640625,84.70145416259766,96.25994110107422
2018-01-11,241.8065185546875,84.75811004638672,96.65650177001953
2018-01-12,243.3827362060547,84.70145416259766,96.81977844238281
2018-01-16,242.55076599121094,84.74197387695312,97.2240982055664
2018-01-17,244.8627166748047,84.55567169189453,97.09193420410156
2018-01-18,244.45120239257812,84.28837585449219,96.18994903564453
2018-01-19,245.56324768066406,84.06963348388672,95.68456268310547
2018-01-22,247.55995178222656,84.0372543334961,95.77787017822266
2018-01-23,248.08546447753906,84.28023529052734,96.18994903564453
2018-01-24,247.98912048339844,84.11827850341797,95.66901397705078
2018-01-25,248.09425354003906,84.30453491210938,96.45431518554688
2018-01-26,250.96661376953125,84.053466796875,96.09666442871094
2018-01-29,249.30271911621094,83.84284973144531,95.42800903320312
2018-01-30,246.74557495117188,83.64844512939453,94.8681640625
2018-01-31,246.8681182861328,83.67276000976562,95.42800903320312
2018-02-01,246.58792114257812,83.24117279052734,94.04496002197266
2018-02-02,241.2196502685547,82.932861328125,93.17231750488281
2018-02-05,231.13131713867188,83.61431121826172,94.05276489257812
2018-02-06,235.6851348876953,83.24927520751953,93.46836853027344
2018-02-07,234.4065704345703,83.00584411621094,92.58012390136719
2018-02-08,225.61422729492188,83.07884216308594,92.47886657714844
2018-02-09,229.0032501220703,82.932861328125,91.89443969726562
2018-02-12,232.3660888671875,82.90850067138672,92.29965209960938
2018-02-13,232.94403076171875,83.04641723632812,92.71261596679688
2018-02-14,236.087890625,82.54341888427734,91.6841049194336
2018-02-15,239.10037231445312,82.5677490234375,91.99577331542969
2018-02-16,239.17044067382812,82.76248931884766,92.49442291259766
2018-02-20,237.67300415039062,82.6732177734375,92.08924865722656
2018-02-21,236.49075317382812,82.4298324584961,90.9594497680664
2018-02-22,236.79727172851562,82.54341888427734,91.2322006225586
2018-02-23,240.5717010498047,82.85980224609375,92.04251098632812
2018-02-26,243.3651885986328,82.9571762084961,92.07367706298828
2018-02-27,240.3264617919922,82.69758605957031,91.94123077392578
2018-02-28,237.89198303222656,82.89225006103516,92.52559661865234
2018-03-01,234.4328155517578,83.24898529052734,93.15724182128906
2018-03-02,235.64132690429688,82.9402084350586,92.39990234375
2018-03-05,238.36480712890625,82.83457946777344,92.15007019042969
2018-03-06,238.9690399169922,82.82649230957031,92.23597717285156
2018-03-07,238.88157653808594,82.82649230957031,92.13447570800781
2018-03-08,240.03744506835938,82.99706268310547,92.66537475585938
2018-03-09,244.2146453857422,82.81836700439453,92.05642700195312
2018-03-12,243.90817260742188,83.0133285522461,92.58724212646484
2018-03-13,242.3319091796875,83.1515121459961,93.05573272705078
2018-03-14,241.0883331298828,83.31404113769531,93.87548065185547
2018-03-15,240.8256072998047,83.28147888183594,93.87548065185547
2018-03-16,241.0867919921875,83.18402099609375,93.5397720336914
2018-03-19,237.82481384277344,83.10271453857422,93.24307250976562
2018-03-20,238.229248046875,82.9402084350586,92.86835479736328
2018-03-21,237.7720947265625,82.99706268310547,92.96983337402344
2018-03-22,231.8284149169922,83.33837127685547,93.89112091064453
2018-03-23,226.88711547851562,83.45210266113281,93.82085418701172
2018-03-26,233.0945281982422,83.22457885742188,93.46168518066406
2018-03-27,229.12916564941406,83.6958999633789,94.46105194091797
2018-03-28,228.45211791992188,83.67964172363281,94.71082305908203
2018-03-29,231.3711395263672,83.85031127929688,95.17149353027344
2018-04-02,226.37713623046875,83.93576049804688,95.3592758178711
2018-04-03,229.27859497070312,83.66714477539062,94.6238021850586
2018-04-04,231.73167419433594,83.61833190917969,94.42822265625
2018-04-05,233.56053161621094,83.40666961669922,93.72406768798828
2018-04-06,228.3553466796875,83.77296447753906,94.74900817871094
2018-04-09,229.48085021972656,83.78929901123047,94.90548706054688
2018-04-10,233.12965393066406,83.64273834228516,94.73336029052734
2018-04-11,231.90748596191406,83.72417449951172,95.06978607177734
2018-04-12,233.81541442871094,83.42295837402344,94.3734359741211
2018-04-13,233.12965393066406,83.4961929321289,94.5925521850586
2018-04-16,235.04641723632812,83.45556640625,94.6238021850586
2018-04-17,237.56101989746094,83.50435638427734,94.88197326660156
2018-04-18,237.7368621826172,83.17882537841797,94.12309265136719
2018-04-19,236.41810607910156,82.95084381103516,93.3563232421875
2018-04-20,234.41334533691406,82.67411041259766,92.6834945678711
2018-04-23,234.37820434570312,82.59272766113281,92.70694732666016
2018-04-24,231.2217559814453,82.49505615234375,92.28443908691406
2018-04-25,231.79322814941406,82.31597137451172,91.66635131835938
2018-04-26,234.14959716796875,82.5520248413086,92.30792236328125
2018-04-27,234.36940002441406,82.69037628173828,93.01988220214844
2018-04-30,232.56695556640625,82.7799072265625,93.18418884277344
2018-05-01,232.98019409179688,82.65025329589844,92.84858703613281
2018-05-02,231.41519165039062,82.66657257080078,92.7466049194336
2018-05-03,230.9051513671875,82.87859344482422,93.16224670410156
2018-05-04,233.89454650878906,82.88673400878906,93.30335235595703
2018-05-07,234.68592834472656,82.84598541259766,93.1544189453125
2018-05-08,234.68592834472656,82.70735931396484,93.06815338134766
2018-05-09,236.954345703125,82.51982879638672,92.51141357421875
2018-05-10,239.16998291015625,82.69105529785156,93.25631713867188
2018-05-11,239.8998260498047,82.69920349121094,93.49160766601562
2018-05-14,240.01414489746094,82.51982879638672,92.9975814819336
2018-05-15,238.3611602783203,82.06314086914062,91.9389877319336
2018-05-16,239.3634490966797,81.89189147949219,91.58614349365234
2018-05-17,239.16127014160156,81.84292602539062,91.12349700927734
2018-05-18,238.5633544921875,82.16096496582031,91.9076156616211
2018-05-21,240.3570098876953,82.2180404663086,91.95469665527344
2018-05-22,239.68875122070312,82.18540954589844,91.81354522705078
2018-05-23,240.3482208251953,82.56055450439453,92.48004913330078
2018-05-24,239.85580444335938,82.77262115478516,93.21712493896484
2018-05-25,239.2843475341797,83.09883880615234,93.79739379882812
2018-05-29,236.53231811523438,83.9958267211914,95.85181427001953
2018-05-30,239.68875122070312,83.63699340820312,95.20881652832031
2018-05-31,238.220458984375,83.59625244140625,95.05201721191406
2018-06-01,240.5592498779297,83.28739166259766,94.54978942871094
2018-06-04,241.70225524902344,82.99320983886719,93.8659896850586
2018-06-05,241.87811279296875,83.20561218261719,94.08605194091797
2018-06-06,243.90036010742188,82.87065124511719,93.32368469238281
2018-06-07,243.87393188476562,83.22200775146484,94.22753143310547
2018-06-08,244.59483337402344,83.10761260986328,93.94456481933594
2018-06-11,244.92025756835938,83.02587890625,93.77168273925781
2018-06-12,245.2367401123047,82.97686767578125,93.7952651977539
2018-06-13,244.4542236328125,82.87882232666016,93.74809265136719
2018-06-14,245.0697021484375,83.14031219482422,94.52621459960938
2018-06-15,244.7570037841797,83.20561218261719,94.6126708984375
2018-06-18,244.25360107421875,83.24651336669922,94.52621459960938
2018-06-19,243.31748962402344,83.46717071533203,95.07637023925781
2018-06-20,243.7325897216797,83.19754028320312,94.2432632446289
2018-06-21,242.20457458496094,83.4181137084961,94.73837280273438
2018-06-22,242.6461944580078,83.43447875976562,94.7305679321289
2018-06-25,239.34312438964844,83.54886627197266,94.94277954101562
2018-06-26,239.87303161621094,83.58970642089844,95.07637023925781
2018-06-27,237.88587951660156,83.90837097167969,95.97234344482422
2018-06-28,239.2460174560547,83.8266372680664,95.99590301513672
2018-06-29,239.59042358398438,83.76130676269531,95.66581726074219
2018-07-02,240.10263061523438,83.70401763916016,95.59099578857422
2018-07-03,239.2548370361328,83.91683959960938,96.10298156738281
2018-07-05,241.2065887451172,83.9250259399414,96.37870788574219
2018-07-06,243.24681091308594,83.99871826171875,96.69378662109375
2018-07-09,245.43710327148438,83.78583526611328,96.07147979736328
2018-07-10,246.32032775878906,83.72036743164062,96.0635986328125
2018-07-11,244.5185546875,83.89230346679688,96.4338607788086
2018-07-12,246.73536682128906,83.85954284667969,96.42597198486328
2018-07-13,246.92977905273438,83.99871826171875,96.670166015625
2018-07-16,246.70887756347656,83.85954284667969,96.26844024658203
2018-07-17,247.7068634033203,83.8104019165039,96.0872573852539
2018-07-18,248.2279815673828,83.74490356445312,95.70125579833984
2018-07-19,247.29185485839844,83.97411346435547,96.30783081054688
2018-07-20,247.0092010498047,83.6794662475586,95.12622833251953
2018-07-23,247.46844482421875,83.27011108398438,93.9525146484375
2018-07-24,248.7136993408203,83.32742309570312,94.27548217773438
2018-07-25,250.83338928222656,83.27011108398438,94.12581634521484
2018-07-26,250.2416229248047,83.18004608154297,93.9446029663086
2018-07-27,248.5460205078125,83.31107330322266,94.10218048095703
2018-07-30,247.24766540527344,83.20465087890625,93.77920532226562
2018-07-31,248.46641540527344,83.31927490234375,94.29125213623047
2018-08-01,248.0513153076172,83.12239074707031,93.52305603027344
2018-08-02,249.40260314941406,83.22080993652344,93.65727233886719
2018-08-03,250.47129821777344,83.43411254882812,94.123046875
2018-08-06,251.38970947265625,83.47509002685547,94.17832946777344
2018-08-07,252.22000122070312,83.30284118652344,93.68889617919922
2018-08-08,252.11399841308594,83.37665557861328,93.78361511230469
2018-08-09,251.76953125,83.60629272460938,94.57306671142578
2018-08-10,250.08265686035156,83.96724700927734,95.25996398925781
2018-08-13,249.146484375,83.9426498413086,95.06259155273438
2018-08-14,250.73614501953125,83.8606185913086,94.84943389892578
2018-08-15,248.8638458251953,84.06562805175781,95.40208435058594
2018-08-16,250.8775634765625,84.04102325439453,95.39413452148438
2018-08-17,251.76072692871094,84.07386779785156,95.5125732421875
2018-08-20,252.29954528808594,84.33634185791016,96.15204620361328
2018-08-21,252.8911895751953,84.22148895263672,95.82838439941406
2018-08-22,252.7411651611328,84.37737274169922,96.2072982788086
2018-08-23,252.4054718017578,84.3691635131836,96.35733795166016
2018-08-24,253.9245147705078,84.39373016357422,96.54684448242188
2018-08-27,255.92933654785156,84.20510864257812,95.99417114257812
2018-08-28,256.0529479980469,84.01644897460938,95.4178237915039
2018-08-29,257.4306945800781,83.9917984008789,95.54417419433594
2018-08-30,256.3885498046875,84.14767456054688,95.74942779541016
2018-08-31,256.39739990234375,84.16413879394531,95.52835845947266
2018-09-04,255.95578002929688,83.97176361083984,94.97606658935547
2018-09-05,255.26699829101562,83.96353912353516,94.72288513183594
2018-09-06,254.4985809326172,84.13613891601562,95.07102966308594
2018-09-07,254.0039825439453,83.75807189941406,94.263916015625
2018-09-10,254.44561767578125,83.80735778808594,94.61206817626953
2018-09-11,255.28465270996094,83.50331115722656,93.89200592041016
2018-09-12,255.34645080566406,83.60193634033203,94.11359405517578
2018-09-13,256.85675048828125,83.59368896484375,94.25601196289062
2018-09-14,256.90081787109375,83.43753051757812,93.80496215820312
2018-09-17,255.54074096679688,83.45401763916016,93.80496215820312
2018-09-18,256.9273376464844,83.10879516601562,92.82377624511719
2018-09-19,257.2011413574219,82.96903991699219,92.26988983154297
2018-09-20,259.28546142578125,82.97731018066406,92.69718170166016
2018-09-21,259.0485534667969,83.0101318359375,92.65763854980469
2018-09-24,258.1880187988281,82.91973876953125,92.42025756835938
2018-09-25,257.9485168457031,82.83756256103516,92.32527160644531
2018-09-26,257.17657470703125,83.10879516601562,92.97415161132812
2018-09-27,257.8951721191406,83.10879516601562,93.03742980957031
2018-09-28,257.921875,83.14984130859375,92.79215240478516
2018-10-01,258.8179016113281,82.93904113769531,92.11092376708984
2018-10-02,258.66705322265625,83.15316772460938,92.6739730834961
2018-10-03,258.8089599609375,82.53553009033203,91.06411743164062
2018-10-04,256.78619384765625,82.32140350341797,90.4217758178711
2018-10-05,255.34906005859375,82.12377166748047,89.64459228515625
2018-10-08,255.34906005859375,82.15667724609375,89.34326171875
2018-10-09,254.97637939453125,82.31317138671875,90.24730682373047
2018-10-10,246.90301513671875,82.35436248779297,90.00144958496094
2018-10-11,241.464599609375,82.69200134277344,91.09585571289062
2018-10-12,244.81814575195312,82.59318542480469,90.77864837646484
2018-10-15,243.44297790527344,82.64258575439453,90.73894500732422
2018-10-16,248.76612854003906,82.63436126708984,90.9451904296875
2018-10-17,248.81048583984375,82.39554595947266,90.40587615966797
2018-10-18,245.21742248535156,82.54374694824219,90.37419891357422
2018-10-19,245.0843048095703,82.44491577148438,90.1759262084961
2018-10-22,243.984130859375,82.46139526367188,90.05695343017578
2018-10-23,242.74208068847656,82.67555236816406,90.34243774414062
2018-10-24,235.38743591308594,83.12028503417969,91.02448272705078
2018-10-25,239.61038208007812,82.922607421875,90.64385986328125
2018-10-26,235.396240234375,83.29320526123047,91.1910400390625
2018-10-29,234.0920867919922,83.28496551513672,90.9848403930664
2018-10-30,237.56101989746094,83.103759765625,90.5328598022461
2018-10-31,240.098388671875,82.89788055419922,90.07283020019531
2018-11-01,242.6534423828125,82.96886444091797,90.15629577636719
2018-11-02,241.21617126464844,82.5066909790039,89.03545379638672
2018-11-05,242.54702758789062,82.55620574951172,89.38520812988281
2018-11-06,244.081787109375,82.46543884277344,89.32954406738281
2018-11-07,249.3072967529297,82.46543884277344,89.44878387451172
2018-11-08,248.8548583984375,82.34989166259766,89.44086456298828
2018-11-09,246.42391967773438,82.6717758178711,90.10860443115234
2018-11-12,241.819580078125,82.91932678222656,90.69686889648438
2018-11-13,241.3670196533203,82.98538970947266,90.6412124633789
2018-11-14,239.7169189453125,83.1586685180664,90.69686889648438
2018-11-15,242.21868896484375,83.21642303466797,90.65714263916016
2018-11-16,242.84866333007812,83.47232055664062,91.18179321289062
2018-11-19,238.74085998535156,83.5960922241211,91.43621063232422
2018-11-20,234.32273864746094,83.57960510253906,91.46794891357422
2018-11-21,235.12120056152344,83.56304931640625,91.43621063232422
2018-11-23,233.5509033203125,83.61263275146484,91.53160095214844
2018-11-26,237.3214111328125,83.54658508300781,91.32489776611328
2018-11-27,238.11996459960938,83.62911224365234,91.42822265625
2018-11-28,243.60272216796875,83.62089538574219,90.98310852050781
2018-11-29,243.07044982910156,83.83545684814453,91.34080505371094
2018-11-30,244.55198669433594,84.00052642822266,91.6826400756836
2018-12-03,247.7901153564453,84.18408203125,92.33363342285156
2018-12-04,239.76121520996094,84.57280731201172,93.87946319580078
2018-12-06,239.39749145507812,84.7878646850586,94.17427062988281
2018-12-07,233.8348388671875,85.03594970703125,94.34953308105469
2018-12-10,234.2783966064453,85.0855941772461,94.73995208740234
2018-12-11,234.33169555664062,84.87057495117188,94.7240219116211
2018-12-12,235.51162719726562,84.63897705078125,94.30170440673828
2018-12-13,235.43177795410156,84.68861389160156,94.07862091064453
2018-12-14,231.08457946777344,84.82090759277344,94.40534210205078
2018-12-17,226.55104064941406,85.06902313232422,94.9551010131836
2018-12-18,226.30267333984375,85.27872467041016,95.52372741699219
2018-12-19,222.91360473632812,85.57706451416016,96.78571319580078
2018-12-20,219.28506469726562,85.46931457519531,96.43428802490234
2018-12-21,214.79197692871094,85.5439453125,96.41832733154297
2018-12-24,209.11654663085938,85.75936889648438,96.89757537841797
2018-12-26,219.68212890625,85.353271484375,95.85924530029297
2018-12-27,221.3686981201172,85.56875610351562,95.87519836425781
2018-12-28,221.08314514160156,86.03286743164062,96.681884765625
2018-12-31,223.01959228515625,86.3560791015625,97.04930114746094
2019-01-02,223.2515869140625,86.5384292602539,97.56048583984375
2019-01-03,217.92416381835938,87.2262954711914,98.67064666748047
2019-01-04,225.22373962402344,86.5218505859375,97.52851104736328
2019-01-07,226.99948120117188,86.28150177001953,97.2409439086914
2019-01-08,229.1322479248047,86.06600189208984,96.98535919189453
2019-01-09,230.20309448242188,86.11575317382812,96.8336410522461
2019-01-10,231.01513671875,86.0743179321289,96.21062469482422
2019-01-11,231.10435485839844,86.33122253417969,96.58606719970703
2019-01-14,229.69444274902344,86.28150177001953,96.22659301757812
2019-01-15,232.32693481445312,86.19868469238281,95.87519836425781
2019-01-16,232.88916015625,86.14891815185547,95.9710464477539
2019-01-17,234.6559600830078,85.99148559570312,95.99498748779297
2019-01-18,237.779296875,85.7179183959961,95.49183654785156
2019-01-22,234.5667266845703,86.01632690429688,96.13877868652344
2019-01-23,235.05760192871094,85.9748764038086,96.09884643554688
2019-01-24,235.18247985839844,86.24835205078125,96.72982788085938
2019-01-25,237.1724395751953,86.04948425292969,96.26656341552734
2019-01-28,235.36988830566406,86.0743179321289,96.17070770263672
2019-01-29,235.05760192871094,86.32292938232422,96.6579360961914
2019-01-30,238.7787322998047,86.5218505859375,96.58606719970703
2019-01-31,240.87582397460938,86.91964721679688,97.41670227050781
2019-02-01,240.99179077148438,86.45453643798828,96.82830810546875
2019-02-04,242.6872100830078,86.2635269165039,96.39604187011719
2019-02-05,243.70458984375,86.41304779052734,96.83631896972656
2019-02-06,243.38333129882812,86.4794921875,96.88431549072266
2019-02-07,241.06314086914062,86.76185607910156,97.5247573852539
2019-02-08,241.35765075683594,86.87812042236328,97.94100952148438
2019-02-11,241.49143981933594,86.7452392578125,97.55677795410156
2019-02-12,244.59693908691406,86.62896728515625,97.30860137939453
2019-02-13,245.3910369873047,86.41304779052734,96.94037628173828
2019-02-14,244.84681701660156,86.8199691772461,97.49272155761719
2019-02-15,247.5149383544922,86.73692321777344,97.64482116699219
2019-02-19,247.9432373046875,86.88639068603516,97.89300537109375
2019-02-20,248.4430389404297,86.86983489990234,97.61280822753906
2019-02-21,247.5595703125,86.61235046386719,96.74027252197266
2019-02-22,249.09449768066406,86.86983489990234,97.31660461425781
2019-02-25,249.43359375,86.73692321777344,97.02848815917969
2019-02-26,249.25506591796875,86.99439239501953,97.50872802734375
2019-02-27,249.14794921875,86.68710327148438,96.40406036376953
2019-02-28,248.6839141845703,86.46286010742188,96.07585144042969
2019-03-01,250.2366485595703,86.17913055419922,95.18785095214844
2019-03-04,249.32647705078125,86.44539642333984,95.93385314941406
2019-03-05,248.9873504638672,86.49533081054688,96.13439178466797
2019-03-06,247.47918701171875,86.73660278320312,96.48738098144531
2019-03-07,245.40904235839844,87.02787780761719,97.11306762695312
2019-03-08,244.91822814941406,87.15267944335938,97.522216796875
2019-03-11,248.46983337402344,87.08610534667969,97.23343658447266
2019-03-12,249.40676879882812,87.3274154663086,97.91522979736328
2019-03-13,251.05763244628906,87.29414367675781,97.73075866699219
2019-03-14,250.89691162109375,87.16930389404297,97.02484130859375
2019-03-15,252.13656616210938,87.44389343261719,97.66658782958984
2019-03-18,253.05072021484375,87.3274154663086,97.61045837402344
2019-03-19,253.11349487304688,87.26911163330078,97.39389038085938
2019-03-20,252.35169982910156,87.87660217285156,98.41261291503906
2019-03-21,255.2019805908203,87.83499145507812,98.62924194335938
2019-03-22,250.2902069091797,88.48400115966797,100.16139221191406
2019-03-25,250.1019744873047,88.70865631103516,100.32183074951172
2019-03-26,251.96620178222656,88.63378143310547,100.24964141845703
2019-03-27,250.6487274169922,88.8917236328125,101.172119140625
2019-03-28,251.5988311767578,88.90005493164062,101.52513122558594
2019-03-29,253.18524169921875,88.75859832763672,101.4288558959961
2019-04-01,256.1877746582031,88.14830017089844,99.98814392089844
2019-04-02,256.31329345703125,88.29832458496094,100.17308044433594
2019-04-03,256.7165832519531,88.02322387695312,99.3048324584961
2019-04-04,257.3978576660156,88.11489868164062,99.58615112304688
2019-04-05,258.6436767578125,88.15658569335938,99.71480560302734
2019-04-08,258.8408508300781,88.01483154296875,99.361083984375
2019-04-09,257.5143127441406,88.17325592041016,99.67462158203125
2019-04-10,258.3927001953125,88.38172149658203,99.91584014892578
2019-04-11,258.3209533691406,88.18159484863281,99.32891845703125
2019-04-12,260.0688171386719,87.77305603027344,98.62142944335938
2019-04-15,259.89849853515625,87.8897705078125,98.87068939208984
2019-04-16,260.0688171386719,87.58960723876953,98.2516098022461
2019-04-17,259.4324035644531,87.60631561279297,98.29181671142578
2019-04-18,259.94329833984375,87.81477355957031,98.80630493164062
2019-04-22,260.1674499511719,87.68968963623047,98.33202362060547
2019-04-23,262.5067138671875,87.84811401367188,98.54104614257812
2019-04-24,261.9241027832031,88.18159484863281,99.34500885009766
2019-04-25,261.76275634765625,88.07322692871094,99.20028686523438
2019-04-26,262.981689453125,88.30667877197266,99.5379409790039
2019-04-29,263.3940124511719,88.12323760986328,98.90280151367188
2019-04-30,263.5284423828125,88.29832458496094,99.40931701660156
2019-05-01,261.5476989746094,88.2582015991211,99.81940460205078
2019-05-02,260.9830322265625,88.00760650634766,99.34404754638672
2019-05-03,263.5375061035156,88.12454223632812,99.62606048583984
2019-05-06,262.4530029296875,88.35012817382812,99.89994049072266
2019-05-07,258.0700378417969,88.6509017944336,100.665283203125
2019-05-08,257.71142578125,88.48381042480469,100.23026275634766
2019-05-09,256.9317321777344,88.71775817871094,100.64115905761719
2019-05-10,258.22235107421875,88.6592788696289,100.50418090820312
2019-05-13,251.73324584960938,89.10205078125,101.29370880126953
2019-05-14,254.00987243652344,89.01850891113281,100.99563598632812
2019-05-15,255.4976348876953,89.30256652832031,101.615966796875
2019-05-16,257.86395263671875,89.12710571289062,101.27758026123047
2019-05-17,256.19683837890625,89.16889953613281,101.50318908691406
2019-05-20,254.5028533935547,89.01850891113281,101.29370880126953
2019-05-21,256.79742431640625,88.91826629638672,101.1325912475586
2019-05-22,256.0085754394531,89.18558502197266,101.71267700195312
2019-05-23,252.88050842285156,89.7286605834961,102.85668182373047
2019-05-24,253.4541015625,89.7035903930664,102.9452896118164
2019-05-28,251.09695434570312,90.09626770019531,103.68651580810547
2019-05-29,249.41175842285156,90.06282043457031,104.00067901611328
2019-05-30,250.0931396484375,90.38868713378906,104.89493560791016
2019-05-31,246.7229461669922,90.9902114868164,106.20817565917969
2019-06-03,246.09555053710938,91.42803955078125,106.91858673095703
2019-06-04,251.43743896484375,91.09317779541016,105.69953918457031
2019-06-05,253.61541748046875,91.09317779541016,105.1021728515625
2019-06-06,255.2646026611328,91.076416015625,105.44123077392578
2019-06-07,257.819091796875,91.43634796142578,106.35346984863281
2019-06-10,259.00213623046875,90.98434448242188,105.3523941040039
2019-06-11,258.93951416015625,90.98434448242188,105.41700744628906
2019-06-12,258.48236083984375,91.21871948242188,105.49774169921875
2019-06-13,259.5489807128906,91.44475555419922,105.8610610961914
2019-06-14,259.2621765136719,91.51171112060547,106.12741088867188
2019-06-17,259.3607177734375,91.49495697021484,106.31307983398438
2019-06-18,262.0765075683594,91.67074584960938,106.84590911865234
2019-06-19,262.66802978515625,91.9218978881836,106.99933624267578
2019-06-20,265.1776428222656,92.07258605957031,107.28182983398438
2019-06-21,264.79217529296875,91.69583892822266,106.10321044921875
2019-06-24,264.4679260253906,92.01394653320312,106.8944091796875
2019-06-25,261.8740539550781,92.15632629394531,107.22537994384766
2019-06-26,261.6128845214844,91.77957916259766,106.53914642333984
2019-06-27,262.5404968261719,92.05584716796875,107.2899398803711
2019-06-28,263.8916320800781,92.09770202636719,107.21726989746094
2019-07-01,266.2872314453125,91.98196411132812,106.9665298461914
2019-07-02,266.9808044433594,92.30899047851562,107.79156494140625
2019-07-03,269.1153869628906,92.48514556884766,108.56002044677734
2019-07-05,268.80902099609375,91.89813995361328,107.12017059326172
2019-07-08,267.33203125,91.80590057373047,107.26582336425781
2019-07-09,267.6653137207031,91.74714660644531,107.225341796875
2019-07-10,268.9441223144531,91.79747009277344,106.63487243652344
2019-07-11,269.5746765136719,91.34467315673828,105.21125030517578
2019-07-12,270.7814636230469,91.4452896118164,105.33255767822266
2019-07-15,270.87158203125,91.63817596435547,105.9392318725586
2019-07-16,269.99798583984375,91.43692779541016,105.62380981445312
2019-07-17,268.1606140136719,91.86455535888672,106.76432037353516
2019-07-18,269.142333984375,92.0909652709961,106.77241516113281
2019-07-19,267.64727783203125,91.92325592041016,106.52164459228516
2019-07-22,268.30474853515625,91.96520233154297,106.723876953125
2019-07-23,270.2231140136719,91.8142318725586,106.14149475097656
2019-07-24,271.49310302734375,91.94844055175781,106.6025161743164
2019-07-25,270.1960754394531,91.78907012939453,106.09294128417969
2019-07-26,272.00640869140625,91.7723159790039,106.34371948242188
2019-07-29,271.51104736328125,91.85615539550781,106.37603759765625
2019-07-30,270.8445739746094,91.89813995361328,106.63487243652344
2019-07-31,267.8813781738281,92.1329116821289,107.49229431152344
2019-08-01,265.5487365722656,93.17791748046875,109.62712860107422
2019-08-02,263.54931640625,93.37117004394531,110.64027404785156
2019-08-05,255.62350463867188,94.17755889892578,112.55303192138672
2019-08-06,259.20806884765625,94.32876586914062,113.4526138305664
2019-08-07,259.36126708984375,94.32876586914062,113.49315643310547
2019-08-08,264.4498291015625,94.33719635009766,113.736328125
2019-08-09,262.6486511230469,94.19438171386719,113.50936889648438
2019-08-12,259.4513244628906,94.79081726074219,115.87602996826172
2019-08-13,263.4862365722656,94.4548110961914,115.47883605957031
2019-08-14,255.6956024169922,95.08484649658203,118.08060455322266
2019-08-15,256.3710632324219,95.68965911865234,119.39353942871094
2019-08-16,260.1539001464844,95.43767547607422,118.4371566772461
2019-08-19,263.2881164550781,94.9840087890625,116.7432861328125
2019-08-20,261.2705993652344,95.40404510498047,117.95088958740234
2019-08-21,263.3962097167969,95.15201568603516,117.16464233398438
2019-08-22,263.3151550292969,94.94200897216797,116.3865966796875
2019-08-23,256.5511779785156,95.58045196533203,118.29940795898438
2019-08-26,259.3883056640625,95.48804473876953,117.82121276855469
2019-08-27,258.3704833984375,95.89966583251953,119.63662719726562
2019-08-28,260.1898498535156,95.93326568603516,119.79069519042969
2019-08-29,263.5133056640625,95.74848175048828,119.33684539794922
2019-08-30,263.3962097167969,95.7736587524414,119.36922454833984
2019-09-03,261.8561096191406,95.98402404785156,119.52349853515625
2019-09-04,264.82818603515625,96.13550567626953,119.70207977294922
2019-09-05,268.2326965332031,95.36134338378906,117.53423309326172
2019-09-06,268.4398193359375,95.42025756835938,118.37055206298828
2019-09-09,268.574951171875,94.83123779296875,116.26769256591797
2019-09-10,268.5119323730469,94.14128112792969,114.2297592163086
2019-09-11,270.4212646484375,94.04869842529297,114.02679443359375
2019-09-12,271.3578796386719,93.83834838867188,113.2798843383789
2019-09-13,271.17779541015625,92.98007202148438,110.8602523803711
2019-09-16,270.3401794433594,93.3839340209961,112.27301025390625
2019-09-17,271.0247802734375,93.62798309326172,112.88194274902344
2019-09-18,271.1867370605469,93.66162872314453,113.36096954345703
2019-09-19,271.16888427734375,93.70370483398438,113.70196533203125
2019-09-20,269.88763427734375,94.24224090576172,115.20405578613281
2019-09-23,269.8243408203125,94.37689208984375,115.1797103881836
2019-09-24,267.7070007324219,94.84807586669922,116.56807708740234
2019-09-25,269.2904357910156,94.22541809082031,114.86305236816406
2019-09-26,268.7294921875,94.42733764648438,115.60192108154297
2019-09-27,267.2817687988281,94.56195068359375,115.88610076904297
2019-09-30,268.52130126953125,94.63770294189453,116.17021179199219
2019-10-01,265.32733154296875,94.89984130859375,116.5199966430664
2019-10-02,260.6404113769531,95.22847747802734,116.80465698242188
2019-10-03,262.77581787109375,95.72569274902344,117.8701400756836
2019-10-04,266.3316650390625,95.91107940673828,118.74042510986328
2019-10-07,265.1825256347656,95.59082794189453,117.75631713867188
2019-10-08,261.0657653808594,95.79310607910156,118.07342529296875
2019-10-09,263.5448303222656,95.54869079589844,117.40654754638672
2019-10-10,265.32733154296875,94.95040130615234,115.65790557861328
2019-10-11,268.0780334472656,94.30148315429688,114.22633361816406
2019-10-14,267.7794189453125,94.56266021728516,115.05597686767578
2019-10-15,270.4304504394531,94.10765075683594,113.66509246826172
2019-10-16,269.9962463378906,94.29299926757812,113.80343627929688
2019-10-17,270.7923889160156,94.25934600830078,113.52690887451172
2019-10-18,269.6070556640625,94.34358978271484,113.52690887451172
2019-10-21,271.4347839355469,93.99810791015625,112.67291259765625
2019-10-22,270.5481872558594,94.21720123291016,113.33168029785156
2019-10-23,271.3353576660156,94.25091552734375,113.44556427001953
2019-10-24,271.778564453125,94.23408508300781,113.21784210205078
2019-10-25,272.8915710449219,94.03179931640625,112.66481018066406
2019-10-28,274.4297790527344,93.67784118652344,111.6399154663086
2019-10-29,274.3482971191406,93.76213836669922,111.71308135986328
2019-10-30,275.1897888183594,94.21720123291016,113.34795379638672
2019-10-31,274.4569091796875,94.8155517578125,114.8770523071289
2019-11-01,276.9994201660156,94.6366195678711,114.52344512939453
2019-11-04,278.1124267578125,94.15553283691406,113.01609802246094
2019-11-05,277.80462646484375,93.64910888671875,111.74507904052734
2019-11-06,277.8680419921875,93.91920471191406,112.42137908935547
2019-11-07,278.8453063964844,93.16808319091797,110.38440704345703
2019-11-08,279.5329895019531,93.04146575927734,109.91999053955078
2019-11-11,278.9991149902344,93.14276123046875,109.99333190917969
2019-11-12,279.5872802734375,93.1849365234375,110.49848937988281
2019-11-13,279.6776428222656,93.43814849853516,111.21546936035156
2019-11-14,280.0848083496094,93.91077423095703,112.36431121826172
2019-11-15,282.1116638183594,93.8348159790039,112.24205780029297
2019-11-18,282.3197937011719,93.99517822265625,112.44578552246094
2019-11-19,282.23834228515625,94.17242431640625,113.38275146484375
2019-11-20,281.1887512207031,94.51842498779297,114.55603790283203
2019-11-21,280.73626708984375,94.2821273803711,113.83902740478516
2019-11-22,281.36065673828125,94.26520538330078,113.9857177734375
2019-11-25,283.541259765625,94.30742645263672,114.31977081298828
2019-11-26,284.18359375,94.48469543457031,114.98783111572266
2019-11-27,285.45037841796875,94.23991394042969,114.65385437011719
2019-11-29,284.3917236328125,94.16400146484375,114.40933990478516
2019-12-02,281.975830078125,93.82588195800781,112.88395690917969
2019-12-03,280.0848083496094,94.66264343261719,115.25081634521484
2019-12-04,281.81304931640625,94.29923248291016,114.10001373291016
2019-12-05,282.3197937011719,94.07942962646484,113.54503631591797
2019-12-06,284.8983154296875,93.79209899902344,112.9166030883789
2019-12-09,284.0027770996094,93.86817169189453,113.1614761352539
2019-12-10,283.6860046386719,93.75823974609375,113.16961669921875
2019-12-11,284.4913330078125,94.14706420898438,114.05918884277344
2019-12-12,286.9432373046875,93.40331268310547,112.18202209472656
2019-12-13,287.1152648925781,93.95267486572266,113.47972106933594
2019-12-16,289.087646484375,93.5131607055664,112.4595718383789
2019-12-17,289.15118408203125,93.52163696289062,112.304443359375
2019-12-18,289.1691589355469,93.2680435180664,111.38219451904297
2019-12-19,290.3544921875,93.34085083007812,111.56036376953125
2019-12-20,291.6273498535156,93.34085083007812,111.70758056640625
2019-12-23,292.0729675292969,93.25617218017578,111.5440444946289
2019-12-24,292.0820617675781,93.4170150756836,111.86287689208984
2019-12-26,293.6368713378906,93.55248260498047,112.13263702392578
2019-12-27,293.5641784667969,93.68789672851562,112.25526428222656
2019-12-30,291.94561767578125,93.62860107421875,111.84652709960938
2019-12-31,292.6549072265625,93.2900390625,110.7510757446289
2020-01-02,295.3917541503906,93.72172546386719,112.00186157226562
2020-01-03,293.1549072265625,94.3480224609375,113.72671508789062
2020-01-06,294.27337646484375,94.24650573730469,113.08089447021484
2020-01-07,293.44598388671875,94.11106872558594,112.52503967285156
2020-01-08,295.0099182128906,93.8909912109375,111.78109741210938
2020-01-09,297.0103454589844,93.95870971679688,112.17347717285156
2020-01-10,296.1555480957031,94.16188049316406,113.17086791992188
2020-01-13,298.1923522949219,94.05182647705078,112.82749938964844
2020-01-14,297.73760986328125,94.238037109375,113.40789794921875
2020-01-15,298.4105224609375,94.47502136230469,114.15991973876953
2020-01-16,300.89276123046875,94.28034973144531,113.80027770996094
2020-01-17,301.82928466796875,94.20417785644531,112.82749938964844
2020-01-21,301.2383728027344,94.57657623291016,114.01282501220703
2020-01-22,301.2747497558594,94.5935287475586,114.41337585449219
2020-01-23,301.6201477050781,94.83055114746094,115.21449279785156
2020-01-24,298.9378662109375,95.16910552978516,116.14640808105469
2020-01-27,294.1460266113281,95.81234741210938,117.95304107666016
2020-01-28,297.22845458984375,95.49068450927734,117.02933502197266
2020-01-29,296.9829406738281,95.9477310180664,118.17375183105469
2020-01-30,297.94671630859375,96.0408706665039,118.19007110595703
2020-01-31,292.5367126464844,96.5232925415039,119.26918029785156
2020-02-03,294.70977783203125,96.44107818603516,119.1725082397461
2020-02-04,299.20159912109375,95.8817367553711,117.56763458251953
2020-02-05,302.65673828125,95.46646118164062,116.28205108642578
2020-02-06,303.6751708984375,95.53424835205078,116.80614471435547
2020-02-07,302.05657958984375,95.99192810058594,118.26361846923828
2020-02-10,304.31170654296875,96.1783447265625,118.59117889404297
2020-02-11,304.8390197753906,95.94953155517578,117.9935073852539
2020-02-12,306.8030700683594,95.7037353515625,117.3956527709961
2020-02-13,306.4757080078125,95.78849029541016,117.84600830078125
2020-02-14,306.9666748046875,96.02580261230469,118.36190795898438
2020-02-18,306.17559814453125,96.1783447265625,119.1725082397461
2020-02-19,307.6395568847656,96.1613998413086,119.16438293457031
2020-02-20,306.3756408691406,96.44107818603516,120.09784698486328
2020-02-21,303.2204895019531,96.8309555053711,121.21959686279297
2020-02-24,293.1640625,97.58527374267578,123.02928161621094
2020-02-25,284.28057861328125,97.85648345947266,123.68428802490234
2020-02-26,283.2349853515625,97.80562591552734,123.02928161621094
2020-02-27,270.5143737792969,98.28024291992188,124.36392211914062
2020-02-28,269.37786865234375,99.38201904296875,127.17253875732422
2020-03-02,281.0435485839844,99.31417083740234,126.23688507080078
2020-03-03,272.9966735839844,100.46817016601562,128.19676208496094
2020-03-04,284.47161865234375,100.24756622314453,126.83544158935547
2020-03-05,275.01519775390625,101.13856506347656,129.9926300048828
2020-03-06,270.4689025878906,102.16532135009766,136.7579803466797
2020-03-09,249.34686279296875,103.08172607421875,140.4644775390625
2020-03-10,262.2491760253906,101.18944549560547,133.26458740234375
2020-03-11,249.4649658203125,100.17967224121094,128.36074829101562
2020-03-12,225.59686279296875,100.2306137084961,129.15615844726562
2020-03-13,244.88223266601562,99.57720947265625,126.23688507080078
2020-03-16,218.0863800048828,102.20772552490234,134.41265869140625
2020-03-17,229.86129760742188,99.64507293701172,125.44964599609375
2020-03-18,218.2227325439453,98.2619857788086,118.37269592285156
2020-03-19,218.6865234375,98.58441162109375,121.59537506103516
2020-03-20,209.26239013671875,101.09611511230469,130.73887634277344
2020-03-23,203.91189575195312,102.29258728027344,136.1265106201172
2020-03-24,222.386962890625,101.59677124023438,133.5926055908203
2020-03-25,225.71617126464844,101.65613555908203,133.28927612304688
2020-03-26,238.89566040039062,101.90222930908203,133.9452362060547
2020-03-27,231.77999877929688,102.657470703125,137.5205841064453
2020-03-30,239.3072052001953,102.89505004882812,136.38888549804688
2020-03-31,235.74026489257812,103.08172607421875,135.2819061279297
2020-04-01,225.13079833984375,103.50139617919922,137.17723083496094
2020-04-02,230.32577514648438,103.51838684082031,138.0477752685547
2020-04-03,226.99661254882812,103.5948715209961,138.37623596191406
2020-04-06,242.2430877685547,103.12759399414062,138.0149383544922
2020-04-07,242.4900360107422,102.6688232421875,136.56956481933594
2020-04-08,250.63006591796875,102.5414047241211,135.57589721679688
2020-04-09,254.44395446777344,102.76229858398438,135.822265625
2020-04-13,252.12088012695312,102.5414047241211,134.58226013183594
2020-04-14,259.5566101074219,102.67732238769531,134.54934692382812
2020-04-15,254.0416259765625,103.5948715209961,138.11343383789062
2020-04-16,255.26708984375,103.70527648925781,139.68199157714844
2020-04-17,262.1632995605469,103.43343353271484,137.8095703125
2020-04-20,257.54449462890625,103.70527648925781,138.91827392578125
2020-04-21,249.72462463378906,103.99415588378906,140.66748046875
2020-04-22,255.26708984375,103.67130279541016,139.23031616210938
2020-04-23,255.24884033203125,103.73929595947266,139.96946716308594
2020-04-24,258.806640625,103.7647476196289,140.29795837402344
2020-04-27,262.5382995605469,103.2125244140625,137.6864013671875
2020-04-28,261.33099365234375,103.66281127929688,139.27142333984375
2020-04-29,268.1722106933594,103.61184692382812,138.54873657226562
2020-04-30,265.6754150390625,103.3654556274414,136.930908203125
2020-05-01,258.64202880859375,103.50836944580078,138.10350036621094
2020-05-04,259.3554382324219,103.525390625,137.4539031982422
2020-05-05,261.751708984375,103.44883728027344,136.57406616210938
2020-05-06,259.9774475097656,103.06610107421875,134.3702850341797
2020-05-07,263.114501953125,103.69544219970703,136.61520385742188
2020-05-08,267.468017578125,103.35525512695312,134.83897399902344
2020-05-11,267.5229187011719,103.06610107421875,133.78652954101562
2020-05-12,262.19073486328125,103.40628051757812,135.15968322753906
2020-05-13,257.5536193847656,103.61893463134766,136.10536193847656
2020-05-14,260.63592529296875,103.78048706054688,137.4374237060547
2020-05-15,261.833984375,103.71246337890625,137.0838623046875
2020-05-18,269.80950927734375,103.07463836669922,134.0742645263672
2020-05-19,267.0381164550781,103.36376190185547,134.5758514404297
2020-05-20,271.5746154785156,103.3892822265625,134.97877502441406
2020-05-21,269.69964599609375,103.45732879638672,135.31590270996094
2020-05-22,270.2118835449219,103.65293884277344,136.12998962402344
2020-05-26,273.54095458984375,103.38075256347656,134.3045196533203
2020-05-27,277.61102294921875,103.46582794189453,134.05783081054688
2020-05-28,277.098876953125,103.37227630615234,133.56446838378906
2020-05-29,278.33355712890625,103.70394134521484,134.5182342529297
2020-06-01,279.45843505859375,103.66307830810547,133.6125946044922
2020-06-02,281.77252197265625,103.49281311035156,133.1268310546875
2020-06-03,285.5223388671875,102.87986755371094,131.35658264160156
2020-06-04,284.77239990234375,102.47126770019531,129.45472717285156
2020-06-05,292.0709533691406,101.96047973632812,128.53253173828125
2020-06-08,295.60137939453125,102.07113647460938,129.02658081054688
2020-06-09,293.397216796875,102.43724060058594,130.4921112060547
2020-06-10,291.760009765625,103.2033920288086,132.4270782470703
2020-06-11,274.9403381347656,103.56944274902344,134.9300079345703
2020-06-12,278.2329406738281,103.339599609375,133.6290740966797
2020-06-15,280.8304138183594,103.25443267822266,133.7032012939453
2020-06-16,286.23583984375,103.04166412353516,131.6530303955078
2020-06-17,285.04681396484375,103.2033920288086,132.19647216796875
2020-06-18,285.1565856933594,103.43324279785156,133.5961151123047
2020-06-19,283.5268859863281,103.46727752685547,133.7032012939453
2020-06-22,285.34576416015625,103.3736343383789,133.71971130371094
2020-06-23,286.6595153808594,103.339599609375,132.8057861328125
2020-06-24,279.3470764160156,103.53539276123047,134.2301483154297
2020-06-25,282.3418884277344,103.55243682861328,134.6171417236328
2020-06-26,275.63580322265625,103.83335876464844,136.05796813964844
2020-06-29,279.6869812011719,103.93549346923828,135.6298065185547
2020-06-30,283.2696838378906,103.74825286865234,134.97113037109375
2020-07-01,285.25390625,103.58631134033203,134.70907592773438
2020-07-02,286.8247375488281,103.71414184570312,134.84913635253906
2020-07-06,291.2525329589844,103.56074523925781,134.29685974121094
2020-07-07,288.2486877441406,103.89305877685547,136.1844940185547
2020-07-08,290.45330810546875,103.73119354248047,135.64044189453125
2020-07-09,288.7997741699219,104.06346130371094,137.80023193359375
2020-07-10,291.7486877441406,103.8589859008789,137.10775756835938
2020-07-13,289.222412109375,103.96975708007812,137.56109619140625
2020-07-14,292.97039794921875,103.96121978759766,137.7589874267578
2020-07-15,295.66217041015625,103.92716217041016,137.1160125732422
2020-07-16,294.6882629394531,104.00382232666016,137.76722717285156
2020-07-17,295.5426025390625,103.978271484375,137.47869873046875
2020-07-20,297.93109130859375,104.04647064208984,137.816650390625
2020-07-21,298.5649719238281,104.15719604492188,137.899169921875
2020-07-22,300.2643737792969,104.19126892089844,138.31124877929688
2020-07-23,296.6817321777344,104.2935791015625,139.92691040039062
2020-07-24,294.7709655761719,104.24240112304688,139.91864013671875
2020-07-27,296.9206237792969,104.08052825927734,139.39939880371094
2020-07-28,295.0373840332031,104.32762145996094,140.3638153076172
2020-07-29,298.6658630371094,104.46393585205078,140.12477111816406
2020-07-30,297.6003112792969,104.60881042480469,141.04795837402344
2020-07-31,299.9519958496094,104.63436126708984,140.95730590820312
2020-08-03,302.0373840332031,104.58318328857422,140.24754333496094
2020-08-04,303.20404052734375,104.9413833618164,141.58447265625
2020-08-05,305.0871887207031,104.59170532226562,140.34661865234375
2020-08-06,307.1265869140625,104.71114349365234,141.13064575195312
2020-08-07,307.3469543457031,104.48939514160156,140.1898193359375
2020-08-10,308.26568603515625,104.3785400390625,139.562744140625
2020-08-11,305.72100830078125,104.0203628540039,137.9039306640625
2020-08-12,309.9835205078125,103.71336364746094,136.64967346191406
2020-08-13,309.42315673828125,103.50019836425781,135.18899536132812
2020-08-14,309.4322509765625,103.55133819580078,134.66079711914062
2020-08-17,310.4152526855469,103.721923828125,134.9991912841797
2020-08-18,311.0858154296875,103.9009780883789,135.96463012695312
2020-08-19,309.7905578613281,103.76454162597656,135.11468505859375
2020-08-20,310.75518798828125,104.06301879882812,136.3360595703125
2020-08-21,311.8575134277344,104.13977813720703,137.1529541015625
2020-08-24,315.0176696777344,103.9947738647461,136.93011474609375
2020-08-25,316.1199951171875,103.74747467041016,135.8821258544922
2020-08-26,319.2894287109375,103.70487213134766,135.3622283935547
2020-08-27,319.98748779296875,103.33816528320312,133.05987548828125
2020-08-28,322.054443359375,103.50871276855469,132.9608612060547
2020-08-31,320.8876953125,103.61954498291016,133.84384155273438
2020-09-01,323.9099426269531,103.95923614501953,135.37472534179688
2020-09-02,328.5950012207031,104.10430908203125,136.66354370117188
2020-09-03,317.2867126464844,104.24085235595703,137.0517578125
2020-09-04,314.69610595703125,103.66055297851562,134.4493865966797
2020-09-08,306.0976257324219,103.88243103027344,135.27557373046875
2020-09-09,312.1422424316406,103.83122253417969,134.9120635986328
2020-09-10,306.72235107421875,103.95923614501953,135.5977325439453
2020-09-11,306.8785400390625,104.1213607788086,135.8868865966797
2020-09-14,310.9205627441406,104.02749633789062,135.878662109375
2020-09-15,312.4913635253906,103.9762954711914,135.54820251464844
2020-09-16,311.25128173828125,103.91656494140625,135.1433563232422
2020-09-17,308.5137023925781,103.95068359375,135.55642700195312
2020-09-18,304.9618225097656,103.85682678222656,135.13510131835938
2020-09-21,301.5677795410156,104.0445556640625,135.82083129882812
2020-09-22,304.63909912109375,104.0445556640625,135.71348571777344
2020-09-23,297.57421875,104.0445556640625,135.8951873779297
2020-09-24,298.3673095703125,104.0957260131836,136.41555786132812
2020-09-25,303.1910400390625,104.18113708496094,136.41555786132812
2020-09-28,308.2268981933594,104.16400146484375,136.02735900878906
2020-09-29,306.5481872558594,104.24085235595703,136.18431091308594
2020-09-30,308.8725280761719,103.95923614501953,134.87899780273438
2020-10-01,310.8554992675781,104.01814270019531,135.10142517089844
2020-10-02,307.9041442871094,103.9156723022461,134.59706115722656
2020-10-05,313.3640441894531,103.25814056396484,131.96710205078125
2020-10-06,308.9093933105469,103.49724578857422,132.67832946777344
2020-10-07,314.2864990234375,103.19835662841797,131.7107391357422
2020-10-08,317.07183837890625,103.38621520996094,132.4219207763672
2020-10-09,319.9032897949219,103.33499908447266,132.3971405029297
2020-10-12,325.0498046875,103.44599151611328,132.81890869140625
2020-10-13,322.9284973144531,103.67657470703125,133.77001953125
2020-10-14,320.8994140625,103.71074676513672,134.07601928710938
2020-10-15,320.5028381347656,103.59973907470703,133.84442138671875
2020-10-16,320.3091125488281,103.53994750976562,133.47230529785156
2020-10-19,315.4393615722656,103.36913299560547,132.9677276611328
2020-10-20,316.7029724121094,103.1471176147461,131.70242309570312
2020-10-21,316.1033630371094,103.010498046875,131.24754333496094
2020-10-22,317.83734130859375,102.65187072753906,129.88299560546875
2020-10-23,318.9164733886719,102.79700469970703,130.6769561767578
2020-10-26,313.02288818359375,103.07028198242188,131.8926239013672
2020-10-27,311.94384765625,103.30083465576172,132.777587890625
2020-10-28,301.2818908691406,103.29229736328125,132.90164184570312
2020-10-29,304.3439025878906,102.85678100585938,131.61148071289062
2020-10-30,301.17120361328125,102.52371215820312,130.31309509277344
2020-11-02,304.546875,102.69974517822266,131.28912353515625
2020-11-03,309.9239501953125,102.46907806396484,130.52748107910156
2020-11-04,316.8504638671875,103.33206176757812,133.3589324951172
2020-11-05,323.0299377441406,103.31501007080078,133.59072875976562
2020-11-06,322.9561462402344,102.96468353271484,131.97634887695312
2020-11-09,327.01434326171875,102.20417022705078,129.2028350830078
2020-11-10,326.5346984863281,101.91361236572266,128.457763671875
2020-11-11,328.9603576660156,102.07599639892578,128.92127990722656
2020-11-12,325.76922607421875,102.65703582763672,131.11524963378906
2020-11-13,330.279296875,102.52032470703125,130.94142150878906
2020-11-16,334.4021301269531,102.44341278076172,130.62684631347656
2020-11-17,332.603515625,102.70832824707031,131.4795684814453
2020-11-18,328.60076904296875,102.67412567138672,131.86038208007812
2020-11-19,329.9841613769531,102.78520965576172,132.53927612304688
2020-11-20,327.7244873046875,102.96468353271484,133.7149200439453
2020-11-23,329.6889953613281,102.75957489013672,133.10223388671875
2020-11-24,335.0015563964844,102.59722900390625,131.77755737304688
2020-11-25,334.48504638671875,102.6314468383789,131.37193298339844
2020-11-27,335.41656494140625,102.93901824951172,132.6469268798828
2020-11-30,333.93170166015625,102.87067413330078,132.48129272460938
2020-12-01,337.58404541015625,102.32344055175781,130.52793884277344
2020-12-02,338.2941589355469,102.15243530273438,129.49208068847656
2020-12-03,338.2019958496094,102.42605590820312,130.53631591796875
2020-12-04,341.11651611328125,102.02418518066406,128.62181091308594
2020-12-07,340.41558837890625,102.34053039550781,129.78207397460938
2020-12-08,341.4115295410156,102.4431381225586,130.3954315185547
2020-12-09,338.3494567871094,102.29777526855469,129.96444702148438
2020-12-10,338.2388916015625,102.5286865234375,131.1164093017578
2020-12-11,337.84228515625,102.73387908935547,131.5805206298828
2020-12-14,336.32958984375,102.67402648925781,131.2157745361328
2020-12-15,340.8766784667969,102.57140350341797,130.77658081054688
2020-12-16,341.4115295410156,102.48588562011719,130.42855834960938
2020-12-17,343.3207092285156,102.41144561767578,130.0833740234375
2020-12-18,341.949951171875,102.3259048461914,129.6934356689453
2020-12-21,340.7272644042969,102.39434814453125,130.20779418945312
2020-12-22,340.1530456542969,102.56546783447266,130.87973022460938
2020-12-23,340.4586486816406,102.3515396118164,129.97560119628906
2020-12-24,341.7832336425781,102.49703979492188,130.48989868164062
2020-12-28,344.7194519042969,102.50556182861328,130.54795837402344
2020-12-29,344.06182861328125,102.48848724365234,130.38204956054688
2020-12-30,344.5527038574219,102.55693054199219,130.6641387939453
2020-12-31,346.30322265625,102.62532043457031,130.85487365722656
2021-01-04,341.5887145996094,102.6510238647461,130.69725036621094
2021-01-05,343.9413757324219,102.41144561767578,129.72669982910156
2021-01-06,345.99755859375,101.81253814697266,127.06365203857422
2021-01-07,351.13818359375,101.45323181152344,125.94367218017578
2021-01-08,353.1388854980469,101.1623306274414,125.5371322631836
2021-01-11,350.758544921875,100.96554565429688,125.3297348022461
2021-01-12,350.83258056640625,100.94845581054688,125.23019409179688
2021-01-13,351.77734375,101.29924774169922,126.64051055908203
2021-01-14,350.54547119140625,101.06819152832031,125.45413970947266
2021-01-15,347.989013671875,101.34202575683594,125.95191192626953
2021-01-19,350.7214660644531,101.40189361572266,126.3583984375
2021-01-20,355.5749816894531,101.44464111328125,126.48287963867188
2021-01-21,355.8991394042969,101.29924774169922,125.59517669677734
2021-01-22,354.6394348144531,101.45323181152344,126.00164031982422
2021-01-25,356.03802490234375,101.8638916015625,127.48667907714844
2021-01-26,355.4823913574219,101.8296890258789,127.24618530273438
2021-01-27,346.79412841796875,101.949462890625,127.56969451904297
2021-01-28,349.7767028808594,101.68424224853516,126.8645248413086
2021-01-29,342.7743225097656,101.50455474853516,126.10124206542969
2021-02-01,348.4798889160156,101.63126373291016,126.24742889404297
2021-02-02,353.40753173828125,101.37443542480469,125.4334716796875
2021-02-03,353.6853942871094,101.12611389160156,124.3205337524414
2021-02-04,357.7052917480469,101.0918960571289,123.9883041381836
2021-02-05,359.1131896972656,100.87786865234375,122.9500732421875
2021-02-08,361.7066955566406,100.9206771850586,123.48993682861328
2021-02-09,361.4658508300781,100.99773406982422,123.58135223388672
2021-02-10,361.308349609375,101.25459289550781,124.40359497070312
2021-02-11,361.8918762207031,101.17752838134766,123.72248840332031
2021-02-12,363.67950439453125,100.8436508178711,122.1859359741211
2021-02-16,363.3646545410156,100.11589813232422,120.32547760009766
2021-02-17,363.44805908203125,100.18441009521484,121.08956146240234
2021-02-18,361.90118408203125,100.17582702636719,120.59952545166016
2021-02-19,361.261962890625,99.77349090576172,118.99649047851562
2021-02-22,358.4833068847656,99.61079406738281,118.09117889404297
2021-02-23,358.91864013671875,99.68782043457031,117.75061798095703
2021-02-24,362.8736877441406,99.55085754394531,116.97819519042969
2021-02-25,354.1299743652344,98.223876953125,115.06790924072266
2021-02-26,352.3052978515625,99.10569763183594,118.87190246582031
2021-03-01,360.8451843261719,98.9942855834961,117.3018798828125
2021-03-02,358.0295715332031,99.1742172241211,117.31021881103516
2021-03-03,353.287109375,98.6430892944336,116.03789520263672
2021-03-04,348.9152526855469,98.15480041503906,115.28950500488281
2021-03-05,355.334228515625,98.01774597167969,115.51402282714844
2021-03-08,353.56500244140625,97.63225555419922,114.6159439086914
2021-03-09,358.6130676269531,98.09481048583984,116.2042465209961
2021-03-10,360.8451843261719,98.30043029785156,116.43707275390625
2021-03-11,364.5038757324219,98.26617431640625,115.59720611572266
2021-03-12,364.9947814941406,97.55516815185547,113.1440200805664
2021-03-15,367.1715087890625,97.6750717163086,113.80927276611328
2021-03-16,366.7083435058594,97.65792846679688,113.35197448730469
2021-03-17,367.958740234375,97.49516296386719,112.50371551513672
2021-03-18,362.60516357421875,96.88694763183594,111.3644790649414
2021-03-19,361.9342346191406,96.82697296142578,112.0546875
2021-03-22,364.82421875,97.14398193359375,113.31036376953125
2021-03-23,361.9527587890625,97.6236801147461,114.333251953125
2021-03-24,360.11285400390625,97.75218200683594,114.94855499267578
2021-03-25,362.13861083984375,97.6236801147461,114.04214477539062
2021-03-26,367.9744567871094,97.29814147949219,113.64302062988281
2021-03-29,367.78863525390625,96.96404266357422,112.67839050292969
2021-03-30,366.8128967285156,96.87841033935547,113.26876068115234
2021-03-31,368.2997131347656,96.74130249023438,112.63677978515625
2021-04-01,372.27703857421875,97.16990661621094,114.50623321533203
2021-04-05,377.6203308105469,96.89561462402344,114.00660705566406
2021-04-06,377.3973388671875,97.36705780029297,114.781005859375
2021-04-07,377.8340759277344,97.30706787109375,113.98164367675781
2021-04-08,379.6275939941406,97.6413803100586,114.92256164550781
2021-04-09,382.3874816894531,97.38424682617188,114.50623321533203
2021-04-12,382.52691650390625,97.32421875,114.45626068115234
2021-04-13,383.66058349609375,97.72710418701172,115.31396484375
2021-04-14,382.3503723144531,97.60706329345703,114.94759368896484
2021-04-15,386.45770263671875,98.23282623291016,116.87107849121094
2021-04-16,387.74945068359375,97.96707916259766,115.96346282958984
2021-04-19,385.8443908691406,97.86424255371094,115.63038635253906
2021-04-20,383.01953125,98.15570068359375,116.163330078125
2021-04-21,386.6436462402344,98.20710754394531,116.39649963378906
2021-04-22,383.11236572265625,98.28424835205078,116.9044418334961
2021-04-23,387.2662048339844,98.15570068359375,116.62965393066406
2021-04-26,388.0747375488281,98.05281066894531,116.46310424804688
2021-04-27,387.9910583496094,97.66709899902344,115.4471664428711
2021-04-28,387.8795471191406,97.79568481445312,115.52215576171875
2021-04-29,390.3514709472656,97.62423706054688,115.18073272705078
2021-04-30,387.7865905761719,97.70990753173828,115.4471664428711
2021-05-03,388.6229553222656,97.87635040283203,115.51640319824219
2021-05-04,386.2254333496094,98.00498962402344,116.30033874511719
2021-05-05,386.34625244140625,98.12506866455078,116.49214935302734
2021-05-06,389.431396484375,98.16793823242188,116.68392181396484
2021-05-07,392.2657165527344,98.2022705078125,116.10845947265625
2021-05-10,388.38134765625,98.00498962402344,114.93264770507812
2021-05-11,384.9151611328125,97.84202575683594,114.28221130371094
2021-05-12,376.737548828125,97.37027740478516,113.0813217163086
2021-05-13,381.26312255859375,97.69623565673828,113.25643920898438
2021-05-14,387.1175537109375,97.91068267822266,114.31555938720703
2021-05-17,386.1325378417969,97.81629943847656,114.07366943359375
2021-05-18,382.8057556152344,97.81629943847656,113.78180694580078
2021-05-19,381.8020935058594,97.5246810913086,113.50659942626953
2021-05-20,385.909423828125,97.92781829833984,114.4405746459961
2021-05-21,385.5935363769531,97.96211242675781,114.80754089355469
2021-05-24,389.5243835449219,98.05644989013672,115.23287200927734
2021-05-25,388.66015625,98.41671752929688,116.30033874511719
2021-05-26,389.431396484375,98.30522918701172,116.10012817382812
2021-05-27,389.63592529296875,98.13370513916016,115.6331787109375
2021-05-28,390.3328857421875,98.12506866455078,115.4496841430664
2021-06-01,389.9889831542969,98.10704803466797,115.42379760742188
2021-06-02,390.6024169921875,98.21864318847656,115.69105529785156
2021-06-03,389.15264892578125,97.96971130371094,115.25675964355469
2021-06-04,392.71185302734375,98.51048278808594,116.83516693115234
2021-06-07,392.33074951171875,98.4332275390625,116.4760971069336
2021-06-08,392.41436767578125,98.71649169921875,117.29450225830078
2021-06-09,391.8289794921875,99.02548217773438,118.33003234863281
2021-06-10,393.6503601074219,99.37736511230469,119.03994750976562
2021-06-11,394.3009338378906,99.23147583007812,118.8478775024414
2021-06-14,395.1836853027344,98.92247772216797,117.93758392333984
2021-06-15,394.4588623046875,98.93964385986328,117.79557037353516
2021-06-16,392.2563781738281,98.26156616210938,117.69536590576172
2021-06-17,392.1263732910156,98.61348724365234,119.45751190185547
2021-06-18,386.83648681640625,99.17137145996094,121.7040023803711
2021-06-21,392.37432861328125,98.85379791259766,119.66626739501953
2021-06-22,394.47210693359375,99.03407287597656,119.95858001708984
2021-06-23,393.99664306640625,98.83663177490234,119.6495590209961
2021-06-24,396.32733154296875,98.81949615478516,119.84165954589844
2021-06-25,397.7350769042969,98.61348724365234,118.59727478027344
2021-06-28,398.5369567871094,98.92247772216797,119.81658935546875
2021-06-29,398.75140380859375,98.97396087646484,120.01705169677734
2021-06-30,399.0870361328125,99.12849426269531,120.55156707763672
2021-07-01,401.2965393066406,99.05722045898438,120.5582504272461
2021-07-02,404.36395263671875,99.41789245605469,121.28572845458984
2021-07-06,403.62738037109375,99.94185638427734,122.70729064941406
2021-07-07,405.0538330078125,100.23387145996094,123.79440307617188
2021-07-08,401.7534484863281,100.4915542602539,124.2794189453125
2021-07-09,406.0421142578125,99.98482513427734,122.53166198730469
2021-07-12,407.4964904785156,99.9332504272461,122.37281036376953
2021-07-13,406.1073303222656,99.62405395507812,121.43629455566406
2021-07-14,406.7134094238281,100.05349731445312,122.81599426269531
2021-07-15,405.3242492675781,100.47435760498047,124.17069244384766
2021-07-16,402.1450500488281,100.45718383789062,123.93655395507812
2021-07-19,396.2061767578125,101.31608581542969,126.6542739868164
2021-07-20,401.88397216796875,101.18722534179688,125.43339538574219
2021-07-21,405.13775634765625,100.60320281982422,123.84457397460938
2021-07-22,405.9861755371094,100.83512115478516,125.0152587890625
2021-07-23,410.1628723144531,100.68050384521484,124.17906188964844
2021-07-26,411.1698303222656,100.61180114746094,123.81108093261719
2021-07-27,409.2958984375,101.04122161865234,125.13238525390625
2021-07-28,409.1280212402344,101.12715911865234,125.14071655273438
2021-07-29,410.82489013671875,100.81794738769531,124.44664764404297
2021-07-30,408.8297119140625,101.10137939453125,125.03201293945312
2021-08-02,407.9719543457031,101.54486083984375,126.14715576171875
2021-08-03,411.2909851074219,101.57061004638672,126.2142105102539
2021-08-04,409.26788330078125,101.54486083984375,126.4736557006836
2021-08-05,411.8597106933594,101.17529296875,125.82911682128906
2021-08-06,412.5403137207031,100.58222961425781,123.72757720947266
2021-08-09,412.2048034667969,100.36741638183594,123.28385925292969
2021-08-10,412.7174987792969,100.17831420898438,122.7145004272461
2021-08-11,413.7430114746094,100.2900390625,122.63920593261719
2021-08-12,414.9830017089844,100.1869125366211,122.4382553100586
2021-08-13,415.7381896972656,100.76277160644531,124.37223815917969
2021-08-16,416.7171630859375,100.98621368408203,124.67362976074219
2021-08-17,413.9854431152344,100.93464660644531,124.62342834472656
2021-08-18,409.4543762207031,100.8830795288086,125.04209899902344
2021-08-19,410.0882873535156,101.10652160644531,125.96302032470703
2021-08-20,413.35150146484375,101.01200103759766,126.04671478271484
2021-08-23,416.9874572753906,101.03776550292969,125.96302032470703
2021-08-24,417.6494445800781,100.76277160644531,124.98348999023438
2021-08-25,418.52581787109375,100.36741638183594,123.94525909423828
2021-08-26,416.05517578125,100.36741638183594,124.28851318359375
2021-08-27,419.77508544921875,100.69397735595703,125.13412475585938
2021-08-30,421.62115478515625,100.89165496826172,125.4607162475586
2021-08-31,420.9964599609375,100.70257568359375,124.60668182373047
2021-09-01,421.22021484375,100.74555206298828,124.81542205810547
2021-09-02,422.5160827636719,100.865966796875,125.3603286743164
2021-09-03,422.4134826660156,100.62519073486328,124.22021484375
2021-09-07,420.9031982421875,100.22956085205078,123.17232513427734
2021-09-08,420.39044189453125,100.50477600097656,124.0106201171875
2021-09-09,418.59112548828125,100.7885971069336,125.5112075805664
2021-09-10,415.2906188964844,100.47036743164062,124.40459442138672
2021-09-13,416.3533935546875,100.59076690673828,125.15914916992188
2021-09-14,414.1066589355469,100.96919250488281,126.6764907836914
2021-09-15,417.56549072265625,100.79720306396484,126.23218536376953
2021-09-16,416.903564453125,100.47897338867188,125.65372467041016
2021-09-17,412.8424987792969,100.18653869628906,125.05016326904297
2021-09-20,405.95867919921875,100.69400024414062,126.60100555419922
2021-09-21,405.57525634765625,100.6337890625,126.49201965332031
2021-09-22,409.53155517578125,100.72837829589844,127.24651336669922
2021-09-23,414.50732421875,99.81673431396484,124.37108612060547
2021-09-24,415.19012451171875,99.5157241821289,123.15557098388672
2021-09-27,414.0022888183594,99.24913787841797,122.70293426513672
2021-09-28,405.6593933105469,98.87066650390625,120.79154968261719
2021-09-29,406.3421630859375,98.97389221191406,121.0011215209961
2021-09-30,401.3757019042969,99.09432983398438,120.9843521118164
2021-10-01,406.1457214355469,99.49880981445312,122.00250244140625
2021-10-04,400.9080505371094,99.3783187866211,121.69200134277344
2021-10-05,405.0794677734375,99.0684814453125,120.5168228149414
2021-10-06,406.7630310058594,99.09430694580078,121.19669342041016
2021-10-07,410.27978515625,98.69841003417969,119.9292984008789
2021-10-08,409.53155517578125,98.4832534790039,119.08990478515625
2021-10-11,406.566650390625,98.24225616455078,118.78775024414062
2021-10-12,405.56585693359375,98.6897964477539,120.81905364990234
2021-10-13,407.0249328613281,98.87914276123047,121.99407958984375
2021-10-14,413.871337890625,99.11150360107422,122.4474105834961
2021-10-15,417.0232849121094,98.62091827392578,121.73388671875
2021-10-18,418.2578430175781,98.4832534790039,122.3047103881836
2021-10-19,421.4847717285156,98.13037872314453,120.61753845214844
2021-10-20,423.14019775390625,98.08736419677734,119.80339050292969
2021-10-21,424.2437744140625,97.82913970947266,119.6607437133789
2021-10-22,423.80426025390625,98.07875061035156,120.97850036621094
2021-10-25,426.0769958496094,98.19921875,120.79386901855469
2021-10-26,426.4605712890625,98.31973266601562,121.79266357421875
2021-10-27,424.5711669921875,98.87051391601562,124.00863647460938
2021-10-28,428.6678466796875,98.61233520507812,123.5890121459961
2021-10-29,429.5376281738281,98.65538024902344,123.96659088134766
2021-11-01,430.27655029296875,98.64763641357422,123.07410430908203
2021-11-02,432.0161437988281,98.88876342773438,123.62036895751953
2021-11-03,434.6537780761719,98.5787124633789,122.34284973144531
2021-11-04,436.7020568847656,99.11271667480469,123.6287612915039
2021-11-05,438.21728515625,99.65528869628906,125.47777557373047
2021-11-08,438.59136962890625,99.22467803955078,125.24246978759766
2021-11-09,437.14166259765625,99.68106842041016,126.8729476928711
2021-11-10,433.6249084472656,98.82848358154297,124.55323791503906
2021-11-11,433.7652282714844,98.50982666015625,124.36837005615234
2021-11-12,437.03875732421875,98.71652221679688,123.82209014892578
2021-11-15,437.18841552734375,98.3289794921875,122.26725769042969
2021-11-16,438.9187316894531,98.24282836914062,121.95630645751953
2021-11-17,437.8524475097656,98.59593200683594,122.92281341552734
2021-11-18,439.339599609375,98.65621948242188,123.38506317138672
2021-11-19,438.5539855957031,98.92324829101562,124.68773651123047
2021-11-22,437.31939697265625,98.19977569580078,123.22535705566406
2021-11-23,437.8992614746094,97.79500579833984,121.44364929199219
2021-11-24,439.068359375,98.09642028808594,123.39342498779297
2021-11-26,429.2757873535156,99.36248016357422,126.51146697998047
2021-11-29,434.5414733886719,99.13853454589844,125.49458312988281
2021-11-30,426.08642578125,99.73279571533203,127.40234375
2021-12-01,421.3538513183594,99.92066955566406,128.18832397460938
2021-12-02,427.8073425292969,99.7052230834961,128.34817504882812
2021-12-03,424.08477783203125,100.29132080078125,129.879638671875
2021-12-06,429.107421875,99.79141235351562,128.0957794189453
2021-12-07,437.9833984375,99.41216278076172,127.06072998046875
2021-12-08,439.1431579589844,99.09327697753906,124.86447143554688
2021-12-09,436.1783142089844,99.34321594238281,125.56295776367188
2021-12-10,440.28424072265625,99.41216278076172,125.25999450683594
2021-12-13,436.38409423828125,99.88622283935547,127.11124420166016
2021-12-14,433.3817443847656,99.7138442993164,126.80831909179688
2021-12-15,440.1533203125,99.56730651855469,125.58820343017578
2021-12-16,436.2718505859375,99.85719299316406,125.63703155517578
2021-12-17,431.62860107421875,100.08147430419922,127.0606689453125
2021-12-20,427.0389709472656,99.99523162841797,126.10880279541016
2021-12-21,434.6227722167969,99.59838104248047,125.62859344482422
2021-12-22,438.9684143066406,99.69325256347656,126.20989990234375
2021-12-23,441.6997375488281,99.4862060546875,125.11473083496094
2021-12-27,447.9507141113281,99.52074432373047,125.41797637939453
2021-12-28,447.58465576171875,99.50345611572266,124.92096710205078
2021-12-29,448.1572265625,98.99449920654297,123.55632019042969
2021-12-30,446.91827392578125,99.32231140136719,124.59245300292969
2021-12-31,445.7919616699219,99.21017456054688,124.83671569824219
2022-01-03,448.3730773925781,98.28707885742188,121.55979919433594
2022-01-04,448.2227783203125,98.23531341552734,121.05427551269531
2022-01-05,439.6160583496094,97.82122039794922,120.39728546142578
2022-01-06,439.2030334472656,97.57966613769531,120.70890808105469
2022-01-07,437.4667053222656,97.26045989990234,119.84123992919922
2022-01-10,436.92230224609375,97.23458862304688,120.13609313964844
2022-01-11,440.9018859863281,97.4675521850586,120.93633270263672
2022-01-12,442.0939025878906,97.4847640991211,120.4730453491211
2022-01-13,436.0025634765625,97.79532623291016,121.54288482666016
2022-01-14,436.1807861328125,97.1224136352539,119.70645141601562
2022-01-18,428.4561767578125,96.38914489746094,118.02162170410156
2022-01-19,424.0072937011719,96.6220703125,118.8387680053711
2022-01-20,419.31439208984375,96.8291244506836,119.57169342041016
2022-01-21,411.0829772949219,97.38985443115234,120.99530792236328
2022-01-24,412.8286437988281,97.30362701416016,120.00129699707031
2022-01-25,407.7884521484375,97.17417907714844,119.80753326416016
2022-01-26,406.76544189453125,96.4840316772461,118.35859680175781
2022-01-27,404.7568664550781,96.88948059082031,120.53203582763672
2022-01-28,414.8091125488281,97.1137924194336,120.57415771484375
2022-01-31,422.28033447265625,97.1137924194336,119.95075988769531
2022-02-01,425.1336364746094,96.98255920410156,119.5526123046875
2022-02-02,429.2633972167969,97.18115234375,119.95751190185547
2022-02-03,419.1734924316406,96.76667785644531,119.02108764648438
2022-02-04,421.1446838378906,96.02400207519531,117.2664566040039
2022-02-07,419.79302978515625,96.0499496459961,117.34239959716797
2022-02-08,423.2470397949219,95.73906707763672,116.557861328125
2022-02-09,429.4417419433594,95.86860656738281,116.77720642089844
2022-02-10,421.7265319824219,94.98780822753906,114.92131805419922
2022-02-11,413.41064453125,95.97225952148438,116.6253662109375
2022-02-14,412.0590515136719,95.30731201171875,115.17439270019531
2022-02-15,418.7042541503906,95.0223388671875,113.86685180664062
2022-02-16,419.1734924316406,95.220947265625,114.54168701171875
2022-02-17,410.2194519042969,95.73045349121094,115.39370727539062
2022-02-18,407.563232421875,96.04129028320312,116.6084976196289
2022-02-22,403.1894226074219,96.03269958496094,116.91215515136719
2022-02-23,396.03741455078125,95.53182983398438,115.30097961425781
2022-02-24,401.9974365234375,95.75634765625,115.37689208984375
2022-02-25,410.8670349121094,95.73045349121094,115.4612045288086
2022-02-28,409.8158874511719,96.81847381591797,117.99200439453125
2022-03-01,403.57421875,97.76143646240234,119.35615539550781
2022-03-02,410.9984436035156,96.29212951660156,115.2762680053711
2022-03-03,408.9523010253906,96.70697784423828,116.45035552978516
2022-03-04,405.6297302246094,97.66636657714844,118.46077728271484
2022-03-07,393.672119140625,97.25146484375,117.55695343017578
2022-03-08,390.6874694824219,96.62053680419922,116.37438201904297
2022-03-09,401.1621398925781,96.02416229248047,115.23404693603516
2022-03-10,399.35052490234375,95.5833969116211,113.57836151123047
2022-03-11,394.2728271484375,95.5574722290039,113.95853424072266
2022-03-14,391.391357421875,94.34744262695312,111.29771423339844
2022-03-15,399.9981689453125,94.30421447753906,111.10346984863281
2022-03-16,408.86785888671875,94.17459106445312,112.19309997558594
2022-03-17,413.9831848144531,93.99308013916016,111.35684967041016
2022-03-18,418.5174255371094,94.2696533203125,112.71680450439453
2022-03-21,418.39508056640625,93.04235076904297,110.1066665649414
2022-03-22,423.2908630371094,92.53237915039062,108.69603729248047
2022-03-23,417.8396301269531,93.15470123291016,111.07808685302734
2022-03-24,424.13818359375,92.63610076904297,110.20802307128906
2022-03-25,426.2095031738281,91.68537902832031,108.67914581298828
2022-03-28,429.2412414550781,91.89281463623047,109.6082992553711
2022-03-29,434.5512390136719,92.35086822509766,110.43611907958984
2022-03-30,431.8680114746094,92.71391296386719,111.29771423339844
2022-03-31,425.2209777832031,92.88675689697266,111.56802368164062
2022-04-01,426.4260559082031,92.28192138671875,111.99272918701172
2022-04-04,430.07916259765625,92.22136688232422,111.21438598632812
2022-04-05,424.646728515625,91.12247467041016,108.70179748535156
2022-04-06,420.40045166015625,90.80228424072266,107.82195281982422
2022-04-07,422.5188293457031,90.57731628417969,107.00978088378906
2022-04-08,421.38909912109375,90.11871337890625,105.85077667236328
2022-04-11,414.1866149902344,89.68611145019531,104.17570495605469
2022-04-12,412.6518859863281,90.11871337890625,104.03191375732422
2022-04-13,417.37823486328125,90.3177490234375,104.24341583251953
2022-04-14,412.1811218261719,89.50440979003906,102.15379333496094
2022-04-18,412.3505554199219,89.24480438232422,101.64618682861328
2022-04-19,419.0070495605469,88.65640258789062,100.88481140136719
2022-04-20,418.6964111328125,89.3486328125,102.91517639160156
2022-04-21,412.4352722167969,88.8554458618164,102.15379333496094
2022-04-22,401.1184997558594,88.898681640625,101.5108642578125
2022-04-25,403.4440002441406,89.46977233886719,102.52604675292969
2022-04-26,391.7598876953125,90.06681060791016,103.55814361572266
2022-04-27,392.8614807128906,89.56498718261719,102.22994232177734
2022-04-28,402.7849426269531,89.43516540527344,102.38220977783203
2022-04-29,387.8997802734375,88.9592514038086,101.05399322509766
2022-05-02,390.23468017578125,88.29649353027344,99.3023681640625
2022-05-03,392.0235290527344,88.40047454833984,99.97181701660156
2022-05-04,403.9617919921875,88.97225189208984,100.52265167236328
2022-05-05,389.60382080078125,88.07991790771484,97.76849365234375
2022-05-06,387.27838134765625,87.57743835449219,96.32786560058594
2022-05-09,374.8786926269531,88.2271957397461,97.1753158569336
2022-05-10,375.74493408203125,88.52176666259766,98.05665588378906
2022-05-11,369.7758483886719,89.06754302978516,99.9463882446289
2022-05-12,369.3898010253906,89.36212158203125,99.75997161865234
2022-05-13,378.2210388183594,88.89430236816406,98.28544616699219
2022-05-16,376.68646240234375,89.26681518554688,98.1837387084961
2022-05-17,384.4350280761719,88.59105682373047,96.99735260009766
2022-05-18,368.93780517578125,89.22348022460938,99.06505584716797
2022-05-19,366.6783142089844,89.54403686523438,99.3023681640625
2022-05-20,366.8382568359375,89.95986938476562,100.42945098876953
2022-05-23,373.70184326171875,89.41407775878906,98.7769546508789
2022-05-24,370.8491516113281,90.18513488769531,100.72608947753906
2022-05-25,374.1255187988281,90.36705780029297,101.12433624267578
2022-05-26,381.6011047363281,90.32372283935547,100.66673278808594
2022-05-27,390.968994140625,90.45368194580078,100.91248321533203
2022-05-31,388.77532958984375,89.50941467285156,98.7769546508789
2022-06-01,385.6307373046875,89.00541687011719,98.66403198242188
2022-06-02,392.9745178222656,89.13552856445312,98.7149658203125
2022-06-03,386.525146484375,88.96202850341797,98.50276184082031
2022-06-06,387.7020263671875,88.29414367675781,96.6860122680664
2022-06-07,391.42095947265625,88.6497802734375,97.73018646240234
2022-06-08,387.1654052734375,88.32013702392578,96.86427307128906
2022-06-09,377.95751953125,88.24209594726562,97.18688201904297
2022-06-10,366.9983215332031,87.3746566772461,96.58415222167969
2022-06-13,353.0639953613281,85.822021484375,93.55342102050781
2022-06-14,352.0001525878906,85.13675689697266,92.37337493896484
2022-06-15,357.0184020996094,86.32512664794922,94.09671783447266
2022-06-16,345.2025146484375,86.888916015625,94.84384155273438
2022-06-17,345.9466552734375,86.91493225097656,95.14944458007812
2022-06-21,354.6554260253906,86.46389770507812,93.53643798828125
2022-06-22,354.0124206542969,87.55682373046875,96.10873413085938
2022-06-23,357.48260498046875,88.05126190185547,96.89824676513672
2022-06-24,368.8484191894531,87.73897552490234,95.55690002441406
2022-06-27,367.4395446777344,87.2445297241211,94.7419204711914
2022-06-28,359.9317321777344,87.35733795166016,95.18339538574219
2022-06-29,359.6385498046875,88.05992889404297,96.66902923583984
2022-06-30,356.7167053222656,88.73649597167969,97.5179672241211
2022-07-01,360.48956298828125,89.68775939941406,98.51917266845703
2022-07-05,361.1703796386719,90.01789093017578,99.29322814941406
2022-07-06,362.39019775390625,89.25342559814453,97.62600708007812
2022-07-07,367.8177185058594,88.70611572265625,96.7668685913086
2022-07-08,367.51519775390625,88.16752624511719,95.69507598876953
2022-07-11,363.3168029785156,88.86251068115234,97.34528350830078
2022-07-12,360.1018981933594,89.07099151611328,97.92372131347656
2022-07-13,358.2107849121094,89.45320892333984,99.04656982421875
2022-07-14,357.3407897949219,88.95800018310547,98.23844146728516
2022-07-15,364.1678771972656,89.26207733154297,98.7913589477539
2022-07-18,361.1609802246094,89.00147247314453,97.7621078491211
2022-07-19,370.9192199707031,88.59317779541016,97.23468780517578
2022-07-20,373.2831726074219,88.50628662109375,97.48989868164062
2022-07-21,377.0843811035156,89.51402282714844,99.17414093017578
2022-07-22,373.5857849121094,90.53916931152344,100.84135437011719
2022-07-25,374.0396728515625,90.21768188476562,99.8546371459961
2022-07-26,369.6143798828125,90.25244140625,99.93119812011719
2022-07-27,379.2119445800781,90.43488311767578,99.3697509765625
2022-07-28,383.9681091308594,91.32965850830078,100.16085052490234
2022-07-29,389.5658874511719,91.36443328857422,99.88863372802734
2022-08-01,388.41229248046875,91.8987808227539,102.29429626464844
2022-08-02,385.8498229980469,90.62821197509766,100.12981414794922
2022-08-03,391.89202880859375,91.00242614746094,101.70630645751953
2022-08-04,391.6272888183594,91.4636459350586,101.67223358154297
2022-08-05,390.96533203125,90.14083099365234,99.25208282470703
2022-08-08,390.51141357421875,90.67171478271484,100.85415649414062
2022-08-09,388.96075439453125,90.40192413330078,100.46215057373047
2022-08-10,397.13043212890625,90.45414733886719,99.80596923828125
2022-08-11,397.13043212890625,89.8536605834961,97.47957611083984
2022-08-12,403.85345458984375,90.21045684814453,98.46810150146484
2022-08-15,405.5177001953125,90.49764251708984,98.38285064697266
2022-08-16,406.31201171875,90.39321899414062,98.79193115234375
2022-08-17,403.427978515625,89.7840576171875,97.76078796386719
2022-08-18,404.6005554199219,89.95808410644531,97.90564727783203
2022-08-19,399.1634521484375,89.18359375,96.32914733886719
2022-08-22,390.85186767578125,88.7919692993164,96.00534057617188
2022-08-23,389.9062805175781,88.57439422607422,95.47698211669922
2022-08-24,391.1544189453125,88.27851867675781,94.77821350097656
2022-08-25,396.6766662597656,88.84418487548828,96.09903717041016
2022-08-26,383.24945068359375,88.73971557617188,96.82341003417969
2022-08-29,380.7153625488281,88.23500061035156,96.02235412597656
2022-08-30,376.5359191894531,88.20887756347656,96.260986328125
2022-08-31,373.6709289550781,87.8433837890625,95.34060668945312
2022-09-01,374.8433837890625,87.14508819580078,93.5950927734375
2022-09-02,370.8908386230469,87.63326263427734,94.12458801269531
2022-09-06,369.491455078125,86.65686798095703,91.7932357788086
2022-09-07,376.1292724609375,87.22354888916016,93.24500274658203
2022-09-08,378.5877685546875,86.90095520019531,92.28854370117188
2022-09-09,384.4693298339844,86.9096908569336,92.49348449707031
2022-09-12,388.6014709472656,86.70043182373047,91.73345947265625
2022-09-13,371.7040710449219,86.21224212646484,91.94695281982422
2022-09-14,373.12237548828125,86.25584411621094,92.26290893554688
2022-09-15,368.8862609863281,85.95941925048828,92.2031478881836
2022-09-16,366.0720520019531,86.0291748046875,91.4345932006836
2022-09-19,368.91094970703125,85.7850341796875,91.64806365966797
2022-09-20,364.67633056640625,85.25325775146484,90.73429870605469
2022-09-21,358.31500244140625,85.59329986572266,92.25435638427734
2022-09-22,355.3052673339844,84.30302429199219,89.89744567871094
2022-09-23,349.35211181640625,84.4076156616211,90.2646255493164
2022-09-26,345.8960876464844,83.0040512084961,88.53962707519531
2022-09-27,345.0131530761719,82.43734741210938,86.20824432373047
2022-09-28,351.80169677734375,84.29425811767578,89.09471130371094
2022-09-29,344.4529724121094,83.90198516845703,88.63356018066406
2022-09-30,339.1264953613281,83.68403625488281,87.48921966552734
2022-10-03,348.07989501953125,84.67718505859375,88.87939453125
2022-10-04,358.86566162109375,84.85189819335938,88.63117218017578
2022-10-05,358.0301818847656,84.04828643798828,87.78369140625
2022-10-06,354.3368225097656,83.5853500366211,87.2957534790039
2022-10-07,344.4529724121094,83.17477416992188,86.44830322265625
2022-10-10,341.8229675292969,82.68560028076172,85.10437774658203
2022-10-11,339.65814208984375,82.89524841308594,85.48104095458984
2022-10-12,338.5378112792969,83.16605377197266,85.90049743652344
2022-10-13,347.47216796875,82.8166275024414,85.07870483398438
2022-10-14,339.5537414550781,82.3536605834961,84.37676239013672
2022-10-17,348.279296875,82.44104766845703,83.96588134765625
2022-10-18,352.37139892578125,82.65068054199219,84.16278839111328
2022-10-19,349.8743591308594,81.78590393066406,82.6305160522461
2022-10-20,346.9405517578125,81.1744613647461,81.21812438964844
2022-10-21,355.3717956542969,81.35787963867188,79.75431823730469
2022-10-24,359.72021484375,81.25306701660156,79.09520721435547
2022-10-25,365.46441650390625,82.2663345336914,81.39784240722656
2022-10-26,362.7109680175781,82.68560028076172,82.57061004638672
2022-10-27,360.774169921875,83.2708740234375,83.4351577758789
2022-10-28,369.3571472167969,82.84282684326172,82.86162567138672
2022-10-31,366.68927001953125,82.46724700927734,82.27098083496094
2022-11-01,365.08453369140625,82.45235443115234,83.03984832763672
2022-11-02,355.92236328125,82.31227111816406,82.67945098876953
2022-11-03,352.25750732421875,81.9533920288086,82.23323059082031
2022-11-04,357.3275451660156,81.77831268310547,80.8516845703125
2022-11-07,360.7456359863281,81.48942565917969,80.04505920410156
2022-11-08,362.6919860839844,82.03217315673828,80.9203109741211
2022-11-09,355.21978759765625,82.31227111816406,81.18629455566406
2022-11-10,374.7406005859375,84.15934753417969,84.30989074707031
2022-11-11,378.3674621582031,83.9842758178711,84.00096893310547
2022-11-14,375.14886474609375,83.7829360961914,83.79500579833984
2022-11-15,378.3485107421875,84.40446472167969,85.1508560180664
2022-11-16,375.462158203125,85.0259780883789,87.01294708251953
2022-11-17,374.31329345703125,84.4482421875,86.09477233886719
2022-11-18,376.0128479003906,84.150634765625,85.50265502929688
2022-11-21,374.6456604003906,84.09806823730469,85.86307525634766
2022-11-22,379.6872863769531,84.57955169677734,87.08160400390625
2022-11-23,382.07989501953125,85.03473663330078,88.60044860839844
2022-11-25,381.994384765625,85.00849151611328,88.30012512207031
2022-11-28,375.89892578125,85.04348754882812,88.54898834228516
2022-11-29,375.2532958984375,84.68460845947266,87.51063537597656
2022-11-30,387.0740051269531,85.44617462158203,88.15422821044922
2022-12-01,386.7892150878906,86.37945556640625,90.97040557861328
2022-12-02,386.3429260253906,86.55487060546875,92.11443328857422
2022-12-05,379.3928527832031,85.677734375,90.82416534423828
2022-12-06,373.92401123046875,86.20401000976562,91.99398803710938
2022-12-07,373.2879333496094,86.95833587646484,94.16162109375
2022-12-08,376.21221923828125,86.4671401977539,93.90354919433594
2022-12-09,373.4018249511719,85.82685089111328,91.4606704711914
2022-12-12,378.78521728515625,85.70403289794922,91.75314331054688
2022-12-13,381.65252685546875,86.47589874267578,92.63911437988281
2022-12-14,379.2125549316406,86.71276092529297,93.03478240966797
2022-12-15,369.93634033203125,86.8814697265625,93.39778137207031
2022-12-16,365.56884765625,86.6617660522461,92.35446166992188
2022-12-19,362.46893310546875,85.95870208740234,90.80242156982422
2022-12-20,362.96490478515625,85.3347396850586,89.19005584716797
2022-12-21,368.39208984375,85.440185546875,89.41423034667969
2022-12-22,363.1365661621094,85.41383361816406,89.39700317382812
2022-12-23,365.2254638671875,85.02714538574219,88.0864028930664
2022-12-27,363.7851867675781,84.31529998779297,86.34463500976562
2022-12-28,359.26409912109375,84.11312103271484,85.8359375
2022-12-29,365.73101806640625,84.52619934082031,86.81025695800781
2022-12-30,364.7676086425781,84.17467498779297,85.84457397460938
2023-01-03,363.2320251464844,84.83377075195312,87.48282623291016
2023-01-04,366.0361633300781,85.48411560058594,88.68131256103516
2023-01-05,361.8585205078125,85.3611068725586,89.05210876464844
2023-01-06,370.15667724609375,86.45963287353516,90.69036102294922
2023-01-09,369.94683837890625,86.67931365966797,91.17318725585938
2023-01-10,372.54119873046875,86.13446044921875,89.66429901123047
2023-01-11,377.2530517578125,86.6881332397461,91.1214828491211
2023-01-12,378.6265563964844,87.46150207519531,92.9149398803711
2023-01-13,380.095458984375,86.9957275390625,92.04407501220703
2023-01-17,379.3991394042969,86.7232894897461,91.44910430908203
2023-01-18,373.40911865234375,87.90092468261719,93.66507720947266
2023-01-19,370.6907958984375,87.73394775390625,93.0787353515625
2023-01-20,377.5964660644531,87.15391540527344,91.5698471069336
2023-01-23,382.1270446777344,86.8727035522461,91.13871002197266
2023-01-24,381.7169189453125,87.37361907958984,92.4493408203125
2023-01-25,381.8599853515625,87.47028350830078,92.67352294921875
2023-01-26,386.0567932128906,87.15391540527344,92.24238586425781
2023-01-27,386.94384765625,87.0220947265625,92.00958251953125
2023-01-30,382.0889587402344,86.74966430664062,91.67328643798828
2023-01-31,387.7068786621094,87.1890640258789,92.40619659423828
2023-02-01,391.82733154296875,87.81614685058594,93.51705932617188
2023-02-02,397.5312194824219,87.78089904785156,93.63805389404297
2023-02-03,393.3057556152344,86.83853149414062,92.23765563964844
2023-02-06,390.90216064453125,86.08995056152344,91.55472564697266
2023-02-07,396.0146179199219,85.87857055664062,90.81990051269531
2023-02-08,391.6842956542969,86.19563293457031,91.25215148925781
2023-02-09,388.2886962890625,85.80809783935547,90.38771057128906
2023-02-10,389.19482421875,85.3941650390625,89.37628936767578
2023-02-13,393.7636413574219,85.59674072265625,90.12837219238281
2023-02-14,393.5824279785156,85.20922088623047,89.92088317871094
2023-02-15,394.8604431152344,84.95381164550781,89.08235168457031
2023-02-16,389.42376708984375,84.67198181152344,87.82025146484375
2023-02-17,388.4508972167969,84.9097900390625,88.50318908691406
2023-02-21,380.658203125,83.98503875732422,86.78290557861328
2023-02-22,380.1336669921875,84.13477325439453,87.57823181152344
2023-02-23,382.1556396484375,84.46060180664062,88.43404388427734
2023-02-24,378.0733337402344,83.94982147216797,87.28429412841797
2023-02-27,379.3610534667969,84.2052001953125,87.5263671875
2023-02-28,377.9589538574219,84.33731079101562,87.92398834228516
2023-03-01,376.50909423828125,83.6630630493164,86.97941589355469
2023-03-02,379.4372253417969,83.31890106201172,86.20812225341797
2023-03-03,385.5226745605469,83.98959350585938,88.296630859375
2023-03-06,385.78973388671875,83.83956146240234,87.61200714111328
2023-03-07,379.8760681152344,83.84841918945312,88.14932250976562
2023-03-08,380.4960021972656,83.8219223022461,88.23596954345703
2023-03-09,373.4759826660156,84.3426284790039,88.45262908935547
2023-03-10,368.0868835449219,85.89583587646484,91.50300598144531
2023-03-13,367.5622863769531,86.9372329711914,91.71099090576172
2023-03-14,373.6380920410156,86.1164779663086,90.20313262939453
2023-03-15,371.30126953125,87.36083221435547,91.9449462890625
2023-03-16,377.8157958984375,86.57538604736328,91.22569274902344
2023-03-17,373.3980712890625,87.59913635253906,92.59488677978516
2023-03-20,376.9886169433594,87.24609375,91.78031921386719
2023-03-21,381.9385986328125,86.48715209960938,90.99169921875
2023-03-22,375.4278564453125,87.62559509277344,92.20497131347656
2023-03-23,376.44287109375,88.1286392211914,92.20497131347656
2023-03-24,378.9130859375,88.15509796142578,92.59488677978516
2023-03-27,379.62158203125,87.06958770751953,90.41976928710938
2023-03-28,378.7694091796875,87.01663208007812,90.58444213867188
2023-03-29,384.2748107910156,86.86663818359375,90.40242767333984
2023-03-30,386.52490234375,86.9990005493164,90.81841278076172
2023-03-31,391.9728088378906,87.47555541992188,92.17894744873047
2023-04-03,393.46636962890625,87.88763427734375,92.61245727539062
2023-04-04,391.28338623046875,88.45354461669922,93.07290649414062
2023-04-05,390.2589416503906,88.824951171875,94.04596710205078
2023-04-06,391.7812805175781,88.8514633178711,94.28919982910156
2023-04-10,392.1833801269531,87.9760513305664,92.76883697509766
2023-04-11,392.2887268066406,87.940673828125,92.96000671386719
2023-04-12,390.68975830078125,88.19713592529297,92.86441040039062
2023-04-13,395.8791809082031,87.90530395507812,92.1346435546875
2023-04-14,394.91217041015625,87.47200012207031,91.29190063476562
2023-04-17,396.32916259765625,86.91490936279297,90.20594024658203
2023-04-18,396.58770751953125,87.0564193725586,90.52737426757812
2023-04-19,396.52069091796875,86.87071990966797,90.44050598144531
2023-04-20,394.3568420410156,87.37474822998047,91.2137222290039
2023-04-21,394.6631774902344,87.16252899169922,90.70114135742188
2023-04-24,395.074951171875,87.58697509765625,91.57859802246094
2023-04-25,388.8035888671875,88.45354461669922,92.92524719238281
2023-04-26,387.15679931640625,88.10871124267578,91.934814453125
2023-04-27,394.8642578125,87.53392028808594,91.02259063720703
2023-04-28,398.23455810546875,88.18829345703125,92.49085235595703
2023-05-01,397.8323669433594,87.15032958984375,89.82392120361328
2023-05-02,393.36102294921875,88.28488159179688,92.06232452392578
2023-05-03,390.66107177734375,88.8610610961914,92.57622528076172
2023-05-04,387.89398193359375,88.84333038330078,91.66165161132812
2023-05-05,395.074951171875,88.36466979980469,91.35684204101562
2023-05-08,395.18023681640625,87.8239517211914,90.0765151977539
2023-05-09,393.44720458984375,87.71759033203125,89.75424194335938
2023-05-10,395.28558349609375,88.37353515625,90.6252212524414
2023-05-11,394.5962219238281,88.70150756835938,91.58329010009766
2023-05-12,394.0792236328125,88.16968536376953,90.81681823730469
2023-05-15,395.4386901855469,87.97465515136719,89.87615203857422
2023-05-16,392.7961730957031,87.69102478027344,89.60616302490234
2023-05-17,397.5643310546875,87.40735626220703,89.3448715209961
2023-05-18,401.3940734863281,86.86668395996094,88.68290710449219
2023-05-19,400.8100891113281,86.53868103027344,88.05583190917969
2023-05-22,400.97283935546875,86.37914276123047,87.74225616455078
2023-05-23,396.47283935546875,86.52095794677734,87.99486541748047
2023-05-24,393.60040283203125,86.29936981201172,87.55937957763672
2023-05-25,397.009033203125,85.75865173339844,87.34160614013672
2023-05-26,402.15057373046875,85.918212890625,88.04710388183594
2023-05-30,402.3037414550781,86.59187316894531,88.92678833007812
2023-05-31,400.0728454589844,86.91985321044922,89.70195770263672
2023-06-01,403.8739929199219,87.16151428222656,90.05389404296875
2023-06-02,409.7144470214844,86.46849060058594,89.06707763671875
2023-06-05,408.9293518066406,86.44184112548828,88.90117645263672
2023-06-06,409.81976318359375,86.49510192871094,89.42511749267578
2023-06-07,408.4027099609375,85.86430358886719,88.09774780273438
2023-06-08,410.8729248046875,86.44184112548828,89.12820434570312
2023-06-09,411.61016845703125,86.13087463378906,89.0059585571289
2023-06-12,415.34423828125,86.27302551269531,89.26792907714844
2023-06-13,418.08258056640625,85.65997314453125,88.38591003417969
2023-06-14,418.5804748535156,85.77546691894531,89.09327697753906
2023-06-15,423.7698669433594,86.44184112548828,89.94910430908203
2023-06-16,422.326416015625,86.0687026977539,89.59977722167969
2023-06-20,420.1353454589844,86.32633972167969,90.21983337402344
2023-06-21,417.9826354980469,86.40628814697266,90.43814086914062
2023-06-22,419.4914855957031,85.91761779785156,89.34654998779297
2023-06-23,416.32012939453125,86.27302551269531,90.23728942871094
2023-06-26,414.6191101074219,86.48625183105469,90.3333740234375
2023-06-27,419.16473388671875,86.1841812133789,90.0975570678711
2023-06-28,419.37615966796875,86.53069305419922,90.4818344116211
2023-06-29,421.0290832519531,85.64217376708984,88.84876251220703
2023-06-30,425.99749755859375,85.82877349853516,89.89672088623047
2023-07-03,426.4876403808594,85.45648193359375,89.38709259033203
2023-07-05,425.8534240722656,85.04678344726562,88.5376968383789
2023-07-06,422.5186462402344,84.35208129882812,87.28550720214844
2023-07-07,421.4518737792969,84.2452392578125,86.7601089477539
2023-07-10,422.5186462402344,84.68164825439453,86.87393188476562
2023-07-11,425.2094421386719,84.85977172851562,87.32052612304688
2023-07-12,428.6307067871094,85.68802642822266,88.29249572753906
2023-07-13,432.0326232910156,86.40056610107422,89.22071838378906
2023-07-14,431.76361083984375,85.97303771972656,88.69532775878906
2023-07-17,433.26275634765625,86.11555480957031,88.73908996582031
2023-07-18,436.4821472167969,86.2135238647461,89.14189910888672
2023-07-19,437.4527893066406,86.5074462890625,90.14889526367188
2023-07-20,434.55047607421875,85.8216552734375,89.0543441772461
2023-07-21,434.55047607421875,85.89290618896484,89.08060455322266
2023-07-24,436.49176025390625,85.68802642822266,88.7566146850586
2023-07-25,437.68341064453125,85.52771759033203,88.5902099609375
2023-07-26,437.75067138671875,85.8216552734375,88.67780303955078
2023-07-27,434.848388671875,84.88648986816406,86.95275115966797
2023-07-28,439.105712890625,85.16258239746094,87.39934539794922
2023-07-31,439.9418640136719,85.26942443847656,87.60950469970703
2023-08-01,438.6828918457031,84.77120971679688,86.17385864257812
2023-08-02,432.58038330078125,84.6015625,85.25187683105469
2023-08-03,431.3407287597656,83.97653198242188,83.28499603271484
2023-08-04,429.389892578125,84.86943817138672,84.7601547241211
2023-08-07,433.1377868652344,84.6640625,83.92599487304688
2023-08-08,431.2542724609375,85.09268188476562,84.90066528320312
2023-08-09,428.37115478515625,85.146240234375,85.33970642089844
2023-08-10,428.5249328613281,84.49441528320312,83.93474578857422
2023-08-11,428.2750549316406,84.04796600341797,83.74161529541016
2023-08-14,430.63916015625,83.9140625,83.55721282958984
2023-08-15,425.6227111816406,83.75334167480469,83.04792022705078
2023-08-16,422.4993896484375,83.431884765625,82.39813232421875
2023-08-17,419.2800598144531,83.32470703125,82.04691314697266
2023-08-18,419.48187255859375,83.5747299194336,82.3366928100586
2023-08-21,422.2110900878906,83.0568618774414,81.23908233642578
2023-08-22,421.0675354003906,83.09258270263672,81.86251831054688
2023-08-23,425.75726318359375,83.99440002441406,83.89087677001953
2023-08-24,419.85662841796875,83.6819076538086,83.33768463134766
2023-08-25,422.81658935546875,83.65512084960938,83.60987091064453
2023-08-28,425.49774169921875,83.88725280761719,83.69769287109375
2023-08-29,431.6482849121094,84.4854965209961,84.56698608398438
2023-08-30,433.4261474609375,84.47657012939453,84.47917175292969
2023-08-31,432.7918701171875,84.64622497558594,84.85675048828125
2023-09-01,433.5990905761719,84.1288070678711,83.53480529785156
2023-09-05,431.72515869140625,83.61856079101562,82.36349487304688
2023-09-06,428.82293701171875,83.40372467041016,82.5660400390625
2023-09-07,427.50628662109375,83.69017028808594,82.79500579833984
2023-09-08,428.1501770019531,83.70805358886719,83.11209106445312
2023-09-11,430.9659729003906,83.56481170654297,82.51319122314453
2023-09-12,428.6017761230469,83.68119812011719,82.98876190185547
2023-09-13,429.1015930175781,83.7796630859375,82.9711685180664
2023-09-14,432.80145263671875,83.59168243408203,82.37225341796875
2023-09-15,427.5869445800781,83.33209991455078,81.87030029296875
2023-09-18,427.8376770019531,83.41267395019531,82.33705139160156
2023-09-19,426.9504089355469,83.10828399658203,81.72937774658203
2023-09-20,423.02532958984375,83.0456314086914,81.98477935791016
2023-09-21,416.0334167480469,82.42797088623047,79.8798828125
2023-09-22,415.0979309082031,82.75022888183594,80.52278900146484
2023-09-25,416.8434753417969,82.1415023803711,78.54119873046875
2023-09-26,410.71954345703125,82.11466217041016,78.26819610595703
2023-09-27,410.88348388671875,81.74761962890625,77.86306762695312
2023-09-28,413.2655029296875,81.9714126586914,78.10088348388672
2023-09-29,412.2625732421875,81.98932647705078,78.10969543457031
2023-10-02,412.0986328125,81.32424926757812,76.80208587646484
2023-10-03,406.5822448730469,80.6511459350586,75.14997100830078
2023-10-04,409.5429992675781,81.1626968383789,76.21015930175781
2023-10-05,409.38861083984375,81.31526947021484,75.83024597167969
2023-10-06,414.2492370605469,80.83958435058594,74.91143035888672
2023-10-09,416.9013671875,81.87174224853516,76.66959381103516
2023-10-10,419.0712890625,81.7101821899414,76.56355285644531
2023-10-11,420.78790283203125,82.15892791748047,78.1626968383789
2023-10-12,418.22259521484375,81.36913299560547,76.04229736328125
2023-10-13,416.1394958496094,81.88969421386719,77.40287017822266
2023-10-16,420.5178527832031,81.40503692626953,76.15714263916016
2023-10-17,420.4985656738281,80.60623168945312,75.31784057617188
2023-10-18,414.8953857421875,80.22927856445312,74.65519714355469
2023-10-19,411.24993896484375,79.83438110351562,73.12676239013672
2023-10-20,406.1965026855469,80.30108642578125,73.54200744628906
2023-10-23,405.4924621582031,80.67804718017578,74.42549896240234
2023-10-24,408.54962158203125,80.82166290283203,75.40618896484375
2023-10-25,402.68609619140625,80.11260223388672,73.72754669189453
2023-10-26,397.86407470703125,80.72290802001953,74.8584213256836
2023-10-27,396.06060791015625,80.84856414794922,74.54035949707031
2023-10-30,400.7958068847656,80.57931518554688,74.2046127319336
2023-10-31,403.31298828125,80.40880584716797,73.84242248535156
2023-11-01,407.6142272949219,81.33492279052734,75.4434585571289
2023-11-02,415.42584228515625,81.83892059326172,77.163330078125
2023-11-03,419.2159423828125,82.46895599365234,77.68637084960938
2023-11-06,420.18035888671875,81.99192810058594,76.93284606933594
2023-11-07,421.37615966796875,82.4599380493164,78.06758117675781
2023-11-08,421.68475341796875,82.79295349121094,79.39739227294922
2023-11-09,418.3961486816406,81.97393035888672,77.57113647460938
2023-11-10,424.9250793457031,82.06391143798828,78.00553131103516
2023-11-13,424.52008056640625,82.01891326904297,77.8282470703125
2023-11-14,432.75616455078125,83.25194549560547,79.59241485595703
2023-11-15,433.6723327636719,82.60393524169922,78.47535705566406
2023-11-16,434.2027282714844,83.22496795654297,79.45056915283203
2023-11-17,434.7427978515625,83.27896881103516,79.82290649414062
2023-11-20,438.08929443359375,83.39598083496094,80.3105239868164
2023-11-21,437.1345520019531,83.50395202636719,80.2750473022461
2023-11-22,438.8221740722656,83.47696685791016,80.55875396728516
2023-11-24,439.0921936035156,83.04495239257812,79.61013793945312
2023-11-27,438.3014831542969,83.67497253417969,80.93993377685547
2023-11-28,438.7354431152344,84.04396057128906,81.09953308105469
2023-11-29,438.4267578125,84.4850082397461,82.11900329589844
2023-11-30,440.153076171875,84.07099151611328,81.17040252685547
2023-12-01,442.7569885253906,84.86421966552734,82.69922637939453
2023-12-04,440.4328308105469,84.51226043701172,82.37014770507812
2023-12-05,440.345947265625,85.10784912109375,84.13993072509766
2023-12-06,438.57147216796875,85.4598159790039,85.26048278808594
2023-12-07,441.9179382324219,85.33345794677734,84.77134704589844
2023-12-08,443.81787109375,84.78297424316406,84.07768249511719
2023-12-11,445.5440979003906,84.79200744628906,83.89978790283203
2023-12-12,447.5789489746094,84.9725112915039,84.1488037109375
2023-12-13,453.7511901855469,86.23589324951172,86.12313842773438
2023-12-14,455.2073974609375,86.95272827148438,88.36345672607422
2023-12-15,454.4578857421875,86.88031768798828,88.46157836914062
2023-12-18,457.0142822265625,86.69026947021484,87.75674438476562
2023-12-19,459.7933349609375,86.8531723022461,88.2296142578125
2023-12-20,453.4218444824219,87.27857971191406,88.82738494873047
2023-12-21,457.72119140625,87.14279174804688,88.26529693603516
2023-12-22,458.64105224609375,87.06133270263672,87.86383056640625
2023-12-26,460.57763671875,87.11566162109375,88.1136245727539
2023-12-27,461.4104309082031,87.79446411132812,89.67498779296875
2023-12-28,461.5846862792969,87.45960235595703,89.023681640625
2023-12-29,460.2484130859375,87.24235534667969,88.220703125
2024-01-02,457.6726989746094,86.91654205322266,87.71212768554688
2024-01-03,453.9350891113281,87.12471008300781,88.07794189453125
2024-01-04,452.47283935546875,86.59972381591797,86.73963928222656
2024-01-05,453.0926513671875,86.282958984375,85.90991973876953
2024-01-08,459.5609436035156,86.57258605957031,86.75749206542969
2024-01-09,458.8637390136719,86.53641510009766,86.20433807373047
2024-01-10,461.4587707519531,86.40061950683594,85.80284118652344
2024-01-11,461.2554931640625,86.86221313476562,86.28463745117188
2024-01-12,461.57501220703125,87.09754943847656,86.11509704589844
2024-01-16,459.88043212890625,86.3915786743164,84.598388671875
2024-01-17,457.3241271972656,86.11099243164062,84.46456146240234
2024-01-18,461.3910827636719,85.92092895507812,83.67940521240234
2024-01-19,467.142822265625,85.92999267578125,83.9470443725586
2024-01-22,468.1305236816406,86.19246673583984,84.44670867919922
2024-01-23,469.49578857421875,85.97521209716797,83.77754974365234
2024-01-24,470.009033203125,85.73085021972656,83.28683471679688
2024-01-25,472.5653991699219,86.10192108154297,83.83108520507812
2024-01-26,471.96502685546875,85.94808959960938,83.67048645019531
2024-01-29,475.70263671875,86.46395874023438,84.63404846191406
2024-01-30,475.33477783203125,86.58163452148438,85.40132904052734
2024-01-31,467.57855224609375,87.30570220947266,86.24002838134766
2024-02-01,473.6983642578125,87.84649658203125,87.93169403076172
2024-02-02,478.68511962890625,86.7032470703125,85.98938751220703
2024-02-05,476.94207763671875,85.85944366455078,84.25296783447266
2024-02-06,478.3268737792969,86.32218933105469,85.07643127441406
2024-02-07,482.31622314453125,86.16793823242188,84.66471099853516
2024-02-08,482.52923583984375,85.88665771484375,84.17239379882812
2024-02-09,485.31805419921875,85.73242950439453,84.00235748291016
2024-02-12,485.10498046875,85.81410217285156,84.10079956054688
2024-02-13,478.42364501953125,84.8704605102539,82.65974426269531
2024-02-14,482.7713623046875,85.18804931640625,83.08040618896484
2024-02-15,486.1023864746094,85.42394256591797,83.51005554199219
2024-02-16,483.6816101074219,85.05194091796875,83.0267105102539
2024-02-20,481.01873779296875,85.1971206665039,83.09833526611328
2024-02-21,481.4544677734375,84.9249038696289,82.50757598876953
2024-02-22,491.4184265136719,84.93399047851562,82.91036224365234
2024-02-23,491.7573547363281,85.32414245605469,84.02024841308594
2024-02-26,489.95623779296875,85.1971206665039,83.76962280273438
2024-02-27,490.86639404296875,85.00657653808594,83.17886352539062
2024-02-28,490.2176818847656,85.31507110595703,83.70696258544922
2024-02-29,491.9800109863281,85.48746490478516,84.29774475097656
2024-03-01,496.598876953125,85.87773895263672,84.8229751586914
2024-03-04,496.0662536621094,85.68669128417969,84.48178100585938
2024-03-05,491.1085205078125,86.21432495117188,85.68492889404297
2024-03-06,493.5970764160156,86.4235610961914,86.18773651123047
2024-03-07,498.49676513671875,86.5691146850586,86.1069564819336
2024-03-08,495.50469970703125,86.6328125,85.95433044433594
2024-03-11,495.07867431640625,86.52363586425781,85.9094009399414
2024-03-12,500.4043273925781,86.16883850097656,85.19110107421875
2024-03-13,499.6199951171875,85.9778060913086,84.778076171875
2024-03-14,498.63232421875,85.34097290039062,83.47613525390625
2024-03-15,495.20843505859375,85.19541931152344,83.44920349121094
2024-03-18,498.1515197753906,85.0953598022461,83.19780731201172
2024-03-19,500.91986083984375,85.34097290039062,83.43124389648438
2024-03-20,505.55303955078125,85.54113006591797,83.40430450439453
2024-03-21,507.2236633300781,85.55023193359375,83.58389282226562
2024-03-22,506.2621154785156,85.96871948242188,84.38300323486328
2024-03-25,504.8633728027344,85.74126434326172,83.96102142333984
2024-03-26,503.930908203125,85.86863708496094,84.19445037841797
2024-03-27,508.1658630371094,86.19610595703125,85.02950286865234
2024-03-28,508.0687255859375,86.11425018310547,84.95765686035156
2024-04-01,507.184814453125,85.3350601196289,83.37395477294922
2024-04-02,503.96002197265625,85.152587890625,82.91452026367188
2024-04-03,504.513671875,85.25297546386719,82.896484375
2024-04-04,498.35552978515625,85.54493713378906,83.4910659790039
2024-04-05,503.56182861328125,84.979248046875,82.32897186279297
2024-04-08,503.8434753417969,84.78764343261719,82.31996154785156
2024-04-09,504.4262390136719,85.12525177001953,83.08568572998047
2024-04-10,499.3753662109375,83.9938735961914,81.27496337890625
2024-04-11,503.14404296875,83.87525939941406,80.90560913085938
2024-04-12,496.19921875,84.22196960449219,81.33804321289062
2024-04-15,489.9826965332031,83.68367004394531,80.07682037353516
2024-04-16,489.0890808105469,83.35520935058594,79.54531860351562
2024-04-17,486.194580078125,83.8843765258789,80.42817687988281
2024-04-18,485.1941223144531,83.59243774414062,80.02276611328125
2024-04-19,480.95916748046875,83.70191192626953,80.31104278564453
2024-04-22,485.3883972167969,83.71102142333984,80.17593383789062
2024-04-23,491.1482849121094,83.82051849365234,80.20296478271484
2024-04-24,490.9151916503906,83.56504821777344,79.63542175292969
2024-04-25,489.0502014160156,83.24571228027344,79.076904296875
2024-04-26,493.6834716796875,83.47379302978516,79.49127197265625
2024-04-29,495.431884765625,83.8114242553711,80.15792846679688
2024-04-30,487.5835876464844,83.41910552978516,79.4732666015625
2024-05-01,486.0002746582031,83.74942016601562,80.05905151367188
2024-05-02,490.54608154296875,84.14289093017578,80.402587890625
2024-05-03,496.6265563964844,84.60961151123047,81.21621704101562
2024-05-06,501.75506591796875,84.68280792236328,81.5325927734375
2024-05-07,502.30877685546875,84.9024429321289,82.02978515625
2024-05-08,502.3573913574219,84.66448974609375,81.5325927734375
2024-05-09,505.2518310546875,84.92074584960938,81.93035888671875
2024-05-10,505.9027404785156,84.6462173461914,81.46931457519531
2024-05-13,505.9706115722656,84.74686431884766,81.67723083496094
2024-05-14,508.2921142578125,84.99394226074219,82.13829803466797
2024-05-15,514.5862426757812,85.63450622558594,83.25923156738281
2024-05-16,513.527587890625,85.46979522705078,83.17790985107422
2024-05-17,514.2657470703125,85.20443725585938,82.6174087524414
2024-05-20,514.8582153320312,85.0762939453125,82.37332153320312
2024-05-21,516.1210327148438,85.29593658447266,82.79820251464844
2024-05-22,514.634765625,85.18612670898438,82.89764404296875
2024-05-23,510.87579345703125,84.88414764404297,82.36428833007812
2024-05-24,514.256103515625,84.99394226074219,82.60836029052734
2024-05-28,514.6154174804688,84.51810455322266,81.42411804199219
2024-05-29,511.0118103027344,84.10630798339844,80.43876647949219
2024-05-30,507.6219787597656,84.52725982666016,81.21621704101562
2024-05-31,512.2454223632812,84.92074584960938,81.76764678955078
2024-06-03,512.6630249023438,85.47693634033203,83.09017944335938
2024-06-04,513.2362060546875,85.94503021240234,84.06080627441406
2024-06-05,519.3359985351562,86.25711822509766,84.67761993408203
2024-06-06,519.3262939453125,86.22039794921875,84.55061340332031
2024-06-07,518.6949462890625,85.31172180175781,82.99946594238281
2024-06-10,520.2976684570312,85.12818145751953,82.4461441040039
2024-06-11,521.5505981445312,85.57791137695312,83.298828125
2024-06-12,525.8341674804688,86.05518341064453,83.92469787597656
2024-06-13,526.8928833007812,86.62422180175781,85.15837860107422
2024-06-14,527.2135009765625,86.82614135742188,85.8749771118164
2024-06-17,531.4096069335938,86.42231750488281,85.02232360839844
2024-06-18,532.7595825195312,86.79861450195312,85.80240631103516
2024-06-20,531.3124389648438,86.57832336425781,85.23094940185547
2024-06-21,530.6001586914062,86.59667205810547,85.23094940185547
2024-06-24,528.8753051757812,86.67010498046875,85.57563018798828
2024-06-25,530.9119873046875,86.7435531616211,85.72077178955078
2024-06-26,531.5745849609375,86.22039794921875,84.49620056152344
2024-06-27,532.4125366210938,86.41312408447266,84.8318099975586
2024-06-28,530.3175048828125,85.95421600341797,83.25347137451172
2024-07-01,531.408935546875,85.3143539428711,81.81658935546875
2024-07-02,534.9851684570312,85.63660430908203,82.45355987548828
2024-07-03,537.3726196289062,86.2073745727539,83.53646850585938
2024-07-05,540.4712524414062,86.68612670898438,84.22805786132812
2024-07-08,541.0950317382812,86.71371459960938,84.41004943847656
2024-07-09,541.62109375,86.59404754638672,84.03694915771484
2024-07-10,546.9806518554688,86.6769027709961,84.30085754394531
2024-07-11,542.2642211914062,87.22925567626953,85.11983489990234
2024-07-12,545.6846923828125,87.41341400146484,85.48384094238281
2024-07-15,547.185302734375,87.13723754882812,84.50105285644531
2024-07-16,550.4302978515625,87.52388763427734,85.69312286376953
2024-07-17,542.7125854492188,87.59752655029297,85.71134185791016
2024-07-18,538.5419921875,87.34895324707031,85.05616760253906
2024-07-19,534.9656372070312,87.0727767944336,84.55562591552734
2024-07-22,540.481201171875,86.98992919921875,84.3099594116211
2024-07-23,539.6333618164062,87.05435943603516,84.19163513183594
2024-07-24,527.4039306640625,86.86103057861328,83.28166198730469
2024-07-25,524.6558837890625,87.05435943603516,83.96415710449219
2024-07-26,530.5319213867188,87.4686508178711,84.61932373046875
2024-07-29,530.8436889648438,87.61592864990234,85.07432556152344
2024-07-30,528.1542358398438,87.8000717163086,85.40191650390625
2024-07-31,536.7391357421875,88.44451904296875,86.27552032470703
2024-08-01,529.1383666992188,88.82219696044922,87.0196304321289
2024-08-02,519.2866821289062,90.19805908203125,89.73128509521484
2024-08-05,504.1631774902344,90.29039001464844,90.20606231689453
2024-08-06,508.81134033203125,89.48703002929688,88.18828582763672
2024-08-07,505.410400390625,89.16385650634766,87.56744384765625
2024-08-08,517.09423828125,88.89603424072266,87.02874755859375
2024-08-09,519.3743896484375,89.25619506835938,87.88700103759766
2024-08-12,519.6472778320312,89.50550842285156,88.20655822753906
2024-08-13,528.1932373046875,89.90257263183594,88.81824493408203
2024-08-14,529.8595581054688,90.0226058959961,89.37520599365234
2024-08-15,538.94140625,89.45932006835938,88.6539077758789
2024-08-16,540.1497802734375,89.634765625,88.96434783935547
2024-08-19,545.3143310546875,89.75482177734375,89.37520599365234
2024-08-20,544.4275512695312,90.11492919921875,90.08735656738281
2024-08-21,546.2985229492188,90.29959869384766,90.14214324951172
2024-08-22,542.0109252929688,89.88409423828125,89.24736785888672
2024-08-23,547.77001953125,90.29959869384766,89.83174133300781
2024-08-26,546.4642333984375,90.18879699707031,89.60345458984375
2024-08-27,547.2145385742188,90.15185546875,89.44825744628906
2024-08-28,544.037841796875,90.10572052001953,89.33867645263672
2024-08-29,544.0865478515625,89.9487075805664,89.0465316772461
2024-08-30,549.280517578125,89.634765625,88.09696960449219
2024-09-03,537.976806640625,90.22566223144531,89.53783416748047
2024-09-04,536.8756103515625,90.75357818603516,90.69197082519531
2024-09-05,535.56982421875,90.96656799316406,91.20492553710938
2024-09-06,526.5560302734375,91.09626007080078,91.19579315185547
2024-09-09,532.451416015625,91.22589874267578,91.58966064453125
2024-09-10,534.770751953125,91.61487579345703,92.2308578491211
2024-09-11,540.2569580078125,91.5500717163086,92.15754699707031
2024-09-12,544.8076171875,91.40186309814453,91.72705078125
2024-09-13,547.6531372070312,91.57783508300781,91.974365234375
2024-09-16,548.4619140625,91.81864929199219,92.81707000732422
2024-09-17,548.6859741210938,91.65192413330078,92.36822509765625
2024-09-18,547.05859375,91.2536849975586,91.22325897216797
2024-09-19,556.393798828125,91.17960357666016,90.92097473144531
2024-09-20,555.4320678710938,91.15181732177734,90.57289123535156
2024-09-23,556.820068359375,91.09626007080078,90.38055419921875
2024-09-24,558.4132690429688,91.19811248779297,90.36223602294922
2024-09-25,557.1817016601562,90.82765197753906,89.61111450195312
2024-09-26,559.3907470703125,90.76283264160156,89.82178497314453
2024-09-27,558.5794677734375,91.12401580810547,90.2889404296875
2024-09-30,560.8178100585938,90.87397766113281,89.8584213256836
2024-10-01,555.7938232421875,91.20465087890625,90.50720977783203
2024-10-02,556.0283203125,90.9445571899414,89.74449157714844
2024-10-03,555.01171875,90.48011779785156,88.89904022216797
2024-10-04,560.055419921875,89.60699462890625,87.80550384521484
2024-10-07,554.9921875,89.28191375732422,87.14386749267578
2024-10-08,560.2411499023438,89.35620880126953,87.29088592529297
2024-10-09,564.12158203125,89.02180480957031,86.79464721679688
2024-10-10,563.1343994140625,89.01253509521484,86.45465087890625
2024-10-11,566.5065307617188,89.04041290283203,86.10546112060547
2024-10-14,571.1395874023438,88.88248443603516,86.16978454589844
2024-10-15,566.7020263671875,89.33765411376953,87.21737670898438
2024-10-16,569.1652221679688,89.47695922851562,87.5849609375
2024-10-17,569.2139892578125,89.01253509521484,86.19734191894531
2024-10-18,571.403564453125,89.1147232055664,86.26166534423828
2024-10-21,570.4651489257812,88.42735290527344,84.75459289550781
2024-10-22,570.1621704101562,88.34376525878906,84.83731079101562
2024-10-23,564.952392578125,88.139404296875,84.6075668334961
2024-10-24,566.1741943359375,88.33448028564453,85.14974212646484
2024-10-25,565.9785766601562,88.139404296875,84.6718978881836
2024-10-28,567.7283325195312,87.93505096435547,84.442138671875
2024-10-29,568.6471557617188,87.97221374511719,84.57080078125
2024-10-30,566.9268798828125,87.84217834472656,84.81891632080078
2024-10-31,555.8134155273438,87.79572296142578,84.95675659179688
2024-11-01,558.1591796875,87.27582550048828,83.75899505615234
2024-11-04,556.9568481445312,87.74168395996094,85.0591049194336
2024-11-05,563.6915283203125,87.78826141357422,85.51091766357422
2024-11-06,577.7079467773438,86.88450622558594,83.16890716552734
2024-11-07,582.1749267578125,87.58329010009766,84.21082305908203
2024-11-08,584.6968383789062,87.7696533203125,85.28041076660156
2024-11-11,585.2539672851562,87.52739715576172,84.86547088623047
2024-11-12,583.4359130859375,86.97765350341797,83.59305572509766
2024-11-13,583.7193603515625,86.92176055908203,82.80009460449219
2024-11-14,579.9658813476562,86.9124526977539,83.2795639038086
2024-11-15,572.5372924804688,86.94970703125,83.05825805664062
2024-11-18,574.8832397460938,87.1453628540039,83.20578002929688
2024-11-19,576.9847412109375,87.33171081542969,83.62993621826172
2024-11-20,577.1802978515625,87.20126342773438,83.362548828125
2024-11-21,580.2787475585938,87.1546859741211,83.2979965209961
2024-11-22,582.0772094726562,87.21060180664062,83.3440933227539
2024-11-25,584.0516357421875,88.15165710449219,85.50167846679688
2024-11-26,587.1012573242188,87.9653091430664,85.16976928710938
2024-11-27,585.322265625,88.31935119628906,85.7598648071289
2024-11-29,588.9583740234375,88.69206237792969,86.64503479003906
2024-12-02,590.0139770507812,88.68457794189453,86.85321044921875
2024-12-03,590.2876586914062,88.4322509765625,86.10376739501953
2024-12-04,593.9530029296875,88.76869201660156,87.02899169921875
2024-12-05,592.9757080078125,88.75935363769531,87.20481872558594
2024-12-06,594.0996704101562,89.03974151611328,87.33433532714844
2024-12-09,591.0403442382812,88.73131561279297,86.52938079833984
2024-12-10,589.2027587890625,88.57242584228516,86.12226867675781
2024-12-11,593.7576904296875,88.31073760986328,85.30805206298828
2024-12-12,590.6981811523438,87.97427368164062,84.27177429199219
2024-12-13,590.5809936523438,87.56304168701172,83.41128540039062
2024-12-16,593.1027221679688,87.59109497070312,83.66110229492188
2024-12-17,590.6591186523438,87.59109497070312,83.86466217041016
2024-12-18,573.055419921875,86.91407775878906,82.81599426269531
2024-12-19,572.8795166015625,86.52025604248047,81.56205749511719
2024-12-20,579.7603149414062,86.83906555175781,82.0264663696289
2024-12-23,583.2321166992188,86.4546127319336,81.27410125732422
2024-12-24,589.7147216796875,86.50150299072266,81.61779022216797
2024-12-26,589.75390625,86.56713104248047,81.57131958007812
2024-12-27,583.5459594726562,86.34212493896484,80.90257263183594
2024-12-30,576.8867797851562,86.84844970703125,81.55277252197266
2024-12-31,574.7879638671875,86.68904113769531,81.11620330810547
2025-01-02,573.375732421875,86.73592376708984,81.33912658691406
2025-01-03,580.5448608398438,86.59526824951172,81.07904815673828
2025-01-06,583.88916015625,86.5108871459961,80.71678924560547
2025-01-07,577.288818359375,86.11705017089844,79.8065185546875
2025-01-08,578.1322631835938,86.26708221435547,79.90869140625
2025-01-10,569.3056640625,85.63883972167969,79.37926483154297
2025-01-13,570.1883544921875,85.48880767822266,79.35138702392578
2025-01-14,570.9729614257812,85.51692962646484,79.22135925292969
2025-01-15,581.3590087890625,86.41712951660156,80.58675384521484
2025-01-16,580.2408447265625,86.62339782714844,80.8468246459961
2025-01-17,586.06640625,86.68904113769531,80.98616790771484
2025-01-21,591.4310302734375,86.97972869873047,81.7106704711914
2025-01-22,594.7557373046875,86.7546615600586,81.28339385986328
2025-01-23,598.0018310546875,86.52963256835938,80.65177154541016
2025-01-24,596.2561645507812,86.70780181884766,81.0140151977539
2025-01-27,587.8218994140625,87.2704086303711,81.97075653076172
2025-01-28,592.8727416992188,87.27977752685547,81.91500854492188
2025-01-29,590.2149047851562,87.1766357421875,81.74781036376953
2025-01-30,593.382568359375,87.36418151855469,82.05432891845703
2025-01-31,590.2247314453125,87.2235336303711,81.51560974121094
2025-02-03,586.252685546875,87.28560638427734,82.17930603027344
2025-02-04,590.1854248046875,87.50196838378906,82.43099212646484
2025-02-05,592.578369140625,88.00993347167969,83.79194641113281
2025-02-06,594.637939453125,87.90647888183594,83.7546615600586
2025-02-07,589.1949462890625,87.6148452758789,83.2139892578125
2025-02-10,593.1962280273438,87.59603118896484,82.96231842041016
2025-02-11,593.6474609375,87.3702621459961,82.43099212646484
2025-02-12,591.7349853515625,86.76823425292969,81.31238555908203
2025-02-13,597.9822387695312,87.41728210449219,82.66401672363281
2025-02-14,597.952880859375,87.7841567993164,83.10213470458984
2025-02-18,599.7083129882812,87.31382751464844,82.12335205078125
2025-02-19,601.1206665039062,87.45492553710938,82.22590637207031
2025-02-20,598.6198120117188,87.63365936279297,82.53352355957031
2025-02-21,588.3809814453125,88.15103149414062,83.53093719482422
2025-02-24,585.7035522460938,88.33917999267578,83.77330780029297
2025-02-25,582.790771484375,89.03528594970703,85.21815490722656
2025-02-26,583.0848999023438,89.27985382080078,85.72151947021484
2025-02-27,573.77783203125,89.17637634277344,85.11560821533203
2025-02-28,582.73193359375,89.66551971435547,86.15963745117188
2025-03-03,572.5225219726562,89.99098205566406,86.56172943115234
2025-03-04,565.7455444335938,89.70796966552734,85.49571990966797
2025-03-05,571.8260498046875,89.20797729492188,84.81310272216797
2025-03-06,561.675537109375,89.16082000732422,84.5325698852539
2025-03-07,564.8236694335938,89.04759216308594,84.26139068603516
2025-03-10,549.7792358398438,89.67022705078125,85.14037322998047
2025-03-11,545.2090454101562,89.34947967529297,84.5325698852539
2025-03-12,548.1022338867188,89.08531951904297,84.02761840820312
2025-03-13,540.7957763671875,89.44383239746094,84.76636505126953
2025-03-14,551.9662475585938,89.13250732421875,84.31752014160156
2025-03-17,556.2227172851562,89.20797729492188,84.73828887939453
2025-03-18,550.2108154296875,89.31175994873047,84.82245635986328
2025-03-19,556.2030639648438,89.58535766601562,85.2619400024414
2025-03-20,554.5946655273438,89.71742248535156,85.31805419921875
2025-03-21,554.7776489257812,89.64192962646484,84.81310272216797
2025-03-24,564.712890625,89.1230697631836,83.9434585571289
2025-03-25,566.0704345703125,89.27401733398438,83.93411254882812
2025-03-26,559.3125,89.06647491455078,83.38239288330078
2025-03-27,557.8270874023438,88.99099731445312,83.13927459716797
2025-03-28,546.5933837890625,89.70796966552734,84.28946685791016
2025-03-31,550.2625732421875,89.97215270996094,85.12168884277344
2025-04-01,551.8167114257812,90.28822326660156,85.85929107666016
2025-04-02,555.3087768554688,90.20306396484375,85.8030014038086
2025-04-03,527.9428100585938,91.13055419921875,86.19715118408203
2025-04-04,497.0354309082031,91.38609313964844,87.1356201171875
2025-04-07,496.1501159667969,90.2977066040039,84.5079345703125
2025-04-08,488.3790588378906,89.84342193603516,82.91255950927734
2025-04-09,539.6683349609375,89.55950164794922,83.40054321289062
2025-04-10,516.0206298828125,89.00111389160156,81.10133361816406
2025-04-11,525.2278442382812,88.49952697753906,81.54240417480469
2025-04-14,530.3233032226562,89.2093276977539,82.124267578125
2025-04-15,528.837890625,89.47431945800781,82.41516876220703
2025-04-16,517.0829467773438,89.86235046386719,82.87501525878906
2025-04-17,517.8206176757812,89.6068115234375,82.14302825927734
2025-04-21,505.4951171875,89.1241455078125,80.7071762084961
2025-04-22,518.64697265625,89.19039916992188,81.15763854980469
2025-04-23,526.68359375,89.2850341796875,81.94593811035156
2025-04-24,537.769775390625,89.76771545410156,82.80931091308594
2025-04-25,541.6553344726562,90.10841369628906,83.41932678222656
2025-04-28,541.8618774414062,90.46805572509766,83.94486236572266
2025-04-29,545.2752685546875,90.78038787841797,84.6487045288086
2025-04-30,545.49169921875,90.92236328125,83.963623046875
2025-05-01,549.3576049804688,90.5263900756836,83.53789520263672
2025-05-02,557.5123291015625,89.91870880126953,82.6336441040039
2025-05-05,554.3153076171875,89.75727844238281,82.172119140625
2025-05-06,549.68212890625,89.98518371582031,82.44527435302734
2025-05-07,551.9938354492188,90.2225341796875,82.79378509521484
2025-05-08,555.8400268554688,89.51991271972656,81.8707046508789
2025-05-09,555.1318969726562,89.58637237548828,81.99314880371094
2025-05-12,573.4774780273438,89.01667022705078,81.23020935058594
2025-05-13,577.2646484375,88.95020294189453,80.90055084228516
2025-05-14,578.00244140625,88.61786651611328,80.36365509033203
2025-05-15,580.8255615234375,89.19709777832031,81.07008361816406
2025-05-16,584.5045776367188,89.22557830810547,81.28672790527344
2025-05-19,585.1439208984375,89.1780776977539,81.05126953125
2025-05-20,583.1765747070312,89.06416320800781,80.4672622680664
2025-05-21,573.3495483398438,88.44696807861328,79.09207916259766
2025-05-22,573.5758056640625,88.77928924560547,79.50651550292969
2025-05-23,569.6607055664062,89.03565979003906,79.63837432861328
2025-05-27,581.5044555664062,89.4059829711914,80.74983215332031
2025-05-28,578.1400756835938,89.15910339355469,80.40132904052734
2025-05-29,580.4223022460938,89.52940368652344,81.14543151855469
2025-05-30,579.7730712890625,89.79528045654297,81.26786804199219
2025-06-02,583.038818359375,89.49042510986328,80.51155090332031
2025-06-03,586.3637084960938,89.4046859741211,80.3697280883789
2025-06-04,586.2062377929688,90.06201934814453,81.67440795898438
2025-06-05,583.373291015625,89.79528045654297,81.73113250732422
2025-06-06,589.3639526367188,89.08080291748047,80.6911849975586
2025-06-09,589.8951416015625,89.24273681640625,80.77627563476562
2025-06-10,593.2396850585938,89.39515686035156,81.19224548339844
2025-06-11,591.5477294921875,89.7667007446289,81.43804931640625
2025-06-12,593.8987426757812,90.15726470947266,82.4118423461914
2025-06-13,587.2588500976562,89.8238525390625,81.61767578125
2025-06-16,592.8461303710938,89.56664276123047,80.79518127441406
2025-06-17,587.7801513671875,90.00484466552734,81.77839660644531
2025-06-18,587.691650390625,90.06201934814453,81.92021179199219
2025-06-20,586.3114624023438,90.11915588378906,81.76895141601562
2025-06-23,592.1027221679688,90.43354034423828,82.0336685180664
2025-06-24,598.643798828125,90.74791717529297,82.62928771972656
2025-06-25,598.9793090820312,90.7860107421875,82.7332763671875
2025-06-26,603.6655883789062,91.10990905761719,83.14924621582031
2025-06-27,606.6648559570312,90.87174224853516,82.61980438232422
2025-06-30,609.5654296875,91.23373413085938,83.4328842163086
2025-07-01,609.3681030273438,91.06459045410156,83.63973999023438
2025-07-02,612.1305541992188,90.87345886230469,83.10835266113281
2025-07-03,616.9549560546875,90.55811309814453,82.52948760986328
2025-07-07,612.357421875,90.27140045166016,81.74185943603516
2025-07-08,612.0220336914062,90.13760375976562,81.63749694824219
2025-07-09,615.692138671875,90.60588073730469,82.49152374267578
2025-07-10,617.4285278320312,90.55811309814453,82.5484619140625
2025-07-11,615.2579345703125,90.13760375976562,81.40974426269531
2025-07-14,616.4320068359375,90.09938049316406,81.23892974853516
2025-07-15,613.7978515625,89.74578857421875,80.66956329345703
2025-07-16,615.8499145507812,89.9942626953125,80.7834243774414
2025-07-17,619.6187133789062,89.96558380126953,80.76445007324219
2025-07-18,619.1649169921875,90.21407318115234,80.88780212402344
2025-07-21,620.3389892578125,90.52942657470703,81.6090087890625
2025-07-22,620.4277954101562,90.7874526977539,82.10244750976562
2025-07-23,625.7060546875,90.4625473022461,81.64698791503906
2025-07-24,625.9132080078125,90.32872772216797,81.50463104248047
2025-07-25,628.5572509765625,90.53898620605469,82.01705169677734
2025-07-28,628.3994140625,90.33828735351562,81.48565673828125
2025-07-29,626.741943359375,90.93080139160156,82.86161804199219
2025-07-30,625.95263671875,90.61544036865234,82.4345932006836
2025-07-31,623.6046142578125,90.69187927246094,82.48204040527344
2025-08-01,613.3834838867188,91.73600006103516,83.65465545654297
2025-08-04,622.7067260742188,91.86064147949219,83.88326263427734
2025-08-05,619.5496826171875,91.79351043701172,84.14046478271484
2025-08-06,624.2952270507812,91.72640991210938,83.65465545654297
2025-08-07,623.7722778320312,91.65930938720703,83.51175689697266
2025-08-08,628.6361694335938,91.44837188720703,83.14979553222656
2025-08-11,627.3931274414062,91.47713470458984,83.24504089355469
2025-08-12,634.0723876953125,91.45794677734375,82.82591247558594
2025-08-13,636.242919921875,91.783935546875,83.51175689697266
2025-08-14,636.302001953125,91.48672485351562,82.89259338378906
2025-08-15,634.812255859375,91.30455780029297,82.30201721191406
2025-08-18,634.674072265625,91.21824645996094,82.06385803222656
2025-08-19,631.23095703125,91.44837188720703,82.54015350341797
2025-08-20,629.5537109375,91.58258056640625,82.72112274169922
2025-08-21,627.028076171875,91.31414031982422,82.31153869628906
2025-08-22,636.6572265625,91.82227325439453,82.92117309570312
2025-08-25,633.855224609375,91.6401138305664,82.68303680419922
2025-08-26,636.5092163085938,91.87981414794922,82.63539123535156
2025-08-27,637.9595336914062,92.05239868164062,82.54015350341797
2025-08-28,640.21875,92.26332092285156,83.08312225341797
2025-08-29,636.400634765625,92.18661499023438,82.49251556396484
2025-09-02,631.6847534179688,91.91152954101562,81.87863159179688
2025-09-03,635.1082763671875,92.22895812988281,82.77745819091797
2025-09-04,640.416015625,92.64257049560547,83.40856170654297
2025-09-05,638.5612182617188,93.09468078613281,84.68028259277344
2025-09-08,640.1299438476562,93.38325500488281,85.80857849121094
2025-09-09,641.6099243164062,93.16201782226562,85.32093811035156
2025-09-10,643.4646606445312,93.41211700439453,85.80857849121094
2025-09-11,648.81201171875,93.55638885498047,86.38230895996094
2025-09-12,648.5949096679688,93.28707122802734,86.00939178466797
2025-09-15,652.0480346679688,93.44095611572266,86.21019744873047
2025-09-16,651.150146484375,93.49868774414062,86.39187622070312
2025-09-17,650.3412475585938,93.29668426513672,86.17193603515625
2025-09-18,653.3798828125,92.9888687133789,85.28268432617188
2025-09-19,656.6160278320312,92.95039367675781,85.12013244628906
2025-09-22,659.7224731445312,92.79649353027344,84.81414031982422
2025-09-23,656.1312866210938,93.05619812011719,85.40699768066406
2025-09-24,654.043701171875,92.80610656738281,85.08190155029297
2025-09-25,651.0263061523438,92.60408782958984,85.08190155029297
2025-09-26,654.7560424804688,92.5560073852539,85.00538635253906
2025-09-29,656.5962524414062,92.82534790039062,85.70340728759766
2025-09-30,659.0695190429688,92.78684997558594,85.45479583740234
2025-10-01,661.3153686523438,93.09947967529297,85.67548370361328
2025-10-02,662.0770263671875,93.19596099853516,85.92498016357422
2025-10-03,662.0672607421875,93.01264953613281,85.7618408203125
2025-10-06,664.4415283203125,92.74249267578125,85.0805892944336
2025-10-07,661.9781494140625,92.97404479980469,85.56993103027344
2025-10-08,665.925537109375,92.99333953857422,85.63709259033203
2025-10-09,663.996337890625,92.9258041381836,85.56993103027344
2025-10-10,646.0499877929688,93.5047378540039,86.95165252685547
2025-10-13,655.9630126953125,93.552978515625,86.90367889404297
2025-10-14,655.1616821289062,93.79419708251953,87.18193054199219
2025-10-15,658.0703125,93.68804168701172,86.99003601074219
2025-10-16,653.588623046875,94.12223815917969,87.64250946044922
2025-10-17,657.2986450195312,93.96785736083984,87.50816345214844
2025-10-20,664.1348876953125,94.0932846069336,87.84400939941406
2025-10-21,664.1249389648438,94.26696014404297,88.27578735351562
2025-10-22,660.6722412109375,94.28626251220703,88.33335876464844
2025-10-23,664.5899658203125,93.97750854492188,87.72886657714844
2025-10-24,670.0213623046875,94.06434631347656,87.76724243164062
2025-10-27,677.9261474609375,94.06434631347656,88.064697265625
2025-10-28,679.7266235351562,94.15117645263672,88.29497528076172
2025-10-29,680.0531616210938,93.54331970214844,87.4026107788086
2025-10-30,672.5738525390625,93.40823364257812,86.89408874511719
2025-10-31,674.780029296875,93.44683074951172,86.63501739501953
2025-11-03,676.0463256835938,93.40231323242188,86.4183349609375
2025-11-04,668.0327758789062,93.51846313476562,86.61094665527344
2025-11-05,670.3478393554688,93.07322692871094,85.66720581054688
2025-11-06,663.1554565429688,93.54749298095703,86.4375991821289
2025-11-07,663.808349609375,93.5862045288086,86.25463104248047
2025-11-10,674.1666259765625,93.46038055419922,86.23538970947266
2025-11-11,675.7100219726562,93.75076293945312,86.63019561767578
2025-11-12,676.0859985351562,93.77008819580078,86.78426361083984
2025-11-13,664.8670043945312,93.49910736083984,86.0716781616211
2025-11-14,664.758056640625,93.34423065185547,85.5805435180664
2025-11-17,658.56494140625,93.45072174072266,85.79239654541016
2025-11-18,653.0346069335938,93.60556030273438,85.76351165771484
2025-11-19,655.5574340820312,93.53781127929688,85.59017181396484
2025-11-20,645.5652465820312,93.76043701171875,85.9272232055664
2025-11-21,651.995849609375,94.07015228271484,86.18721008300781
2025-11-24,661.59228515625,94.21534729003906,86.67833709716797
2025-11-25,667.8152465820312,94.45732116699219,86.89984130859375
2025-11-26,672.4254760742188,94.53475189208984,87.28501892089844
2025-11-28,676.0958251953125,94.37019348144531,86.87094116210938
2025-12-01,673.0091552734375,93.86345672607422,85.78950500488281
2025-12-02,674.2556762695312,93.9411392211914,85.82817077636719
2025-12-03,676.5905151367188,94.13529205322266,86.06977081298828
2025-12-04,677.0851440429688,93.84404754638672,85.60588836669922
2025-12-05,678.3712768554688,93.64989471435547,85.20964813232422
2025-12-08,676.333251953125,93.45574951171875,84.92938995361328
2025-12-09,675.7495727539062,93.31983184814453,85.0163803100586
2025-12-10,680.2312622070312,93.62077331542969,85.34496307373047
2025-12-11,681.8141479492188,93.63047790527344,85.22898864746094
2025-12-12,674.4832763671875,93.37808227539062,84.40752410888672
2025-12-15,673.4642333984375,93.45574951171875,84.46551513671875
2025-12-16,671.6240844726562,93.71784210205078,84.92938995361328
2025-12-17,664.2338256835938,93.69844055175781,84.85208129882812
2025-12-18,669.2496948242188,93.9411392211914,85.2579574584961
2025-12-19,675.3153686523438,93.72978973388672,84.93975067138672
2025-12-22,679.5225219726562,93.63240051269531,84.75542449951172
2025-12-23,682.628173828125,93.59342956542969,84.8912353515625
2025-12-24,685.0294799804688,93.83692169189453,85.40544128417969
2025-12-26,684.9600219726562,93.92457580566406,85.12409210205078
2025-12-29,682.51904296875,94.06090545654297,85.44424438476562
2025-12-30,681.6856079101562,93.96353149414062,85.24051666259766
2025-12-31,676.635009765625,93.6518783569336,84.5613784790039
2026-01-02,677.8753051757812,93.57395935058594,84.43525695800781
2026-01-05,682.3900146484375,93.85639190673828,84.8524398803711
2026-01-06,686.4483642578125,93.78821563720703,84.67779541015625
2026-01-07,684.2356567382812,93.96353149414062,85.172607421875
2026-01-08,684.1661987304688,93.68109130859375,84.74571990966797
2026-01-09,688.6908569335938,93.78821563720703,85.30843353271484
2026-01-12,689.7723999023438,93.67135620117188,85.05616760253906
2026-01-13,688.3931884765625,93.78821563720703,85.20170593261719
2026-01-14,685.0096435546875,93.98299407958984,85.69649505615234
2026-01-15,686.8750610351562,93.78821563720703,85.6771011352539
2026-01-16,686.2994995117188,93.42787170410156,85.18231201171875
2026-01-20,672.32861328125,93.05778503417969,84.06658172607422
2026-01-21,680.0880737304688,93.30126190185547,84.70690155029297
2026-01-22,683.6403198242188,93.29151916503906,85.0755844116211
2026-01-23,683.8883056640625,93.44734191894531,85.30843353271484
2026-01-26,687.3612060546875,93.58369445800781,85.71590423583984
2026-01-27,690.0997924804688,93.47657775878906,85.18231201171875
2026-01-28,690.0303344726562,93.3986587524414,84.9882583618164
2026-01-29,688.6610717773438,93.49604034423828,85.0076675415039
2026-01-30,686.6071166992188,93.43761444091797,84.53227996826172
2026-02-02,690.0205078125,93.25391387939453,84.29076385498047
2026-02-03,684.18603515625,93.34185791015625,84.49526977539062
2026-02-04,680.8719482421875,93.32231903076172,84.281005859375
2026-02-05,672.3683471679688,93.86947631835938,85.19647216796875
2026-02-06,685.267578125,93.86947631835938,85.2549057006836
2026-02-09,688.5718383789062,93.88902282714844,85.23544311523438
2026-02-10,686.7559204101562,94.2994155883789,86.21907043457031
2026-02-11,686.5972290039062,94.03559875488281,85.76133728027344
2026-02-12,675.9901123046875,94.61207580566406,86.90080261230469
2026-02-13,676.46630859375,94.98336791992188,87.37801361083984
2026-02-17,677.5578002929688,94.97360229492188,87.52409362792969
2026-02-18,680.9711303710938,94.7781753540039,87.1929702758789
2026-02-19,679.1751098632812,94.86612701416016,87.28062438964844
2026-02-20,684.0868530273438,94.86612701416016,87.07610321044922
2026-02-23,677.1013793945312,95.20811462402344,87.39747619628906
2026-02-24,682.0228881835938,95.18856048583984,87.55330657958984
2026-02-25,687.7780151367188,95.11038970947266,87.56304931640625
2026-02-26,683.957763671875,95.36444854736328,87.91364288330078
2026-02-27,680.6734619140625,95.7455062866211,88.44928741455078
2026-03-02,681.0604858398438,95.1702880859375,87.56108093261719
2026-03-03,675.057373046875,95.0625,87.38519287109375
2026-03-04,679.8201293945312,94.86650085449219,87.11160278320312
2026-03-05,676.02978515625,94.57254028320312,86.75981903076172
2026-03-06,667.1689453125,94.51373291015625,86.43737030029297
2026-03-09,673.0133666992188,94.80770874023438,87.18976593017578
2026-03-10,671.9317626953125,94.50393676757812,86.261474609375
2026-03-11,671.08837890625,94.0727767944336,85.14754486083984
2026-03-12,660.89794921875,93.76900482177734,84.9814453125
2026-03-13,657.1571655273438,93.67100524902344,84.56126403808594
2026-03-16,663.844970703125,94.09236907958984,85.21595001220703
2026-03-17,665.5912475585938,94.25896453857422,85.45045471191406
2026-03-18,656.3037719726562,93.82779693603516,84.9716796875
2026-03-19,654.6864624023438,93.8179931640625,85.48954772949219
2026-03-20,645.301025390625,92.97525787353516,83.86750793457031
2026-03-23,652.07666015625,93.26923370361328,84.41470336914062
2026-03-24,649.8877563476562,92.9556655883789,84.04339599609375
2026-03-25,653.5093994140625,93.44562530517578,84.85440826416016
2026-03-26,641.8385620117188,92.69107818603516,84.14111328125
2026-03-27,630.8939819335938,92.70088195800781,83.68184661865234
2026-03-30,628.78466796875,93.35742950439453,84.79578399658203
2026-03-31,647.0620727539062,93.5240249633789,84.70783996582031
2026-04-01,651.9373779296875,93.44242095947266,84.62445831298828
2026-04-02,652.5244140625,93.65870666503906,85.1444091796875
2026-04-06,655.6088256835938,93.41292572021484,85.0070571899414
2026-04-07,655.8972778320312,93.64888000488281,84.99724578857422
2026-04-08,672.6027221679688,93.85536193847656,85.27193450927734
2026-04-09,676.4829711914062,93.82586669921875,85.05609893798828
2026-04-10,676.0353393554688,93.66854858398438,84.8500747680664
2026-04-13,682.641845703125,93.87501525878906,85.10516357421875
2026-04-14,690.959716796875,94.1798095703125,85.55643463134766
2026-04-15,696.412109375,93.97333526611328,85.18363952636719
2026-04-16,698.1234130859375,93.80619812011719,84.64407348632812
2026-04-17,706.5607299804688,94.31745147705078,85.41909790039062
2026-04-20,705.1477661132812,94.22896575927734,85.39946746826172
2026-04-21,700.53125,93.8160171508789,84.92858123779297
2026-04-22,707.6253051757812,93.91433715820312,85.09534454345703
2026-04-23,704.8792114257812,93.7668685913086,84.9089584350586
2026-04-24,710.341552734375,93.95366668701172,85.06591796875
2026-04-27,711.5653076171875,93.73736572265625,84.64407348632812
2026-04-28,708.1028442382812,93.64888000488281,84.73236846923828
2026-04-29,707.993408203125,93.2064437866211,84.07506561279297
2026-04-30,715.0377197265625,93.38343048095703,83.99658966064453
2026-05-01,717.0177001953125,93.4544448852539,84.29691314697266
2026-05-04,714.3909912109375,93.10919952392578,83.65687561035156
2026-05-05,720.1220092773438,93.2472915649414,84.11966705322266
2026-05-06,730.1312866210938,93.71092224121094,84.75970458984375
2026-05-07,727.8926391601562,93.42485809326172,84.33629608154297
2026-05-08,733.9021606445312,93.67145538330078,84.75970458984375
2026-05-11,735.5736694335938,93.35580444335938,84.24767303466797
2026-05-12,734.4593505859375,93.04015350341797,83.68641662597656
2026-05-13,738.5685424804688,93.04015350341797,83.49933624267578
2026-05-14,744.3989868164062,92.98095703125,83.61749267578125
2026-05-15,735.4443969726562,92.24114227294922,82.37682342529297
2026-05-18,734.927001953125,92.20167541503906,82.27835083007812
2026-05-19,730.0317993164062,91.84656524658203,81.74662780761719
2026-05-20,737.5138549804688,92.468017578125,82.62299346923828
2026-05-21,738.9764404296875,92.52720642089844,82.92822265625
2026-05-22,741.8817749023438,92.60611724853516,83.38117218017578
2026-05-26,746.8068237304688,93.00068664550781,83.79473114013672
2026-05-27,746.677490234375,93.04015350341797,83.99166107177734
2026-05-28,750.7965698242188,93.25715637207031,84.42491912841797
2026-05-29,752.6671142578125,93.36566925048828,84.44461059570312
2026-06-01,754.7167358398438,93.20433807373047,84.49008178710938
2026-06-02,755.7415771484375,93.27361297607422,84.66802215576172
2026-06-03,750.4384155273438,93.03607940673828,84.33191680908203
2026-06-04,753.2740478515625,93.15485382080078,84.51973724365234
2026-06-05,733.83251953125,92.65998840332031,84.08477783203125
2026-06-08,735.4940795898438,92.56100463867188,83.64983367919922
2026-06-09,733.3350219726562,92.8183364868164,84.14409637451172
2026-06-10,721.7736206054688,92.72926330566406,83.90684509277344
2026-06-11,734.04150390625,93.37258911132812,84.99423217773438
2026-06-12,738.0113525390625,93.2142333984375,84.7866439819336
2026-06-15,751.0254516601562,93.3132095336914,84.73721313476562
2026-06-16,746.5481567382812,93.55075073242188,85.20182800292969
2026-06-17,737.225341796875,93.05587005615234,85.3402328491211
2026-06-18,744.8902587890625,93.39239501953125,85.75540924072266
2026-06-22,742.546142578125,93.03607940673828,85.10296630859375
2026-06-23,731.7628784179688,93.15485382080078,85.21170806884766
2026-06-24,731.4237060546875,93.75859832763672,86.378173828125
2026-06-25,732.4810791015625,93.81798553466797,86.34852600097656
2026-06-26,727.1842651367188,94.0555191040039,86.35841369628906
2026-06-29,739.1644897460938,94.085205078125,86.44738006591797
2026-06-30,744.9202270507812,93.6002426147461,85.42918395996094
2026-07-01,743.9127197265625,93.37284088134766,84.85173797607422
2026-07-02,742.9351806640625,93.46221160888672,84.8418197631836
2026-07-06,749.4190673828125,93.52178955078125,84.78227996826172
2026-07-07,745.85791015625,93.04513549804688,83.88932037353516
2026-07-08,743.5536499023438,92.85647583007812,83.7008056640625
2026-07-09,749.8480224609375,93.0550765991211,83.82978057861328
2026-07-10,753.0799560546875,92.97563171386719,83.80994415283203
2026-07-13,747.3142700195312,92.63800811767578,83.31385040283203
2026-07-14,749.9677124023438,92.89619445800781,83.4229965209961
2026-07-15,752.9403076171875,93.12458801269531,83.58174133300781
2026-07-16,748.8604125976562,93.06500244140625,83.55197143554688
2026-07-17,741.4487915039062,93.18416595458984,83.85954284667969
2026-07-20,740.2518310546875,92.88626861572266,83.2344741821289
2026-07-21,746.426513671875,92.65786743164062,83.00627899169922
2026-07-22,745.55859375,92.44933319091797,82.7879867553711
2026-07-23,736.3515014648438,92.20108032226562,82.52009582519531
2026-07-24,737.099609375,92.37982940673828,82.59947204589844
2026-07-27,737.25927734375,92.62808227539062,83.09556579589844
2026-07-28,739.0248413085938,92.90612030029297,83.58174133300781
2026-07-29,727.6531372070312,92.51884460449219,82.20259857177734
2026-07-30,739.852783203125,92.55856323242188,82.15299224853516
2026-07-31,745.1796264648438,92.30037689208984,81.60728454589844
2026-08-03,755.793212890625,92.48770904541016,81.87625885009766
2026-08-04,769.4193725585938,92.91617584228516,82.50385284423828
2026-08-05,767.8831787109375,92.9759521484375,82.68316650390625
2026-08-06,766.65625,92.61724090576172,82.20499420166016
2026-08-07,771.3446044921875,92.83645629882812,82.44408416748047
2026-08-10,771.1151733398438,92.42793273925781,81.74674987792969
2026-08-11,768.6513061523438,92.53753662109375,81.87625885009766
2026-08-12,770.5764770507812,92.62721252441406,81.79656219482422
2026-08-13,775.9531860351562,92.96599578857422,82.27472686767578
2026-08-14,774.4169921875,92.70692443847656,81.7268295288086
2026-08-17,770.7560424804688,92.50763702392578,81.03946685791016
2026-08-18,765.5490112304688,92.59732055664062,81.3482894897461
2026-08-19,767.1549682617188,93.04570770263672,82.70308685302734
2026-08-20,760.7109985351562,92.66706848144531,82.02568054199219
2026-08-21,763.8232421875,92.48770904541016,81.7367935180664
2026-08-24,761.5787963867188,92.67703247070312,82.24484252929688
2026-08-25,764.0127563476562,93.17524719238281,83.15137481689453
2026-08-26,764.182373046875,92.98592376708984,82.98202514648438
2026-08-27,769.18994140625,92.89624786376953,82.81266784667969
2026-08-28,767.4442749023438,92.5176010131836,82.5636215209961
2026-08-31,765.1499633789062,92.40799713134766,82.20499420166016
2026-09-01,759.89306640625,92.0999984741211,81.87000274658203
2026-09-02,763.2646484375,92.18000030517578,81.94999694824219
2026-09-03,771.2548217773438,92.27999877929688,82.06999969482422
2026-09-04,768.2822265625,92.25,82.20999908447266
2026-09-08,764.0626831054688,92.16000366210938,82.19999694824219
2026-09-09,760.5115356445312,91.9000015258789,81.7300033569336
2026-09-10,755.9528198242188,91.18000030517578,80.77999877929688
2026-09-11,762.3967895507812,91.01000213623047,80.87000274658203
2026-09-14,758.9952392578125,90.93000030517578,80.93000030517578
2026-09-15,755.513916015625,90.81999969482422,80.70999908447266
2026-09-16,752.1821899414062,90.7300033569336,80.87999725341797
2026-09-17,760.7109985351562,91.25,81.77999877929688
2026-09-18,761.6900024414062,90.80000305175781,81.25
2026-09-21,773.5,91.1500015258789,81.80000305175781
2026-09-22,773.3800048828125,91.16000366210938,81.75
2026-09-23,767.8099975585938,90.19000244140625,80.45999908447266
2026-09-24,767.1799926757812,89.69000244140625,79.41999816894531
